-- phpMyAdmin SQL Dump
-- version 5.0.2
-- https://www.phpmyadmin.net/
--
-- Хост: localhost
-- Время создания: Май 04 2020 г., 12:42
-- Версия сервера: 5.7.29-0ubuntu0.18.04.1
-- Версия PHP: 7.4.5

SET SQL_MODE = "NO_AUTO_VALUE_ON_ZERO";
START TRANSACTION;
SET time_zone = "+00:00";


/*!40101 SET @OLD_CHARACTER_SET_CLIENT=@@CHARACTER_SET_CLIENT */;
/*!40101 SET @OLD_CHARACTER_SET_RESULTS=@@CHARACTER_SET_RESULTS */;
/*!40101 SET @OLD_COLLATION_CONNECTION=@@COLLATION_CONNECTION */;
/*!40101 SET NAMES utf8mb4 */;

--
-- База данных: `restomama`
--

--
-- Дамп данных таблицы `articles`
--

INSERT INTO `articles` (`id`, `uri`, `isTopMenu`, `isFooter_1`, `isFooter_2`, `isBlog`, `status`, `sorting`, `type`, `created_at`, `updated_at`) VALUES
(5, 'about', 1, 1, 1, 0, 1, 0, 'article', '2019-12-19 04:01:52', '2019-12-19 04:21:51'),
(9, '1577007010', 0, 0, 0, 0, 1, 0, 'question', '2019-12-22 09:30:10', '2019-12-22 09:30:10');

--
-- Дамп данных таблицы `articles_langs`
--

INSERT INTO `articles_langs` (`id`, `lang`, `title`, `seo_title`, `seo_description`, `content`, `articles_id`, `created_at`, `updated_at`) VALUES
(5, 'ru', 'О компании', 'О компании', 'о компании', '<!DOCTYPE html>\n<html>\n<head>\n</head>\n<body>\n<p>о компании</p>\n</body>\n</html>', 5, '2019-12-19 04:01:52', '2019-12-19 04:21:51'),
(6, 'ua', 'О компан', 'О компан', 'о компан', '<!DOCTYPE html>\n<html>\n<head>\n</head>\n<body>\n<p>о компании</p>\n</body>\n</html>', 5, '2019-12-19 04:01:52', '2019-12-19 04:21:51'),
(13, 'ru', 'Часто задаваемые вопросы', '1577007010', '1577007010', '<!DOCTYPE html>\n<html>\n<head>\n</head>\n<body>\n<p><span style=\"color: #202124; font-family: Roboto, \'Noto Sans\', \'Noto Sans JP\', \'Noto Sans KR\', \'Noto Naskh Arabic\', \'Noto Sans Thai\', \'Noto Sans Hebrew\', \'Noto Sans Bengali\', sans-serif; font-size: 16px; background-color: #ffffff;\">На странице с часто задаваемыми вопросами приведены ответы по определенной теме. Если разметка таких страниц реализована правильно, то они могут появляться в поиске как расширенные результаты, а также может быть&nbsp;</span><a style=\"box-sizing: inherit; color: #1a73e8; outline: 0px; text-decoration-line: none; font-family: Roboto, \'Noto Sans\', \'Noto Sans JP\', \'Noto Sans KR\', \'Noto Naskh Arabic\', \'Noto Sans Thai\', \'Noto Sans Hebrew\', \'Noto Sans Bengali\', sans-serif; font-size: 16px; background-color: #ffffff;\" href=\"https://developers.google.com/assistant/content/overview?hl=ru\">создано специальное действие для Google Ассистента</a><span style=\"color: #202124; font-family: Roboto, \'Noto Sans\', \'Noto Sans JP\', \'Noto Sans KR\', \'Noto Naskh Arabic\', \'Noto Sans Thai\', \'Noto Sans Hebrew\', \'Noto Sans Bengali\', sans-serif; font-size: 16px; background-color: #ffffff;\">, что позволит привлечь трафик на ваш сайт. Ниже приведен пример расширенного результата с часто задаваемыми вопросами.</span></p>\n</body>\n</html>', 9, '2019-12-22 09:30:10', '2019-12-22 09:30:10'),
(14, 'ua', 'Часто задаваемые вопросы', '1577007010', '1577007010', '<!DOCTYPE html>\n<html>\n<head>\n</head>\n<body>\n<p><span style=\"color: #202124; font-family: Roboto, \'Noto Sans\', \'Noto Sans JP\', \'Noto Sans KR\', \'Noto Naskh Arabic\', \'Noto Sans Thai\', \'Noto Sans Hebrew\', \'Noto Sans Bengali\', sans-serif; font-size: 16px; background-color: #ffffff;\">На странице с часто задаваемыми вопросами приведены ответы по определенной теме. Если разметка таких страниц реализована правильно, то они могут появляться в поиске как расширенные результаты, а также может быть&nbsp;</span><a style=\"box-sizing: inherit; color: #1a73e8; outline: 0px; text-decoration-line: none; font-family: Roboto, \'Noto Sans\', \'Noto Sans JP\', \'Noto Sans KR\', \'Noto Naskh Arabic\', \'Noto Sans Thai\', \'Noto Sans Hebrew\', \'Noto Sans Bengali\', sans-serif; font-size: 16px; background-color: #ffffff;\" href=\"https://developers.google.com/assistant/content/overview?hl=ru\">создано специальное действие для Google Ассистента</a><span style=\"color: #202124; font-family: Roboto, \'Noto Sans\', \'Noto Sans JP\', \'Noto Sans KR\', \'Noto Naskh Arabic\', \'Noto Sans Thai\', \'Noto Sans Hebrew\', \'Noto Sans Bengali\', sans-serif; font-size: 16px; background-color: #ffffff;\">, что позволит привлечь трафик на ваш сайт. Ниже приведен пример расширенного результата с часто задаваемыми вопросами.</span></p>\n</body>\n</html>', 9, '2019-12-22 09:30:10', '2019-12-22 09:30:10');

--
-- Дамп данных таблицы `cities`
--

INSERT INTO `cities` (`id`, `uri`, `sorting`, `active`, `created_at`, `updated_at`) VALUES
(1, 'kharkov', 0, 1, '2019-09-23 06:32:43', '2019-09-23 06:32:43'),
(2, 'odessa', 0, 1, '2019-10-07 09:35:58', '2019-10-07 09:35:58'),
(3, 'kiev', 0, 1, '2019-10-07 09:37:49', '2019-10-09 06:57:41'),
(4, 'dnieper', 0, 1, '2019-10-09 06:57:12', '2019-10-09 06:57:12'),
(6, 'lʹvova', 0, 1, '2019-10-09 13:56:42', '2019-10-09 13:57:23'),
(7, 'chernigov', 0, 1, '2019-10-10 12:57:51', '2019-10-10 12:57:51'),
(8, 'rivne', 0, 1, '2019-10-11 13:07:41', '2019-10-11 13:07:41'),
(9, 'zaporizhzhya', 0, 1, '2019-10-11 15:21:52', '2019-10-11 15:21:52'),
(10, 'Lutsʹk', 0, 0, '2019-10-15 10:29:06', '2019-10-15 10:29:06'),
(11, 'Krivoy rog', 0, 1, '2019-10-15 12:33:35', '2019-10-15 12:33:35');

--
-- Дамп данных таблицы `cities_langs`
--

INSERT INTO `cities_langs` (`id`, `lang`, `cities_id`, `heading`, `seo_title`, `seo_description`, `seo_text`, `created_at`, `updated_at`) VALUES
(1, 'ru', 1, 'Харьков', 'Харьков', 'Рестораны Харькова', '<p>Текст</p>', '2019-09-23 06:32:43', '2019-10-07 09:36:21'),
(2, 'ua', 1, 'Харків', 'Харків', 'Ресторани Харкова', '<p>Текст</p>', '2019-09-23 06:32:43', '2019-10-07 09:36:21'),
(3, 'ru', 2, 'Одесса', 'Одесса', 'Рестораны Одессы', NULL, '2019-10-07 09:35:58', '2019-10-09 06:55:11'),
(4, 'ua', 2, 'Одеса', 'Одеса', 'Ресторани Одеси', NULL, '2019-10-07 09:35:58', '2019-10-09 06:55:11'),
(5, 'ru', 3, 'Киев', 'Киев', 'Рестораны Киева', NULL, '2019-10-07 09:37:49', '2019-10-09 06:55:36'),
(6, 'ua', 3, 'Київ', 'Київ', 'Ресторани Київа', NULL, '2019-10-07 09:37:49', '2019-10-09 06:55:36'),
(7, 'ru', 4, 'Днепр', 'Днепр', 'Рестораны Днепра', NULL, '2019-10-09 06:57:12', '2019-10-09 06:57:12'),
(8, 'ua', 4, 'Дніпро', 'Дніпро', 'Ресторани Дніпра', NULL, '2019-10-09 06:57:12', '2019-10-09 06:57:12'),
(11, 'ru', 6, 'Львов', 'Львов', 'Рестораны Львова', NULL, '2019-10-09 13:56:42', '2019-10-09 13:56:42'),
(12, 'ua', 6, 'Львів', 'Львів', 'Ресторани Львова', NULL, '2019-10-09 13:56:42', '2019-10-09 13:56:42'),
(13, 'ru', 7, 'Чернигов', 'Чернигов', 'Рестораны Чернигова', NULL, '2019-10-10 12:57:51', '2019-10-10 12:57:51'),
(14, 'ua', 7, 'Чернігів', 'Чернігів', 'Ресторани Чернігіва', NULL, '2019-10-10 12:57:51', '2019-10-10 12:57:51'),
(15, 'ru', 8, 'Ровно', 'Ровно', 'Ровно', NULL, '2019-10-11 13:07:41', '2019-10-11 13:07:41'),
(16, 'ua', 8, 'Рівне', 'Рівне', 'Рівне', NULL, '2019-10-11 13:07:41', '2019-10-11 13:07:41'),
(17, 'ru', 9, 'Запорожье', 'Запорожье', 'Рестораны Запорожья', NULL, '2019-10-11 15:21:52', '2019-10-11 15:21:52'),
(18, 'ua', 9, 'Запоріжжя', 'Запоріжжя', 'Ресторани Запоріжжя', NULL, '2019-10-11 15:21:52', '2019-10-11 15:21:52'),
(19, 'ru', 10, 'Луцк', 'Луцк', 'Рестораны Луцка', NULL, '2019-10-15 10:29:06', '2019-10-15 10:29:06'),
(20, 'ua', 10, 'Луцьк', 'Луцьк', 'Ресторани Луцька', NULL, '2019-10-15 10:29:06', '2019-10-15 10:29:06'),
(21, 'ru', 11, 'Кривой рог', 'Кривой рог', 'Рестораны Кривого рога', NULL, '2019-10-15 12:33:35', '2019-10-15 12:33:35'),
(22, 'ua', 11, 'Кривий Ріг', 'Кривий Ріг', 'Ресторани Кривого Рогу', NULL, '2019-10-15 12:33:35', '2019-10-15 12:33:35');

--
-- Дамп данных таблицы `events`
--

INSERT INTO `events` (`id`, `uri`, `image_id`, `sorting`, `active`, `price`, `event_type_id`, `created_at`, `updated_at`, `restaurant_id`) VALUES
(5, 'event', 1289, 1, 1, 1000, 3, '2020-01-30 14:33:24', '2020-01-30 14:33:27', 19);

--
-- Дамп данных таблицы `events_galleries`
--

INSERT INTO `events_galleries` (`id`, `event_id`, `gallery_id`, `created_at`, `updated_at`) VALUES
(1, 5, 138, NULL, NULL);

--
-- Дамп данных таблицы `events_langs`
--

INSERT INTO `events_langs` (`id`, `events_id`, `heading`, `seo_title`, `seo_description`, `seo_text`, `created_at`, `updated_at`, `lang`, `name`) VALUES
(12, 5, 'Заголовок тестового мероприятия', 'Сео заголовок тестового мероприятия', 'Описание тестового мероприятия для поисковиков', '<!DOCTYPE html>\n<html>\n<head>\n</head>\n<body>\n<p>Детали мероприятия</p>\n</body>\n</html>', '2020-01-30 14:33:27', '2020-01-30 14:33:27', 'ru', 'Тестовое мероприятие'),
(13, 5, 'Заголовок заходу', 'СЕО - заголовок заходу', 'Опис заходу', '<!DOCTYPE html>\n<html>\n<head>\n</head>\n<body>\n<p>Деталі заходу</p>\n</body>\n</html>', '2020-01-30 14:33:27', '2020-01-30 14:33:27', 'ua', 'Тестовий захід');

--
-- Дамп данных таблицы `events_types`
--

INSERT INTO `events_types` (`id`, `sorting`, `active`, `created_at`, `updated_at`) VALUES
(3, 0, 1, '2020-01-28 14:51:00', '2020-01-28 14:51:00'),
(4, 1, 1, '2020-01-28 14:51:24', '2020-01-28 14:51:24'),
(5, 2, 1, '2020-01-28 14:51:54', '2020-01-28 14:51:54'),
(6, 4, 1, '2020-01-28 14:52:51', '2020-01-28 14:52:51'),
(7, 3, 0, '2020-01-28 15:06:14', '2020-01-28 15:06:14');

--
-- Дамп данных таблицы `events_types_langs`
--

INSERT INTO `events_types_langs` (`id`, `lang`, `name`, `event_types_id`, `created_at`, `updated_at`) VALUES
(4, 'ru', 'День рождения', 3, '2020-01-28 14:51:00', '2020-01-28 14:51:00'),
(5, 'ua', 'День народження', 3, '2020-01-28 14:51:00', '2020-01-28 14:51:00'),
(6, 'ru', 'Свадьба', 4, '2020-01-28 14:51:24', '2020-01-28 14:51:24'),
(7, 'ua', 'Весілля', 4, '2020-01-28 14:51:24', '2020-01-28 14:51:24'),
(8, 'ru', 'Корпоратив', 5, '2020-01-28 14:51:54', '2020-01-28 14:51:54'),
(9, 'ua', 'Корпоратив', 5, '2020-01-28 14:51:54', '2020-01-28 14:51:54'),
(10, 'ru', 'Выпускной', 6, '2020-01-28 14:52:51', '2020-01-28 14:52:51'),
(11, 'ua', 'Випускний', 6, '2020-01-28 14:52:51', '2020-01-28 14:52:51'),
(12, 'ru', 'Выключеный тип', 7, '2020-01-28 15:06:14', '2020-01-28 15:06:14'),
(13, 'ua', 'Вимкненний тип', 7, '2020-01-28 15:06:14', '2020-01-28 15:06:14');

--
-- Дамп данных таблицы `galleries`
--

INSERT INTO `galleries` (`id`, `type`, `created_at`, `updated_at`) VALUES
(1, 'restaurant', '2019-09-23 15:36:22', '2019-09-23 15:36:22'),
(2, 'hall', '2019-09-23 15:55:15', '2019-09-23 15:55:15'),
(3, 'hall', '2019-09-23 16:02:42', '2019-09-23 16:02:42'),
(4, 'hall', '2019-09-23 16:06:52', '2019-09-23 16:06:52'),
(5, 'menu', '2019-09-23 16:21:06', '2019-09-23 16:21:06'),
(6, 'menu', '2019-09-24 11:42:47', '2019-09-24 11:42:47'),
(7, 'hall', '2019-09-24 12:48:38', '2019-09-24 12:48:38'),
(8, 'hall', '2019-09-24 12:55:47', '2019-09-24 12:55:47'),
(9, 'hall', '2019-09-24 13:23:51', '2019-09-24 13:23:51'),
(10, 'hall', '2019-09-24 13:53:01', '2019-09-24 13:53:01'),
(11, 'menu', '2019-09-25 10:40:50', '2019-09-25 10:40:50'),
(12, 'hall', '2019-09-25 10:47:27', '2019-09-25 10:47:27'),
(13, 'hall', '2019-09-25 10:48:53', '2019-09-25 10:48:53'),
(14, 'menu', '2019-09-25 10:53:47', '2019-09-25 10:53:47'),
(15, 'hall', '2019-09-25 11:05:00', '2019-09-25 11:05:00'),
(16, 'hall', '2019-09-25 11:06:20', '2019-09-25 11:06:20'),
(17, 'hall', '2019-09-25 11:07:57', '2019-09-25 11:07:57'),
(18, 'hall', '2019-09-25 11:15:42', '2019-09-25 11:15:42'),
(19, 'menu', '2019-09-25 12:21:14', '2019-09-25 12:21:14'),
(20, 'hall', '2019-09-25 12:41:34', '2019-09-25 12:41:34'),
(21, 'hall', '2019-09-25 12:56:23', '2019-09-25 12:56:23'),
(22, 'menu', '2019-09-25 13:07:27', '2019-09-25 13:07:27'),
(23, 'hall', '2019-09-25 13:20:20', '2019-09-25 13:20:20'),
(24, 'hall', '2019-09-25 13:26:28', '2019-09-25 13:26:28'),
(25, 'hall', '2019-09-25 13:33:20', '2019-09-25 13:33:20'),
(26, 'hall', '2019-09-25 13:35:05', '2019-09-25 13:35:05'),
(27, 'hall', '2019-09-25 14:01:01', '2019-09-25 14:01:01'),
(28, 'hall', '2019-09-25 14:03:02', '2019-09-25 14:03:02'),
(29, 'menu', '2019-09-25 14:20:39', '2019-09-25 14:20:39'),
(30, 'hall', '2019-09-25 14:24:16', '2019-09-25 14:24:16'),
(31, 'hall', '2019-09-25 14:26:49', '2019-09-25 14:26:49'),
(32, 'menu', '2019-09-25 14:47:48', '2019-09-25 14:47:48'),
(33, 'hall', '2019-09-25 14:54:58', '2019-09-25 14:54:58'),
(34, 'hall', '2019-09-25 14:59:27', '2019-09-25 14:59:27'),
(35, 'hall', '2019-09-26 10:26:34', '2019-09-26 10:26:34'),
(36, 'hall', '2019-09-26 10:33:20', '2019-09-26 10:33:20'),
(37, 'hall', '2019-09-26 10:34:27', '2019-09-26 10:34:27'),
(38, 'menu', '2019-09-26 10:53:47', '2019-09-26 10:53:47'),
(39, 'hall', '2019-09-26 11:30:15', '2019-09-26 11:30:15'),
(40, 'hall', '2019-09-26 11:31:20', '2019-09-26 11:31:20'),
(41, 'menu', '2019-09-26 11:45:25', '2019-09-26 11:45:25'),
(42, 'hall', '2019-09-26 12:38:51', '2019-09-26 12:38:51'),
(43, 'menu', '2019-09-26 12:57:38', '2019-09-26 12:57:38'),
(44, 'hall', '2019-09-26 13:25:05', '2019-09-26 13:25:05'),
(45, 'hall', '2019-09-26 13:31:56', '2019-09-26 13:31:56'),
(46, 'hall', '2019-09-26 13:34:42', '2019-09-26 13:34:42'),
(47, 'hall', '2019-09-26 13:42:58', '2019-09-26 13:42:58'),
(48, 'hall', '2019-09-26 13:45:26', '2019-09-26 13:45:26'),
(49, 'hall', '2019-09-26 13:45:52', '2019-09-26 13:45:52'),
(50, 'hall', '2019-09-26 13:51:42', '2019-09-26 13:51:42'),
(51, 'hall', '2019-09-26 13:54:50', '2019-09-26 13:54:50'),
(52, 'hall', '2019-09-26 13:55:20', '2019-09-26 13:55:20'),
(53, 'menu', '2019-09-26 13:56:08', '2019-09-26 13:56:08'),
(54, 'menu', '2019-09-26 14:03:45', '2019-09-26 14:03:45'),
(55, 'hall', '2019-09-26 14:11:41', '2019-09-26 14:11:41'),
(56, 'hall', '2019-09-26 14:12:48', '2019-09-26 14:12:48'),
(57, 'hall', '2019-09-26 14:14:25', '2019-09-26 14:14:25'),
(58, 'menu', '2019-09-27 08:16:12', '2019-09-27 08:16:12'),
(59, 'restaurant', '2019-09-27 08:17:22', '2019-09-27 08:17:22'),
(60, 'hall', '2019-09-27 08:56:02', '2019-09-27 08:56:02'),
(61, 'hall', '2019-09-27 09:06:17', '2019-09-27 09:06:17'),
(62, 'hall', '2019-09-27 09:13:27', '2019-09-27 09:13:27'),
(63, 'hall', '2019-09-27 09:14:10', '2019-09-27 09:14:10'),
(64, 'hall', '2019-09-27 09:14:45', '2019-09-27 09:14:45'),
(65, 'hall', '2019-09-27 09:21:17', '2019-09-27 09:21:17'),
(66, 'hall', '2019-09-27 09:21:46', '2019-09-27 09:21:46'),
(67, 'hall', '2019-09-27 09:34:32', '2019-09-27 09:34:32'),
(68, 'menu', '2019-09-27 09:35:29', '2019-09-27 09:35:29'),
(69, 'menu', '2019-09-27 09:42:31', '2019-09-27 09:42:31'),
(70, 'hall', '2019-09-27 09:56:23', '2019-09-27 09:56:23'),
(71, 'hall', '2019-09-27 09:59:52', '2019-09-27 09:59:52'),
(72, 'hall', '2019-09-27 10:45:19', '2019-09-27 10:45:19'),
(73, 'hall', '2019-09-27 10:49:27', '2019-09-27 10:49:27'),
(74, 'hall', '2019-09-27 11:04:13', '2019-09-27 11:04:13'),
(75, 'hall', '2019-09-27 11:14:51', '2019-09-27 11:14:51'),
(76, 'hall', '2019-09-27 11:16:10', '2019-09-27 11:16:10'),
(77, 'menu', '2019-09-27 12:11:10', '2019-09-27 12:11:10'),
(78, 'hall', '2019-09-27 12:24:48', '2019-09-27 12:24:48'),
(79, 'hall', '2019-09-27 12:28:09', '2019-09-27 12:28:09'),
(80, 'hall', '2019-09-27 12:30:34', '2019-09-27 12:30:34'),
(81, 'hall', '2019-09-27 12:31:56', '2019-09-27 12:31:56'),
(82, 'menu', '2019-09-27 12:45:23', '2019-09-27 12:45:23'),
(83, 'hall', '2019-09-27 12:46:58', '2019-09-27 12:46:58'),
(84, 'menu', '2019-09-27 13:01:11', '2019-09-27 13:01:11'),
(85, 'hall', '2019-09-27 13:46:07', '2019-09-27 13:46:07'),
(86, 'hall', '2019-09-27 13:47:13', '2019-09-27 13:47:13'),
(87, 'hall', '2019-09-27 13:50:18', '2019-09-27 13:50:18'),
(88, 'hall', '2019-09-27 13:52:04', '2019-09-27 13:52:04'),
(89, 'hall', '2019-09-27 13:52:34', '2019-09-27 13:52:34'),
(90, 'restaurant', '2019-10-07 12:39:34', '2019-10-07 12:39:34'),
(91, 'restaurant', '2019-10-07 13:11:08', '2019-10-07 13:11:08'),
(92, 'restaurant', '2019-10-07 13:53:13', '2019-10-07 13:53:13'),
(93, 'restaurant', '2019-10-07 14:10:45', '2019-10-07 14:10:45'),
(94, 'restaurant', '2019-10-07 14:37:07', '2019-10-07 14:37:07'),
(95, 'restaurant', '2019-10-07 14:59:06', '2019-10-07 14:59:06'),
(96, 'restaurant', '2019-10-07 15:06:06', '2019-10-07 15:06:06'),
(97, 'restaurant', '2019-10-07 15:11:57', '2019-10-07 15:11:57'),
(98, 'restaurant', '2019-10-07 15:18:45', '2019-10-07 15:18:45'),
(99, 'restaurant', '2019-10-09 09:46:36', '2019-10-09 09:46:36'),
(100, 'restaurant', '2019-10-09 10:02:29', '2019-10-09 10:02:29'),
(101, 'restaurant', '2019-10-09 12:22:05', '2019-10-09 12:22:05'),
(102, 'restaurant', '2019-10-09 12:37:14', '2019-10-09 12:37:14'),
(103, 'restaurant', '2019-10-09 13:16:30', '2019-10-09 13:16:30'),
(104, 'restaurant', '2019-10-09 14:10:04', '2019-10-09 14:10:04'),
(105, 'restaurant', '2019-10-09 15:10:56', '2019-10-09 15:10:56'),
(106, 'restaurant', '2019-10-10 09:50:23', '2019-10-10 09:50:23'),
(107, 'restaurant', '2019-10-10 10:02:08', '2019-10-10 10:02:08'),
(108, 'restaurant', '2019-10-10 11:47:24', '2019-10-10 11:47:24'),
(109, 'restaurant', '2019-10-10 13:01:26', '2019-10-10 13:01:26'),
(110, 'restaurant', '2019-10-10 13:13:30', '2019-10-10 13:13:30'),
(111, 'restaurant', '2019-10-10 13:23:00', '2019-10-10 13:23:00'),
(112, 'restaurant', '2019-10-10 13:31:57', '2019-10-10 13:31:57'),
(113, 'restaurant', '2019-10-10 13:45:08', '2019-10-10 13:45:08'),
(114, 'restaurant', '2019-10-11 13:33:08', '2019-10-11 13:33:08'),
(115, 'restaurant', '2019-10-11 14:16:26', '2019-10-11 14:16:26'),
(116, 'restaurant', '2019-10-11 14:37:26', '2019-10-11 14:37:26'),
(117, 'restaurant', '2019-10-11 14:58:49', '2019-10-11 14:58:49'),
(118, 'restaurant', '2019-10-11 15:08:46', '2019-10-11 15:08:46'),
(119, 'restaurant', '2019-10-11 15:31:45', '2019-10-11 15:31:45'),
(120, 'restaurant', '2019-10-11 15:43:58', '2019-10-11 15:43:58'),
(121, 'restaurant', '2019-10-15 10:07:01', '2019-10-15 10:07:01'),
(122, 'restaurant', '2019-10-15 10:14:57', '2019-10-15 10:14:57'),
(123, 'restaurant', '2019-10-15 10:37:52', '2019-10-15 10:37:52'),
(124, 'restaurant', '2019-10-15 11:50:15', '2019-10-15 11:50:15'),
(125, 'restaurant', '2019-10-15 12:00:50', '2019-10-15 12:00:50'),
(126, 'restaurant', '2019-10-15 12:20:31', '2019-10-15 12:20:31'),
(127, 'restaurant', '2019-10-15 12:28:39', '2019-10-15 12:28:39'),
(128, 'restaurant', '2019-10-15 12:47:25', '2019-10-15 12:47:25'),
(129, 'restaurant', '2019-10-15 13:22:10', '2019-10-15 13:22:10'),
(130, 'restaurant', '2019-10-15 13:44:57', '2019-10-15 13:44:57'),
(131, 'restaurant', '2019-10-15 13:58:12', '2019-10-15 13:58:12'),
(132, 'restaurant', '2019-10-15 14:09:34', '2019-10-15 14:09:34'),
(137, 'event_gallery', '2020-02-01 21:36:03', '2020-02-01 21:36:03'),
(138, 'event_gallery', '2020-02-01 21:36:26', '2020-02-01 21:36:26');

--
-- Дамп данных таблицы `gallery_items`
--

INSERT INTO `gallery_items` (`id`, `gallery_id`, `image_id`, `sorting`, `created_at`, `updated_at`) VALUES
(1, 1, 2, 10, '2019-09-23 15:36:22', '2019-09-23 15:36:22'),
(2, 1, 3, 10, '2019-09-23 15:36:22', '2019-09-23 15:36:22'),
(3, 1, 4, 10, '2019-09-23 15:36:22', '2019-09-23 15:36:22'),
(4, 1, 5, 10, '2019-09-23 15:36:22', '2019-09-23 15:36:22'),
(5, 1, 6, 10, '2019-09-23 15:36:23', '2019-09-23 15:36:23'),
(6, 1, 7, 10, '2019-09-23 15:36:23', '2019-09-23 15:36:23'),
(7, 2, 8, 10, '2019-09-23 15:55:15', '2019-09-23 15:55:15'),
(8, 2, 9, 10, '2019-09-23 15:55:15', '2019-09-23 15:55:15'),
(9, 3, 10, 10, '2019-09-23 16:02:42', '2019-09-23 16:02:42'),
(10, 4, 11, 10, '2019-09-23 16:06:52', '2019-09-23 16:06:52'),
(12, 6, 34, 10, '2019-09-24 11:42:47', '2019-09-24 11:42:47'),
(13, 6, 35, 10, '2019-09-24 11:42:47', '2019-09-24 11:42:47'),
(14, 6, 36, 10, '2019-09-24 11:42:47', '2019-09-24 11:42:47'),
(15, 6, 37, 10, '2019-09-24 11:42:47', '2019-09-24 11:42:47'),
(16, 6, 38, 10, '2019-09-24 11:42:47', '2019-09-24 11:42:47'),
(17, 6, 39, 10, '2019-09-24 11:42:47', '2019-09-24 11:42:47'),
(18, 6, 40, 10, '2019-09-24 11:42:47', '2019-09-24 11:42:47'),
(19, 6, 41, 10, '2019-09-24 11:42:47', '2019-09-24 11:42:47'),
(20, 6, 42, 10, '2019-09-24 11:42:47', '2019-09-24 11:42:47'),
(21, 6, 43, 10, '2019-09-24 11:42:47', '2019-09-24 11:42:47'),
(22, 6, 44, 10, '2019-09-24 11:42:47', '2019-09-24 11:42:47'),
(23, 6, 45, 10, '2019-09-24 11:42:47', '2019-09-24 11:42:47'),
(24, 7, 49, 10, '2019-09-24 12:48:38', '2019-09-24 12:48:38'),
(25, 7, 50, 10, '2019-09-24 12:48:38', '2019-09-24 12:48:38'),
(26, 7, 51, 10, '2019-09-24 12:48:38', '2019-09-24 12:48:38'),
(27, 7, 52, 10, '2019-09-24 12:48:38', '2019-09-24 12:48:38'),
(28, 7, 53, 10, '2019-09-24 12:48:38', '2019-09-24 12:48:38'),
(29, 7, 54, 10, '2019-09-24 12:48:38', '2019-09-24 12:48:38'),
(30, 7, 55, 10, '2019-09-24 12:48:38', '2019-09-24 12:48:38'),
(31, 7, 56, 10, '2019-09-24 12:48:38', '2019-09-24 12:48:38'),
(32, 7, 57, 10, '2019-09-24 12:48:38', '2019-09-24 12:48:38'),
(33, 8, 58, 10, '2019-09-24 12:55:47', '2019-09-24 12:55:47'),
(34, 8, 59, 10, '2019-09-24 12:55:47', '2019-09-24 12:55:47'),
(35, 8, 60, 10, '2019-09-24 12:55:47', '2019-09-24 12:55:47'),
(36, 8, 61, 10, '2019-09-24 12:55:47', '2019-09-24 12:55:47'),
(37, 8, 62, 10, '2019-09-24 12:55:47', '2019-09-24 12:55:47'),
(38, 8, 63, 10, '2019-09-24 12:55:47', '2019-09-24 12:55:47'),
(39, 8, 64, 10, '2019-09-24 12:55:47', '2019-09-24 12:55:47'),
(40, 8, 65, 10, '2019-09-24 12:55:47', '2019-09-24 12:55:47'),
(41, 8, 66, 10, '2019-09-24 12:55:47', '2019-09-24 12:55:47'),
(42, 8, 67, 10, '2019-09-24 12:55:47', '2019-09-24 12:55:47'),
(43, 9, 68, 10, '2019-09-24 13:23:51', '2019-09-24 13:23:51'),
(44, 9, 69, 10, '2019-09-24 13:23:51', '2019-09-24 13:23:51'),
(45, 9, 70, 10, '2019-09-24 13:23:51', '2019-09-24 13:23:51'),
(46, 9, 71, 10, '2019-09-24 13:23:51', '2019-09-24 13:23:51'),
(47, 9, 72, 10, '2019-09-24 13:23:51', '2019-09-24 13:23:51'),
(48, 9, 73, 10, '2019-09-24 13:23:51', '2019-09-24 13:23:51'),
(49, 9, 74, 10, '2019-09-24 13:23:51', '2019-09-24 13:23:51'),
(50, 9, 75, 10, '2019-09-24 13:23:51', '2019-09-24 13:23:51'),
(51, 9, 76, 10, '2019-09-24 13:23:51', '2019-09-24 13:23:51'),
(52, 9, 77, 10, '2019-09-24 13:23:51', '2019-09-24 13:23:51'),
(54, 9, 79, 10, '2019-09-24 13:23:51', '2019-09-24 13:23:51'),
(55, 9, 80, 10, '2019-09-24 13:23:51', '2019-09-24 13:23:51'),
(56, 9, 81, 10, '2019-09-24 13:23:51', '2019-09-24 13:23:51'),
(57, 9, 82, 10, '2019-09-24 13:23:51', '2019-09-24 13:23:51'),
(58, 10, 83, 10, '2019-09-24 13:53:01', '2019-09-24 13:53:01'),
(59, 10, 84, 10, '2019-09-24 13:53:01', '2019-09-24 13:53:01'),
(60, 10, 85, 10, '2019-09-24 13:53:01', '2019-09-24 13:53:01'),
(61, 10, 86, 10, '2019-09-24 13:53:01', '2019-09-24 13:53:01'),
(62, 10, 87, 10, '2019-09-24 13:53:01', '2019-09-24 13:53:01'),
(63, 10, 88, 10, '2019-09-24 13:53:01', '2019-09-24 13:53:01'),
(64, 10, 89, 10, '2019-09-24 13:53:01', '2019-09-24 13:53:01'),
(65, 10, 90, 10, '2019-09-24 13:53:01', '2019-09-24 13:53:01'),
(66, 10, 91, 10, '2019-09-24 13:53:01', '2019-09-24 13:53:01'),
(67, 10, 92, 10, '2019-09-24 13:53:01', '2019-09-24 13:53:01'),
(68, 10, 93, 10, '2019-09-24 13:53:01', '2019-09-24 13:53:01'),
(69, 10, 94, 10, '2019-09-24 13:53:01', '2019-09-24 13:53:01'),
(70, 10, 95, 10, '2019-09-24 13:53:01', '2019-09-24 13:53:01'),
(113, 2, 142, 10, '2019-09-25 09:40:08', '2019-09-25 09:40:08'),
(114, 2, 143, 10, '2019-09-25 09:40:08', '2019-09-25 09:40:08'),
(115, 2, 144, 10, '2019-09-25 09:40:08', '2019-09-25 09:40:08'),
(116, 2, 145, 10, '2019-09-25 09:40:08', '2019-09-25 09:40:08'),
(117, 3, 146, 10, '2019-09-25 09:41:38', '2019-09-25 09:41:38'),
(118, 3, 147, 10, '2019-09-25 09:41:39', '2019-09-25 09:41:39'),
(119, 3, 148, 10, '2019-09-25 09:41:39', '2019-09-25 09:41:39'),
(120, 3, 149, 10, '2019-09-25 09:41:39', '2019-09-25 09:41:39'),
(122, 4, 151, 10, '2019-09-25 09:43:03', '2019-09-25 09:43:03'),
(124, 4, 153, 10, '2019-09-25 09:51:22', '2019-09-25 09:51:22'),
(125, 4, 154, 10, '2019-09-25 09:51:22', '2019-09-25 09:51:22'),
(126, 4, 155, 10, '2019-09-25 09:51:22', '2019-09-25 09:51:22'),
(127, 4, 156, 10, '2019-09-25 09:58:57', '2019-09-25 09:58:57'),
(128, 4, 157, 10, '2019-09-25 09:58:57', '2019-09-25 09:58:57'),
(129, 4, 158, 10, '2019-09-25 09:58:57', '2019-09-25 09:58:57'),
(130, 4, 159, 10, '2019-09-25 10:02:35', '2019-09-25 10:02:35'),
(131, 4, 160, 10, '2019-09-25 10:02:35', '2019-09-25 10:02:35'),
(132, 4, 161, 10, '2019-09-25 10:02:35', '2019-09-25 10:02:35'),
(133, 4, 162, 10, '2019-09-25 10:02:35', '2019-09-25 10:02:35'),
(134, 4, 163, 10, '2019-09-25 10:02:35', '2019-09-25 10:02:35'),
(135, 4, 164, 10, '2019-09-25 10:02:35', '2019-09-25 10:02:35'),
(136, 4, 165, 10, '2019-09-25 10:02:36', '2019-09-25 10:02:36'),
(137, 11, 166, 10, '2019-09-25 10:40:50', '2019-09-25 10:40:50'),
(138, 11, 167, 10, '2019-09-25 10:40:51', '2019-09-25 10:40:51'),
(139, 11, 168, 10, '2019-09-25 10:40:51', '2019-09-25 10:40:51'),
(140, 11, 169, 10, '2019-09-25 10:40:51', '2019-09-25 10:40:51'),
(141, 11, 170, 10, '2019-09-25 10:40:51', '2019-09-25 10:40:51'),
(142, 11, 171, 10, '2019-09-25 10:40:51', '2019-09-25 10:40:51'),
(143, 11, 172, 10, '2019-09-25 10:40:51', '2019-09-25 10:40:51'),
(144, 11, 173, 10, '2019-09-25 10:40:51', '2019-09-25 10:40:51'),
(145, 12, 174, 10, '2019-09-25 10:47:27', '2019-09-25 10:47:27'),
(146, 12, 175, 10, '2019-09-25 10:47:27', '2019-09-25 10:47:27'),
(147, 12, 176, 10, '2019-09-25 10:47:27', '2019-09-25 10:47:27'),
(148, 12, 177, 10, '2019-09-25 10:47:27', '2019-09-25 10:47:27'),
(149, 12, 178, 10, '2019-09-25 10:47:27', '2019-09-25 10:47:27'),
(150, 12, 179, 10, '2019-09-25 10:47:27', '2019-09-25 10:47:27'),
(151, 12, 180, 10, '2019-09-25 10:47:27', '2019-09-25 10:47:27'),
(152, 12, 181, 10, '2019-09-25 10:47:27', '2019-09-25 10:47:27'),
(153, 12, 182, 10, '2019-09-25 10:47:27', '2019-09-25 10:47:27'),
(154, 12, 183, 10, '2019-09-25 10:47:27', '2019-09-25 10:47:27'),
(155, 12, 184, 10, '2019-09-25 10:47:27', '2019-09-25 10:47:27'),
(156, 12, 185, 10, '2019-09-25 10:47:27', '2019-09-25 10:47:27'),
(157, 12, 186, 10, '2019-09-25 10:47:27', '2019-09-25 10:47:27'),
(158, 12, 187, 10, '2019-09-25 10:47:27', '2019-09-25 10:47:27'),
(159, 13, 188, 10, '2019-09-25 10:48:53', '2019-09-25 10:48:53'),
(160, 13, 189, 10, '2019-09-25 10:48:53', '2019-09-25 10:48:53'),
(161, 13, 190, 10, '2019-09-25 10:48:53', '2019-09-25 10:48:53'),
(162, 13, 191, 10, '2019-09-25 10:48:53', '2019-09-25 10:48:53'),
(163, 13, 192, 10, '2019-09-25 10:48:53', '2019-09-25 10:48:53'),
(164, 13, 193, 10, '2019-09-25 10:48:53', '2019-09-25 10:48:53'),
(165, 13, 194, 10, '2019-09-25 10:48:53', '2019-09-25 10:48:53'),
(166, 13, 195, 10, '2019-09-25 10:48:53', '2019-09-25 10:48:53'),
(167, 14, 196, 10, '2019-09-25 10:53:47', '2019-09-25 10:53:47'),
(168, 14, 197, 10, '2019-09-25 10:53:47', '2019-09-25 10:53:47'),
(169, 14, 198, 10, '2019-09-25 10:53:47', '2019-09-25 10:53:47'),
(170, 14, 199, 10, '2019-09-25 10:53:47', '2019-09-25 10:53:47'),
(171, 14, 200, 10, '2019-09-25 10:53:47', '2019-09-25 10:53:47'),
(172, 14, 201, 10, '2019-09-25 10:53:47', '2019-09-25 10:53:47'),
(173, 14, 202, 10, '2019-09-25 10:53:47', '2019-09-25 10:53:47'),
(174, 14, 203, 10, '2019-09-25 10:53:47', '2019-09-25 10:53:47'),
(175, 14, 204, 10, '2019-09-25 10:53:47', '2019-09-25 10:53:47'),
(176, 14, 205, 10, '2019-09-25 10:53:47', '2019-09-25 10:53:47'),
(177, 14, 206, 10, '2019-09-25 10:53:48', '2019-09-25 10:53:48'),
(178, 14, 207, 10, '2019-09-25 10:53:48', '2019-09-25 10:53:48'),
(179, 14, 208, 10, '2019-09-25 10:53:48', '2019-09-25 10:53:48'),
(180, 14, 209, 10, '2019-09-25 10:53:48', '2019-09-25 10:53:48'),
(181, 14, 210, 10, '2019-09-25 10:53:48', '2019-09-25 10:53:48'),
(182, 15, 211, 10, '2019-09-25 11:05:00', '2019-09-25 11:05:00'),
(183, 15, 212, 10, '2019-09-25 11:05:00', '2019-09-25 11:05:00'),
(184, 15, 213, 10, '2019-09-25 11:05:00', '2019-09-25 11:05:00'),
(185, 15, 214, 10, '2019-09-25 11:05:00', '2019-09-25 11:05:00'),
(186, 15, 215, 10, '2019-09-25 11:05:00', '2019-09-25 11:05:00'),
(187, 15, 216, 10, '2019-09-25 11:05:00', '2019-09-25 11:05:00'),
(188, 15, 217, 10, '2019-09-25 11:05:00', '2019-09-25 11:05:00'),
(189, 15, 218, 10, '2019-09-25 11:05:00', '2019-09-25 11:05:00'),
(190, 15, 219, 10, '2019-09-25 11:05:00', '2019-09-25 11:05:00'),
(191, 15, 220, 10, '2019-09-25 11:05:00', '2019-09-25 11:05:00'),
(192, 15, 221, 10, '2019-09-25 11:05:00', '2019-09-25 11:05:00'),
(193, 15, 222, 10, '2019-09-25 11:05:00', '2019-09-25 11:05:00'),
(194, 16, 223, 10, '2019-09-25 11:06:20', '2019-09-25 11:06:20'),
(195, 16, 224, 10, '2019-09-25 11:06:20', '2019-09-25 11:06:20'),
(196, 16, 225, 10, '2019-09-25 11:06:20', '2019-09-25 11:06:20'),
(197, 16, 226, 10, '2019-09-25 11:06:20', '2019-09-25 11:06:20'),
(198, 16, 227, 10, '2019-09-25 11:06:20', '2019-09-25 11:06:20'),
(199, 16, 228, 10, '2019-09-25 11:06:20', '2019-09-25 11:06:20'),
(200, 17, 229, 10, '2019-09-25 11:07:57', '2019-09-25 11:07:57'),
(201, 17, 230, 10, '2019-09-25 11:07:57', '2019-09-25 11:07:57'),
(202, 17, 231, 10, '2019-09-25 11:07:57', '2019-09-25 11:07:57'),
(203, 17, 232, 10, '2019-09-25 11:07:57', '2019-09-25 11:07:57'),
(204, 17, 233, 10, '2019-09-25 11:07:57', '2019-09-25 11:07:57'),
(205, 17, 234, 10, '2019-09-25 11:07:57', '2019-09-25 11:07:57'),
(206, 17, 235, 10, '2019-09-25 11:07:57', '2019-09-25 11:07:57'),
(207, 17, 236, 10, '2019-09-25 11:07:57', '2019-09-25 11:07:57'),
(208, 17, 237, 10, '2019-09-25 11:07:57', '2019-09-25 11:07:57'),
(209, 17, 238, 10, '2019-09-25 11:07:57', '2019-09-25 11:07:57'),
(210, 17, 239, 10, '2019-09-25 11:07:57', '2019-09-25 11:07:57'),
(211, 18, 240, 10, '2019-09-25 11:15:42', '2019-09-25 11:15:42'),
(212, 18, 241, 10, '2019-09-25 11:15:42', '2019-09-25 11:15:42'),
(213, 18, 242, 10, '2019-09-25 11:15:42', '2019-09-25 11:15:42'),
(214, 18, 243, 10, '2019-09-25 11:15:42', '2019-09-25 11:15:42'),
(215, 18, 244, 10, '2019-09-25 11:15:42', '2019-09-25 11:15:42'),
(216, 18, 245, 10, '2019-09-25 11:15:42', '2019-09-25 11:15:42'),
(217, 18, 246, 10, '2019-09-25 11:15:42', '2019-09-25 11:15:42'),
(218, 18, 247, 10, '2019-09-25 11:15:42', '2019-09-25 11:15:42'),
(219, 18, 248, 10, '2019-09-25 11:15:42', '2019-09-25 11:15:42'),
(220, 18, 249, 10, '2019-09-25 11:15:42', '2019-09-25 11:15:42'),
(221, 18, 250, 10, '2019-09-25 11:15:42', '2019-09-25 11:15:42'),
(222, 18, 251, 10, '2019-09-25 11:15:42', '2019-09-25 11:15:42'),
(224, 19, 253, 10, '2019-09-25 12:21:14', '2019-09-25 12:21:14'),
(225, 19, 254, 10, '2019-09-25 12:21:15', '2019-09-25 12:21:15'),
(226, 19, 255, 10, '2019-09-25 12:21:16', '2019-09-25 12:21:16'),
(227, 19, 256, 10, '2019-09-25 12:21:16', '2019-09-25 12:21:16'),
(228, 19, 257, 10, '2019-09-25 12:21:16', '2019-09-25 12:21:16'),
(229, 19, 258, 10, '2019-09-25 12:21:16', '2019-09-25 12:21:16'),
(230, 19, 259, 10, '2019-09-25 12:21:16', '2019-09-25 12:21:16'),
(231, 20, 260, 10, '2019-09-25 12:41:34', '2019-09-25 12:41:34'),
(232, 20, 261, 10, '2019-09-25 12:41:34', '2019-09-25 12:41:34'),
(234, 20, 263, 10, '2019-09-25 12:41:35', '2019-09-25 12:41:35'),
(236, 21, 265, 10, '2019-09-25 12:56:23', '2019-09-25 12:56:23'),
(237, 21, 266, 10, '2019-09-25 12:58:05', '2019-09-25 12:58:05'),
(238, 21, 267, 10, '2019-09-25 12:58:06', '2019-09-25 12:58:06'),
(239, 21, 268, 10, '2019-09-25 12:58:06', '2019-09-25 12:58:06'),
(241, 21, 270, 10, '2019-09-25 13:01:02', '2019-09-25 13:01:02'),
(242, 21, 271, 10, '2019-09-25 13:01:02', '2019-09-25 13:01:02'),
(243, 22, 272, 10, '2019-09-25 13:07:27', '2019-09-25 13:07:27'),
(244, 22, 273, 10, '2019-09-25 13:07:27', '2019-09-25 13:07:27'),
(245, 22, 274, 10, '2019-09-25 13:07:27', '2019-09-25 13:07:27'),
(246, 22, 275, 10, '2019-09-25 13:07:27', '2019-09-25 13:07:27'),
(247, 22, 276, 10, '2019-09-25 13:07:27', '2019-09-25 13:07:27'),
(248, 22, 277, 10, '2019-09-25 13:07:27', '2019-09-25 13:07:27'),
(249, 22, 278, 10, '2019-09-25 13:07:27', '2019-09-25 13:07:27'),
(250, 22, 279, 10, '2019-09-25 13:07:27', '2019-09-25 13:07:27'),
(251, 22, 280, 10, '2019-09-25 13:07:27', '2019-09-25 13:07:27'),
(252, 22, 281, 10, '2019-09-25 13:07:27', '2019-09-25 13:07:27'),
(253, 22, 282, 10, '2019-09-25 13:07:27', '2019-09-25 13:07:27'),
(255, 22, 284, 10, '2019-09-25 13:07:27', '2019-09-25 13:07:27'),
(256, 22, 285, 10, '2019-09-25 13:07:27', '2019-09-25 13:07:27'),
(257, 23, 287, 10, '2019-09-25 13:20:20', '2019-09-25 13:20:20'),
(258, 23, 288, 10, '2019-09-25 13:20:20', '2019-09-25 13:20:20'),
(259, 23, 289, 10, '2019-09-25 13:20:20', '2019-09-25 13:20:20'),
(260, 23, 290, 10, '2019-09-25 13:20:20', '2019-09-25 13:20:20'),
(261, 23, 291, 10, '2019-09-25 13:20:20', '2019-09-25 13:20:20'),
(263, 24, 293, 10, '2019-09-25 13:28:44', '2019-09-25 13:28:44'),
(264, 24, 294, 10, '2019-09-25 13:28:44', '2019-09-25 13:28:44'),
(265, 24, 295, 10, '2019-09-25 13:28:44', '2019-09-25 13:28:44'),
(266, 25, 296, 10, '2019-09-25 13:33:20', '2019-09-25 13:33:20'),
(267, 25, 297, 10, '2019-09-25 13:33:20', '2019-09-25 13:33:20'),
(268, 25, 298, 10, '2019-09-25 13:33:20', '2019-09-25 13:33:20'),
(269, 25, 299, 10, '2019-09-25 13:33:20', '2019-09-25 13:33:20'),
(270, 26, 300, 10, '2019-09-25 13:35:05', '2019-09-25 13:35:05'),
(271, 26, 301, 10, '2019-09-25 13:35:05', '2019-09-25 13:35:05'),
(272, 26, 302, 10, '2019-09-25 13:35:05', '2019-09-25 13:35:05'),
(273, 26, 303, 10, '2019-09-25 13:35:05', '2019-09-25 13:35:05'),
(274, 26, 304, 10, '2019-09-25 13:35:05', '2019-09-25 13:35:05'),
(275, 26, 305, 10, '2019-09-25 13:35:05', '2019-09-25 13:35:05'),
(276, 26, 306, 10, '2019-09-25 13:35:05', '2019-09-25 13:35:05'),
(278, 26, 308, 10, '2019-09-25 13:35:05', '2019-09-25 13:35:05'),
(279, 26, 309, 10, '2019-09-25 13:35:05', '2019-09-25 13:35:05'),
(280, 26, 310, 10, '2019-09-25 13:35:05', '2019-09-25 13:35:05'),
(281, 26, 311, 10, '2019-09-25 13:35:05', '2019-09-25 13:35:05'),
(282, 26, 312, 10, '2019-09-25 13:59:25', '2019-09-25 13:59:25'),
(283, 26, 313, 10, '2019-09-25 13:59:25', '2019-09-25 13:59:25'),
(285, 27, 315, 10, '2019-09-25 14:01:01', '2019-09-25 14:01:01'),
(286, 27, 316, 10, '2019-09-25 14:01:01', '2019-09-25 14:01:01'),
(287, 27, 317, 10, '2019-09-25 14:01:01', '2019-09-25 14:01:01'),
(288, 27, 318, 10, '2019-09-25 14:01:01', '2019-09-25 14:01:01'),
(289, 27, 319, 10, '2019-09-25 14:01:01', '2019-09-25 14:01:01'),
(290, 27, 320, 10, '2019-09-25 14:01:42', '2019-09-25 14:01:42'),
(291, 27, 321, 10, '2019-09-25 14:01:42', '2019-09-25 14:01:42'),
(292, 27, 322, 10, '2019-09-25 14:01:42', '2019-09-25 14:01:42'),
(293, 27, 323, 10, '2019-09-25 14:01:42', '2019-09-25 14:01:42'),
(294, 27, 324, 10, '2019-09-25 14:01:42', '2019-09-25 14:01:42'),
(295, 27, 325, 10, '2019-09-25 14:01:42', '2019-09-25 14:01:42'),
(296, 28, 326, 10, '2019-09-25 14:03:02', '2019-09-25 14:03:02'),
(297, 28, 327, 10, '2019-09-25 14:03:02', '2019-09-25 14:03:02'),
(298, 28, 328, 10, '2019-09-25 14:03:02', '2019-09-25 14:03:02'),
(299, 28, 329, 10, '2019-09-25 14:03:02', '2019-09-25 14:03:02'),
(300, 28, 330, 10, '2019-09-25 14:03:02', '2019-09-25 14:03:02'),
(301, 28, 331, 10, '2019-09-25 14:03:02', '2019-09-25 14:03:02'),
(302, 28, 332, 10, '2019-09-25 14:03:02', '2019-09-25 14:03:02'),
(303, 28, 333, 10, '2019-09-25 14:03:02', '2019-09-25 14:03:02'),
(304, 29, 334, 10, '2019-09-25 14:20:39', '2019-09-25 14:20:39'),
(305, 29, 335, 10, '2019-09-25 14:20:39', '2019-09-25 14:20:39'),
(306, 29, 336, 10, '2019-09-25 14:20:39', '2019-09-25 14:20:39'),
(307, 29, 337, 10, '2019-09-25 14:20:39', '2019-09-25 14:20:39'),
(308, 29, 338, 10, '2019-09-25 14:20:40', '2019-09-25 14:20:40'),
(309, 29, 339, 10, '2019-09-25 14:20:40', '2019-09-25 14:20:40'),
(310, 29, 340, 10, '2019-09-25 14:20:40', '2019-09-25 14:20:40'),
(311, 30, 341, 10, '2019-09-25 14:24:16', '2019-09-25 14:24:16'),
(312, 30, 342, 10, '2019-09-25 14:24:16', '2019-09-25 14:24:16'),
(313, 30, 343, 10, '2019-09-25 14:24:16', '2019-09-25 14:24:16'),
(314, 30, 344, 10, '2019-09-25 14:24:16', '2019-09-25 14:24:16'),
(315, 31, 345, 10, '2019-09-25 14:26:49', '2019-09-25 14:26:49'),
(316, 31, 346, 10, '2019-09-25 14:26:49', '2019-09-25 14:26:49'),
(317, 31, 347, 10, '2019-09-25 14:26:49', '2019-09-25 14:26:49'),
(318, 31, 348, 10, '2019-09-25 14:26:49', '2019-09-25 14:26:49'),
(319, 31, 349, 10, '2019-09-25 14:26:49', '2019-09-25 14:26:49'),
(320, 32, 350, 10, '2019-09-25 14:47:48', '2019-09-25 14:47:48'),
(321, 32, 351, 10, '2019-09-25 14:47:48', '2019-09-25 14:47:48'),
(322, 32, 352, 10, '2019-09-25 14:47:48', '2019-09-25 14:47:48'),
(323, 32, 353, 10, '2019-09-25 14:47:48', '2019-09-25 14:47:48'),
(324, 32, 354, 10, '2019-09-25 14:47:49', '2019-09-25 14:47:49'),
(325, 32, 355, 10, '2019-09-25 14:47:49', '2019-09-25 14:47:49'),
(326, 32, 356, 10, '2019-09-25 14:47:49', '2019-09-25 14:47:49'),
(327, 32, 357, 10, '2019-09-25 14:47:49', '2019-09-25 14:47:49'),
(328, 32, 358, 10, '2019-09-25 14:47:49', '2019-09-25 14:47:49'),
(329, 33, 362, 10, '2019-09-25 14:54:58', '2019-09-25 14:54:58'),
(330, 33, 363, 10, '2019-09-25 14:54:58', '2019-09-25 14:54:58'),
(331, 33, 364, 10, '2019-09-25 14:54:58', '2019-09-25 14:54:58'),
(332, 33, 365, 10, '2019-09-25 14:54:58', '2019-09-25 14:54:58'),
(333, 33, 366, 10, '2019-09-25 14:54:58', '2019-09-25 14:54:58'),
(334, 33, 367, 10, '2019-09-25 14:54:58', '2019-09-25 14:54:58'),
(335, 33, 368, 10, '2019-09-25 14:54:58', '2019-09-25 14:54:58'),
(336, 33, 369, 10, '2019-09-25 14:54:58', '2019-09-25 14:54:58'),
(337, 33, 370, 10, '2019-09-25 14:56:11', '2019-09-25 14:56:11'),
(338, 34, 371, 10, '2019-09-25 14:59:27', '2019-09-25 14:59:27'),
(339, 34, 372, 10, '2019-09-25 14:59:28', '2019-09-25 14:59:28'),
(340, 34, 373, 10, '2019-09-25 14:59:28', '2019-09-25 14:59:28'),
(341, 34, 374, 10, '2019-09-25 14:59:28', '2019-09-25 14:59:28'),
(342, 34, 375, 10, '2019-09-25 14:59:28', '2019-09-25 14:59:28'),
(343, 34, 376, 10, '2019-09-25 14:59:28', '2019-09-25 14:59:28'),
(350, 35, 383, 10, '2019-09-26 10:27:29', '2019-09-26 10:27:29'),
(351, 35, 384, 10, '2019-09-26 10:27:29', '2019-09-26 10:27:29'),
(352, 35, 385, 10, '2019-09-26 10:27:29', '2019-09-26 10:27:29'),
(353, 35, 386, 10, '2019-09-26 10:27:29', '2019-09-26 10:27:29'),
(354, 35, 387, 10, '2019-09-26 10:27:29', '2019-09-26 10:27:29'),
(355, 35, 388, 10, '2019-09-26 10:27:29', '2019-09-26 10:27:29'),
(356, 35, 389, 10, '2019-09-26 10:27:29', '2019-09-26 10:27:29'),
(357, 35, 390, 10, '2019-09-26 10:27:29', '2019-09-26 10:27:29'),
(358, 35, 391, 10, '2019-09-26 10:27:29', '2019-09-26 10:27:29'),
(359, 35, 392, 10, '2019-09-26 10:27:29', '2019-09-26 10:27:29'),
(360, 36, 393, 10, '2019-09-26 10:33:20', '2019-09-26 10:33:20'),
(361, 36, 394, 10, '2019-09-26 10:33:20', '2019-09-26 10:33:20'),
(362, 36, 395, 10, '2019-09-26 10:33:20', '2019-09-26 10:33:20'),
(364, 37, 397, 10, '2019-09-26 10:34:27', '2019-09-26 10:34:27'),
(365, 37, 398, 10, '2019-09-26 10:34:47', '2019-09-26 10:34:47'),
(366, 37, 399, 10, '2019-09-26 10:34:47', '2019-09-26 10:34:47'),
(367, 37, 400, 10, '2019-09-26 10:34:47', '2019-09-26 10:34:47'),
(368, 37, 401, 10, '2019-09-26 10:34:47', '2019-09-26 10:34:47'),
(369, 37, 402, 10, '2019-09-26 10:34:47', '2019-09-26 10:34:47'),
(384, 39, 427, 10, '2019-09-26 11:30:15', '2019-09-26 11:30:15'),
(385, 39, 428, 10, '2019-09-26 11:30:15', '2019-09-26 11:30:15'),
(386, 39, 429, 10, '2019-09-26 11:30:15', '2019-09-26 11:30:15'),
(387, 39, 430, 10, '2019-09-26 11:30:15', '2019-09-26 11:30:15'),
(388, 39, 431, 10, '2019-09-26 11:30:15', '2019-09-26 11:30:15'),
(389, 39, 432, 10, '2019-09-26 11:30:15', '2019-09-26 11:30:15'),
(390, 40, 433, 10, '2019-09-26 11:31:20', '2019-09-26 11:31:20'),
(391, 40, 434, 10, '2019-09-26 11:31:20', '2019-09-26 11:31:20'),
(392, 40, 435, 10, '2019-09-26 11:31:20', '2019-09-26 11:31:20'),
(393, 41, 436, 10, '2019-09-26 11:45:25', '2019-09-26 11:45:25'),
(394, 41, 437, 10, '2019-09-26 11:45:25', '2019-09-26 11:45:25'),
(395, 41, 438, 10, '2019-09-26 11:45:25', '2019-09-26 11:45:25'),
(396, 41, 439, 10, '2019-09-26 11:45:25', '2019-09-26 11:45:25'),
(397, 41, 440, 10, '2019-09-26 11:45:25', '2019-09-26 11:45:25'),
(398, 41, 441, 10, '2019-09-26 11:45:25', '2019-09-26 11:45:25'),
(410, 5, 453, 10, '2019-09-26 12:09:27', '2019-09-26 12:09:27'),
(411, 5, 454, 10, '2019-09-26 12:09:30', '2019-09-26 12:09:30'),
(412, 5, 455, 10, '2019-09-26 12:09:30', '2019-09-26 12:09:30'),
(413, 5, 456, 10, '2019-09-26 12:09:30', '2019-09-26 12:09:30'),
(414, 5, 457, 10, '2019-09-26 12:09:30', '2019-09-26 12:09:30'),
(415, 5, 458, 10, '2019-09-26 12:19:48', '2019-09-26 12:19:48'),
(416, 5, 459, 10, '2019-09-26 12:19:48', '2019-09-26 12:19:48'),
(417, 5, 460, 10, '2019-09-26 12:19:50', '2019-09-26 12:19:50'),
(418, 5, 461, 10, '2019-09-26 12:19:50', '2019-09-26 12:19:50'),
(419, 5, 462, 10, '2019-09-26 12:19:51', '2019-09-26 12:19:51'),
(420, 5, 463, 10, '2019-09-26 12:19:52', '2019-09-26 12:19:52'),
(421, 38, 464, 10, '2019-09-26 12:32:22', '2019-09-26 12:32:22'),
(422, 38, 465, 10, '2019-09-26 12:32:22', '2019-09-26 12:32:22'),
(423, 38, 466, 10, '2019-09-26 12:32:22', '2019-09-26 12:32:22'),
(424, 38, 467, 10, '2019-09-26 12:32:22', '2019-09-26 12:32:22'),
(425, 38, 468, 10, '2019-09-26 12:32:22', '2019-09-26 12:32:22'),
(426, 38, 469, 10, '2019-09-26 12:32:22', '2019-09-26 12:32:22'),
(427, 38, 470, 10, '2019-09-26 12:32:22', '2019-09-26 12:32:22'),
(428, 38, 471, 10, '2019-09-26 12:32:22', '2019-09-26 12:32:22'),
(429, 38, 472, 10, '2019-09-26 12:32:22', '2019-09-26 12:32:22'),
(430, 38, 473, 10, '2019-09-26 12:32:22', '2019-09-26 12:32:22'),
(431, 38, 474, 10, '2019-09-26 12:32:22', '2019-09-26 12:32:22'),
(432, 38, 475, 10, '2019-09-26 12:32:22', '2019-09-26 12:32:22'),
(433, 38, 476, 10, '2019-09-26 12:32:53', '2019-09-26 12:32:53'),
(434, 38, 477, 10, '2019-09-26 12:32:53', '2019-09-26 12:32:53'),
(435, 38, 478, 10, '2019-09-26 12:32:53', '2019-09-26 12:32:53'),
(436, 42, 479, 10, '2019-09-26 12:38:51', '2019-09-26 12:38:51'),
(437, 42, 480, 10, '2019-09-26 12:38:51', '2019-09-26 12:38:51'),
(438, 42, 481, 10, '2019-09-26 12:38:51', '2019-09-26 12:38:51'),
(439, 42, 482, 10, '2019-09-26 12:38:51', '2019-09-26 12:38:51'),
(440, 42, 483, 10, '2019-09-26 12:38:51', '2019-09-26 12:38:51'),
(441, 42, 484, 10, '2019-09-26 12:38:51', '2019-09-26 12:38:51'),
(442, 42, 485, 10, '2019-09-26 12:38:51', '2019-09-26 12:38:51'),
(443, 42, 486, 10, '2019-09-26 12:38:51', '2019-09-26 12:38:51'),
(444, 42, 487, 10, '2019-09-26 12:38:51', '2019-09-26 12:38:51'),
(445, 42, 488, 10, '2019-09-26 12:38:51', '2019-09-26 12:38:51'),
(446, 42, 489, 10, '2019-09-26 12:38:51', '2019-09-26 12:38:51'),
(447, 42, 490, 10, '2019-09-26 12:38:51', '2019-09-26 12:38:51'),
(448, 42, 491, 10, '2019-09-26 12:38:51', '2019-09-26 12:38:51'),
(449, 42, 492, 10, '2019-09-26 12:38:51', '2019-09-26 12:38:51'),
(451, 43, 494, 10, '2019-09-26 13:11:40', '2019-09-26 13:11:40'),
(452, 43, 495, 10, '2019-09-26 13:11:40', '2019-09-26 13:11:40'),
(453, 43, 496, 10, '2019-09-26 13:11:40', '2019-09-26 13:11:40'),
(454, 43, 497, 10, '2019-09-26 13:11:40', '2019-09-26 13:11:40'),
(455, 43, 498, 10, '2019-09-26 13:11:40', '2019-09-26 13:11:40'),
(456, 43, 499, 10, '2019-09-26 13:11:40', '2019-09-26 13:11:40'),
(457, 43, 500, 10, '2019-09-26 13:11:40', '2019-09-26 13:11:40'),
(458, 43, 501, 10, '2019-09-26 13:11:40', '2019-09-26 13:11:40'),
(459, 43, 502, 10, '2019-09-26 13:11:40', '2019-09-26 13:11:40'),
(460, 43, 503, 10, '2019-09-26 13:11:40', '2019-09-26 13:11:40'),
(461, 43, 504, 10, '2019-09-26 13:11:40', '2019-09-26 13:11:40'),
(462, 43, 505, 10, '2019-09-26 13:11:40', '2019-09-26 13:11:40'),
(463, 43, 506, 10, '2019-09-26 13:11:40', '2019-09-26 13:11:40'),
(464, 44, 507, 10, '2019-09-26 13:25:05', '2019-09-26 13:25:05'),
(465, 44, 508, 10, '2019-09-26 13:25:05', '2019-09-26 13:25:05'),
(466, 44, 509, 10, '2019-09-26 13:25:05', '2019-09-26 13:25:05'),
(467, 44, 510, 10, '2019-09-26 13:25:05', '2019-09-26 13:25:05'),
(468, 44, 511, 10, '2019-09-26 13:25:05', '2019-09-26 13:25:05'),
(469, 44, 512, 10, '2019-09-26 13:25:05', '2019-09-26 13:25:05'),
(470, 44, 513, 10, '2019-09-26 13:25:05', '2019-09-26 13:25:05'),
(471, 44, 514, 10, '2019-09-26 13:25:05', '2019-09-26 13:25:05'),
(472, 44, 515, 10, '2019-09-26 13:25:05', '2019-09-26 13:25:05'),
(473, 44, 516, 10, '2019-09-26 13:25:05', '2019-09-26 13:25:05'),
(474, 44, 517, 10, '2019-09-26 13:25:05', '2019-09-26 13:25:05'),
(475, 44, 518, 10, '2019-09-26 13:25:05', '2019-09-26 13:25:05'),
(476, 44, 519, 10, '2019-09-26 13:25:05', '2019-09-26 13:25:05'),
(477, 44, 520, 10, '2019-09-26 13:25:05', '2019-09-26 13:25:05'),
(478, 44, 521, 10, '2019-09-26 13:25:05', '2019-09-26 13:25:05'),
(479, 45, 522, 10, '2019-09-26 13:31:56', '2019-09-26 13:31:56'),
(480, 45, 523, 10, '2019-09-26 13:31:56', '2019-09-26 13:31:56'),
(481, 45, 524, 10, '2019-09-26 13:31:56', '2019-09-26 13:31:56'),
(482, 45, 525, 10, '2019-09-26 13:31:56', '2019-09-26 13:31:56'),
(483, 45, 526, 10, '2019-09-26 13:31:56', '2019-09-26 13:31:56'),
(484, 45, 527, 10, '2019-09-26 13:31:56', '2019-09-26 13:31:56'),
(485, 46, 528, 10, '2019-09-26 13:34:42', '2019-09-26 13:34:42'),
(486, 46, 529, 10, '2019-09-26 13:34:42', '2019-09-26 13:34:42'),
(487, 46, 530, 10, '2019-09-26 13:34:42', '2019-09-26 13:34:42'),
(488, 47, 531, 10, '2019-09-26 13:42:58', '2019-09-26 13:42:58'),
(489, 47, 532, 10, '2019-09-26 13:42:58', '2019-09-26 13:42:58'),
(490, 47, 533, 10, '2019-09-26 13:42:58', '2019-09-26 13:42:58'),
(491, 47, 534, 10, '2019-09-26 13:42:58', '2019-09-26 13:42:58'),
(492, 47, 535, 10, '2019-09-26 13:42:58', '2019-09-26 13:42:58'),
(494, 47, 537, 10, '2019-09-26 13:42:59', '2019-09-26 13:42:59'),
(495, 47, 538, 10, '2019-09-26 13:42:59', '2019-09-26 13:42:59'),
(497, 48, 540, 10, '2019-09-26 13:45:26', '2019-09-26 13:45:26'),
(498, 48, 541, 10, '2019-09-26 13:45:26', '2019-09-26 13:45:26'),
(499, 49, 542, 10, '2019-09-26 13:45:52', '2019-09-26 13:45:52'),
(509, 50, 552, 10, '2019-09-26 13:53:03', '2019-09-26 13:53:03'),
(510, 50, 553, 10, '2019-09-26 13:53:03', '2019-09-26 13:53:03'),
(511, 50, 554, 10, '2019-09-26 13:53:04', '2019-09-26 13:53:04'),
(512, 50, 555, 10, '2019-09-26 13:53:04', '2019-09-26 13:53:04'),
(513, 50, 556, 10, '2019-09-26 13:53:04', '2019-09-26 13:53:04'),
(514, 50, 557, 10, '2019-09-26 13:53:04', '2019-09-26 13:53:04'),
(515, 50, 558, 10, '2019-09-26 13:53:04', '2019-09-26 13:53:04'),
(516, 50, 559, 10, '2019-09-26 13:53:04', '2019-09-26 13:53:04'),
(517, 50, 560, 10, '2019-09-26 13:53:04', '2019-09-26 13:53:04'),
(518, 50, 561, 10, '2019-09-26 13:53:04', '2019-09-26 13:53:04'),
(519, 50, 562, 10, '2019-09-26 13:53:04', '2019-09-26 13:53:04'),
(520, 50, 563, 10, '2019-09-26 13:53:04', '2019-09-26 13:53:04'),
(521, 50, 564, 10, '2019-09-26 13:53:04', '2019-09-26 13:53:04'),
(522, 50, 565, 10, '2019-09-26 13:53:04', '2019-09-26 13:53:04'),
(523, 51, 566, 10, '2019-09-26 13:54:50', '2019-09-26 13:54:50'),
(524, 51, 567, 10, '2019-09-26 13:54:51', '2019-09-26 13:54:51'),
(525, 51, 568, 10, '2019-09-26 13:54:51', '2019-09-26 13:54:51'),
(526, 51, 569, 10, '2019-09-26 13:54:51', '2019-09-26 13:54:51'),
(527, 51, 570, 10, '2019-09-26 13:54:51', '2019-09-26 13:54:51'),
(528, 51, 571, 10, '2019-09-26 13:54:51', '2019-09-26 13:54:51'),
(529, 51, 572, 10, '2019-09-26 13:54:51', '2019-09-26 13:54:51'),
(530, 51, 573, 10, '2019-09-26 13:54:51', '2019-09-26 13:54:51'),
(531, 51, 574, 10, '2019-09-26 13:54:51', '2019-09-26 13:54:51'),
(532, 51, 575, 10, '2019-09-26 13:54:51', '2019-09-26 13:54:51'),
(533, 51, 576, 10, '2019-09-26 13:54:51', '2019-09-26 13:54:51'),
(534, 51, 577, 10, '2019-09-26 13:54:51', '2019-09-26 13:54:51'),
(535, 51, 578, 10, '2019-09-26 13:54:51', '2019-09-26 13:54:51'),
(536, 51, 579, 10, '2019-09-26 13:54:51', '2019-09-26 13:54:51'),
(537, 51, 580, 10, '2019-09-26 13:54:51', '2019-09-26 13:54:51'),
(538, 52, 581, 10, '2019-09-26 13:55:20', '2019-09-26 13:55:20'),
(539, 52, 582, 10, '2019-09-26 13:55:20', '2019-09-26 13:55:20'),
(540, 53, 583, 10, '2019-09-26 13:56:08', '2019-09-26 13:56:08'),
(542, 53, 585, 10, '2019-09-26 13:56:08', '2019-09-26 13:56:08'),
(543, 53, 586, 10, '2019-09-26 13:56:08', '2019-09-26 13:56:08'),
(544, 53, 587, 10, '2019-09-26 13:56:08', '2019-09-26 13:56:08'),
(546, 53, 589, 10, '2019-09-26 13:56:08', '2019-09-26 13:56:08'),
(547, 53, 590, 10, '2019-09-26 13:56:08', '2019-09-26 13:56:08'),
(548, 53, 591, 10, '2019-09-26 13:56:08', '2019-09-26 13:56:08'),
(552, 54, 595, 10, '2019-09-26 14:03:45', '2019-09-26 14:03:45'),
(553, 54, 596, 10, '2019-09-26 14:03:46', '2019-09-26 14:03:46'),
(555, 54, 598, 10, '2019-09-26 14:03:46', '2019-09-26 14:03:46'),
(556, 54, 599, 10, '2019-09-26 14:03:46', '2019-09-26 14:03:46'),
(557, 54, 600, 10, '2019-09-26 14:03:46', '2019-09-26 14:03:46'),
(558, 54, 601, 10, '2019-09-26 14:03:46', '2019-09-26 14:03:46'),
(559, 54, 602, 10, '2019-09-26 14:03:46', '2019-09-26 14:03:46'),
(560, 54, 603, 10, '2019-09-26 14:03:46', '2019-09-26 14:03:46'),
(561, 54, 604, 10, '2019-09-26 14:03:46', '2019-09-26 14:03:46'),
(562, 55, 605, 10, '2019-09-26 14:11:41', '2019-09-26 14:11:41'),
(563, 55, 606, 10, '2019-09-26 14:11:41', '2019-09-26 14:11:41'),
(564, 55, 607, 10, '2019-09-26 14:11:41', '2019-09-26 14:11:41'),
(565, 55, 608, 10, '2019-09-26 14:11:41', '2019-09-26 14:11:41'),
(566, 55, 609, 10, '2019-09-26 14:11:41', '2019-09-26 14:11:41'),
(567, 56, 610, 10, '2019-09-26 14:12:48', '2019-09-26 14:12:48'),
(568, 56, 611, 10, '2019-09-26 14:12:50', '2019-09-26 14:12:50'),
(569, 56, 612, 10, '2019-09-26 14:12:50', '2019-09-26 14:12:50'),
(570, 56, 613, 10, '2019-09-26 14:12:50', '2019-09-26 14:12:50'),
(571, 56, 614, 10, '2019-09-26 14:12:50', '2019-09-26 14:12:50'),
(572, 56, 615, 10, '2019-09-26 14:12:50', '2019-09-26 14:12:50'),
(573, 56, 616, 10, '2019-09-26 14:12:50', '2019-09-26 14:12:50'),
(574, 56, 617, 10, '2019-09-26 14:12:50', '2019-09-26 14:12:50'),
(575, 57, 618, 10, '2019-09-26 14:14:25', '2019-09-26 14:14:25'),
(576, 57, 619, 10, '2019-09-26 14:14:25', '2019-09-26 14:14:25'),
(577, 57, 620, 10, '2019-09-26 14:14:25', '2019-09-26 14:14:25'),
(578, 57, 621, 10, '2019-09-26 14:14:25', '2019-09-26 14:14:25'),
(582, 57, 625, 10, '2019-09-26 14:14:26', '2019-09-26 14:14:26'),
(583, 57, 626, 10, '2019-09-26 14:14:26', '2019-09-26 14:14:26'),
(585, 59, 628, 10, '2019-09-27 08:17:22', '2019-09-27 08:17:22'),
(586, 59, 629, 10, '2019-09-27 08:17:22', '2019-09-27 08:17:22'),
(587, 59, 630, 10, '2019-09-27 08:17:22', '2019-09-27 08:17:22'),
(588, 59, 631, 10, '2019-09-27 08:17:22', '2019-09-27 08:17:22'),
(589, 59, 632, 10, '2019-09-27 08:17:22', '2019-09-27 08:17:22'),
(590, 60, 633, 10, '2019-09-27 08:56:02', '2019-09-27 08:56:02'),
(591, 60, 634, 10, '2019-09-27 08:56:02', '2019-09-27 08:56:02'),
(592, 60, 635, 10, '2019-09-27 08:56:02', '2019-09-27 08:56:02'),
(593, 60, 636, 10, '2019-09-27 08:56:02', '2019-09-27 08:56:02'),
(594, 60, 637, 10, '2019-09-27 08:56:02', '2019-09-27 08:56:02'),
(595, 60, 638, 10, '2019-09-27 08:56:02', '2019-09-27 08:56:02'),
(596, 60, 639, 10, '2019-09-27 08:56:02', '2019-09-27 08:56:02'),
(597, 60, 640, 10, '2019-09-27 08:56:02', '2019-09-27 08:56:02'),
(598, 60, 641, 10, '2019-09-27 08:56:02', '2019-09-27 08:56:02'),
(599, 60, 642, 10, '2019-09-27 08:56:02', '2019-09-27 08:56:02'),
(600, 60, 643, 10, '2019-09-27 08:56:02', '2019-09-27 08:56:02'),
(601, 61, 644, 10, '2019-09-27 09:06:17', '2019-09-27 09:06:17'),
(602, 61, 645, 10, '2019-09-27 09:06:17', '2019-09-27 09:06:17'),
(603, 61, 646, 10, '2019-09-27 09:06:17', '2019-09-27 09:06:17'),
(604, 61, 647, 10, '2019-09-27 09:06:17', '2019-09-27 09:06:17'),
(605, 61, 648, 10, '2019-09-27 09:06:17', '2019-09-27 09:06:17'),
(606, 61, 649, 10, '2019-09-27 09:06:17', '2019-09-27 09:06:17'),
(607, 61, 650, 10, '2019-09-27 09:06:17', '2019-09-27 09:06:17'),
(608, 61, 651, 10, '2019-09-27 09:06:17', '2019-09-27 09:06:17'),
(609, 62, 652, 10, '2019-09-27 09:13:27', '2019-09-27 09:13:27'),
(610, 62, 653, 10, '2019-09-27 09:13:28', '2019-09-27 09:13:28'),
(611, 62, 654, 10, '2019-09-27 09:13:28', '2019-09-27 09:13:28'),
(612, 62, 655, 10, '2019-09-27 09:13:28', '2019-09-27 09:13:28'),
(613, 63, 656, 10, '2019-09-27 09:14:10', '2019-09-27 09:14:10'),
(614, 63, 657, 10, '2019-09-27 09:14:10', '2019-09-27 09:14:10'),
(616, 64, 659, 10, '2019-09-27 09:14:46', '2019-09-27 09:14:46'),
(617, 64, 660, 10, '2019-09-27 09:14:46', '2019-09-27 09:14:46'),
(618, 64, 661, 10, '2019-09-27 09:14:46', '2019-09-27 09:14:46'),
(619, 65, 662, 10, '2019-09-27 09:21:17', '2019-09-27 09:21:17'),
(620, 65, 663, 10, '2019-09-27 09:21:17', '2019-09-27 09:21:17'),
(621, 65, 664, 10, '2019-09-27 09:21:17', '2019-09-27 09:21:17'),
(622, 65, 665, 10, '2019-09-27 09:21:17', '2019-09-27 09:21:17'),
(623, 65, 666, 10, '2019-09-27 09:21:17', '2019-09-27 09:21:17'),
(624, 65, 667, 10, '2019-09-27 09:21:17', '2019-09-27 09:21:17'),
(625, 66, 668, 10, '2019-09-27 09:21:46', '2019-09-27 09:21:46'),
(626, 66, 669, 10, '2019-09-27 09:21:46', '2019-09-27 09:21:46'),
(627, 66, 670, 10, '2019-09-27 09:21:46', '2019-09-27 09:21:46'),
(628, 66, 671, 10, '2019-09-27 09:21:46', '2019-09-27 09:21:46'),
(629, 66, 672, 10, '2019-09-27 09:21:46', '2019-09-27 09:21:46'),
(630, 67, 673, 10, '2019-09-27 09:34:32', '2019-09-27 09:34:32'),
(634, 67, 677, 10, '2019-09-27 09:34:32', '2019-09-27 09:34:32'),
(637, 67, 680, 10, '2019-09-27 09:34:32', '2019-09-27 09:34:32'),
(638, 67, 681, 10, '2019-09-27 09:34:32', '2019-09-27 09:34:32'),
(639, 68, 682, 10, '2019-09-27 09:35:29', '2019-09-27 09:35:29'),
(640, 68, 683, 10, '2019-09-27 09:35:29', '2019-09-27 09:35:29'),
(641, 68, 684, 10, '2019-09-27 09:35:29', '2019-09-27 09:35:29'),
(642, 68, 685, 10, '2019-09-27 09:35:29', '2019-09-27 09:35:29'),
(643, 68, 686, 10, '2019-09-27 09:35:29', '2019-09-27 09:35:29'),
(645, 69, 688, 10, '2019-09-27 09:44:51', '2019-09-27 09:44:51'),
(646, 69, 689, 10, '2019-09-27 09:44:52', '2019-09-27 09:44:52'),
(647, 69, 690, 10, '2019-09-27 09:44:52', '2019-09-27 09:44:52'),
(648, 69, 691, 10, '2019-09-27 09:44:52', '2019-09-27 09:44:52'),
(649, 69, 692, 10, '2019-09-27 09:44:52', '2019-09-27 09:44:52'),
(651, 69, 694, 10, '2019-09-27 09:44:52', '2019-09-27 09:44:52'),
(652, 69, 695, 10, '2019-09-27 09:44:52', '2019-09-27 09:44:52'),
(653, 69, 696, 10, '2019-09-27 09:44:52', '2019-09-27 09:44:52'),
(654, 69, 697, 10, '2019-09-27 09:44:52', '2019-09-27 09:44:52'),
(655, 69, 698, 10, '2019-09-27 09:44:52', '2019-09-27 09:44:52'),
(656, 69, 699, 10, '2019-09-27 09:44:52', '2019-09-27 09:44:52'),
(657, 69, 700, 10, '2019-09-27 09:44:52', '2019-09-27 09:44:52'),
(658, 69, 701, 10, '2019-09-27 09:46:32', '2019-09-27 09:46:32'),
(659, 69, 702, 10, '2019-09-27 09:46:32', '2019-09-27 09:46:32'),
(661, 70, 704, 10, '2019-09-27 09:56:23', '2019-09-27 09:56:23'),
(662, 70, 705, 10, '2019-09-27 09:56:23', '2019-09-27 09:56:23'),
(664, 70, 707, 10, '2019-09-27 09:57:06', '2019-09-27 09:57:06'),
(669, 70, 712, 10, '2019-09-27 09:57:06', '2019-09-27 09:57:06'),
(670, 70, 713, 10, '2019-09-27 09:57:06', '2019-09-27 09:57:06'),
(671, 70, 714, 10, '2019-09-27 09:57:06', '2019-09-27 09:57:06'),
(672, 70, 715, 10, '2019-09-27 09:58:01', '2019-09-27 09:58:01'),
(673, 70, 716, 10, '2019-09-27 09:58:01', '2019-09-27 09:58:01'),
(674, 71, 717, 10, '2019-09-27 09:59:52', '2019-09-27 09:59:52'),
(675, 71, 718, 10, '2019-09-27 09:59:52', '2019-09-27 09:59:52'),
(676, 71, 719, 10, '2019-09-27 09:59:52', '2019-09-27 09:59:52'),
(677, 71, 720, 10, '2019-09-27 09:59:52', '2019-09-27 09:59:52'),
(678, 71, 721, 10, '2019-09-27 09:59:52', '2019-09-27 09:59:52'),
(679, 71, 722, 10, '2019-09-27 09:59:52', '2019-09-27 09:59:52'),
(680, 71, 723, 10, '2019-09-27 09:59:52', '2019-09-27 09:59:52'),
(681, 71, 724, 10, '2019-09-27 09:59:52', '2019-09-27 09:59:52'),
(685, 71, 728, 10, '2019-09-27 10:12:26', '2019-09-27 10:12:26'),
(686, 71, 729, 10, '2019-09-27 10:12:26', '2019-09-27 10:12:26'),
(687, 71, 730, 10, '2019-09-27 10:12:26', '2019-09-27 10:12:26'),
(688, 71, 731, 10, '2019-09-27 10:12:26', '2019-09-27 10:12:26'),
(689, 71, 732, 10, '2019-09-27 10:12:26', '2019-09-27 10:12:26'),
(690, 71, 733, 10, '2019-09-27 10:12:26', '2019-09-27 10:12:26'),
(691, 71, 734, 10, '2019-09-27 10:12:26', '2019-09-27 10:12:26'),
(692, 70, 735, 10, '2019-09-27 10:31:17', '2019-09-27 10:31:17'),
(693, 70, 736, 10, '2019-09-27 10:31:17', '2019-09-27 10:31:17'),
(694, 70, 737, 10, '2019-09-27 10:31:17', '2019-09-27 10:31:17'),
(695, 70, 738, 10, '2019-09-27 10:31:17', '2019-09-27 10:31:17'),
(696, 70, 739, 10, '2019-09-27 10:31:17', '2019-09-27 10:31:17'),
(697, 70, 740, 10, '2019-09-27 10:31:17', '2019-09-27 10:31:17'),
(698, 72, 741, 10, '2019-09-27 10:45:19', '2019-09-27 10:45:19'),
(699, 72, 742, 10, '2019-09-27 10:45:19', '2019-09-27 10:45:19'),
(700, 72, 743, 10, '2019-09-27 10:45:19', '2019-09-27 10:45:19'),
(701, 72, 744, 10, '2019-09-27 10:45:19', '2019-09-27 10:45:19'),
(702, 72, 745, 10, '2019-09-27 10:45:19', '2019-09-27 10:45:19'),
(703, 73, 746, 10, '2019-09-27 10:49:27', '2019-09-27 10:49:27'),
(704, 73, 747, 10, '2019-09-27 10:49:27', '2019-09-27 10:49:27'),
(705, 73, 748, 10, '2019-09-27 10:49:27', '2019-09-27 10:49:27'),
(706, 73, 749, 10, '2019-09-27 10:49:27', '2019-09-27 10:49:27'),
(707, 73, 750, 10, '2019-09-27 10:49:27', '2019-09-27 10:49:27'),
(708, 74, 751, 10, '2019-09-27 11:04:13', '2019-09-27 11:04:13'),
(709, 74, 752, 10, '2019-09-27 11:04:13', '2019-09-27 11:04:13'),
(710, 74, 753, 10, '2019-09-27 11:04:13', '2019-09-27 11:04:13'),
(711, 74, 754, 10, '2019-09-27 11:04:14', '2019-09-27 11:04:14'),
(712, 74, 755, 10, '2019-09-27 11:04:14', '2019-09-27 11:04:14'),
(713, 74, 756, 10, '2019-09-27 11:04:14', '2019-09-27 11:04:14'),
(714, 74, 757, 10, '2019-09-27 11:04:14', '2019-09-27 11:04:14'),
(715, 74, 758, 10, '2019-09-27 11:04:14', '2019-09-27 11:04:14'),
(716, 74, 759, 10, '2019-09-27 11:04:14', '2019-09-27 11:04:14'),
(717, 74, 760, 10, '2019-09-27 11:04:14', '2019-09-27 11:04:14'),
(718, 75, 761, 10, '2019-09-27 11:14:51', '2019-09-27 11:14:51'),
(719, 75, 762, 10, '2019-09-27 11:14:51', '2019-09-27 11:14:51'),
(720, 75, 763, 10, '2019-09-27 11:14:51', '2019-09-27 11:14:51'),
(721, 75, 764, 10, '2019-09-27 11:14:51', '2019-09-27 11:14:51'),
(722, 75, 765, 10, '2019-09-27 11:14:52', '2019-09-27 11:14:52'),
(723, 75, 766, 10, '2019-09-27 11:14:52', '2019-09-27 11:14:52'),
(724, 76, 767, 10, '2019-09-27 11:16:10', '2019-09-27 11:16:10'),
(725, 76, 768, 10, '2019-09-27 11:16:11', '2019-09-27 11:16:11'),
(726, 76, 769, 10, '2019-09-27 11:16:11', '2019-09-27 11:16:11'),
(730, 77, 773, 10, '2019-09-27 12:11:10', '2019-09-27 12:11:10'),
(737, 77, 780, 10, '2019-09-27 12:13:07', '2019-09-27 12:13:07'),
(738, 77, 781, 10, '2019-09-27 12:13:07', '2019-09-27 12:13:07'),
(739, 77, 782, 10, '2019-09-27 12:13:07', '2019-09-27 12:13:07'),
(740, 77, 783, 10, '2019-09-27 12:13:07', '2019-09-27 12:13:07'),
(741, 77, 784, 10, '2019-09-27 12:13:07', '2019-09-27 12:13:07'),
(742, 77, 785, 10, '2019-09-27 12:13:07', '2019-09-27 12:13:07'),
(743, 77, 786, 10, '2019-09-27 12:13:07', '2019-09-27 12:13:07'),
(746, 77, 789, 10, '2019-09-27 12:13:09', '2019-09-27 12:13:09'),
(747, 77, 790, 10, '2019-09-27 12:15:18', '2019-09-27 12:15:18'),
(748, 77, 791, 10, '2019-09-27 12:15:18', '2019-09-27 12:15:18'),
(749, 77, 792, 10, '2019-09-27 12:15:18', '2019-09-27 12:15:18'),
(750, 78, 793, 10, '2019-09-27 12:24:48', '2019-09-27 12:24:48'),
(751, 78, 794, 10, '2019-09-27 12:24:48', '2019-09-27 12:24:48'),
(753, 78, 796, 10, '2019-09-27 12:26:03', '2019-09-27 12:26:03'),
(754, 78, 797, 10, '2019-09-27 12:26:57', '2019-09-27 12:26:57'),
(755, 78, 798, 10, '2019-09-27 12:26:57', '2019-09-27 12:26:57'),
(756, 78, 799, 10, '2019-09-27 12:27:01', '2019-09-27 12:27:01'),
(758, 79, 801, 10, '2019-09-27 12:28:09', '2019-09-27 12:28:09'),
(759, 79, 802, 10, '2019-09-27 12:28:09', '2019-09-27 12:28:09'),
(760, 79, 803, 10, '2019-09-27 12:28:35', '2019-09-27 12:28:35'),
(761, 79, 804, 10, '2019-09-27 12:28:35', '2019-09-27 12:28:35'),
(763, 80, 806, 10, '2019-09-27 12:30:34', '2019-09-27 12:30:34'),
(765, 80, 808, 10, '2019-09-27 12:30:34', '2019-09-27 12:30:34'),
(766, 80, 809, 10, '2019-09-27 12:30:34', '2019-09-27 12:30:34'),
(768, 80, 811, 10, '2019-09-27 12:31:18', '2019-09-27 12:31:18'),
(769, 81, 812, 10, '2019-09-27 12:31:56', '2019-09-27 12:31:56'),
(770, 81, 813, 10, '2019-09-27 12:31:56', '2019-09-27 12:31:56'),
(771, 81, 814, 10, '2019-09-27 12:31:56', '2019-09-27 12:31:56'),
(772, 81, 815, 10, '2019-09-27 12:31:56', '2019-09-27 12:31:56'),
(773, 81, 816, 10, '2019-09-27 12:32:07', '2019-09-27 12:32:07'),
(774, 81, 817, 10, '2019-09-27 12:32:07', '2019-09-27 12:32:07'),
(775, 81, 818, 10, '2019-09-27 12:32:32', '2019-09-27 12:32:32'),
(776, 81, 819, 10, '2019-09-27 12:33:20', '2019-09-27 12:33:20'),
(777, 81, 820, 10, '2019-09-27 12:33:20', '2019-09-27 12:33:20'),
(778, 81, 821, 10, '2019-09-27 12:33:20', '2019-09-27 12:33:20'),
(780, 82, 823, 10, '2019-09-27 12:45:24', '2019-09-27 12:45:24'),
(781, 82, 824, 10, '2019-09-27 12:45:24', '2019-09-27 12:45:24'),
(782, 82, 825, 10, '2019-09-27 12:45:24', '2019-09-27 12:45:24'),
(783, 82, 826, 10, '2019-09-27 12:45:24', '2019-09-27 12:45:24'),
(784, 82, 827, 10, '2019-09-27 12:45:24', '2019-09-27 12:45:24'),
(787, 82, 830, 10, '2019-09-27 12:45:24', '2019-09-27 12:45:24'),
(788, 82, 831, 10, '2019-09-27 12:45:24', '2019-09-27 12:45:24'),
(789, 82, 832, 10, '2019-09-27 12:45:24', '2019-09-27 12:45:24'),
(790, 82, 833, 10, '2019-09-27 12:45:24', '2019-09-27 12:45:24'),
(791, 82, 834, 10, '2019-09-27 12:45:24', '2019-09-27 12:45:24'),
(792, 82, 835, 10, '2019-09-27 12:45:24', '2019-09-27 12:45:24'),
(793, 83, 836, 10, '2019-09-27 12:46:58', '2019-09-27 12:46:58'),
(794, 83, 837, 10, '2019-09-27 12:46:58', '2019-09-27 12:46:58'),
(795, 83, 838, 10, '2019-09-27 12:46:58', '2019-09-27 12:46:58'),
(796, 83, 839, 10, '2019-09-27 12:46:58', '2019-09-27 12:46:58'),
(797, 83, 840, 10, '2019-09-27 12:46:58', '2019-09-27 12:46:58'),
(798, 83, 841, 10, '2019-09-27 12:46:58', '2019-09-27 12:46:58'),
(799, 83, 842, 10, '2019-09-27 12:46:58', '2019-09-27 12:46:58'),
(800, 83, 843, 10, '2019-09-27 12:46:58', '2019-09-27 12:46:58'),
(801, 83, 844, 10, '2019-09-27 12:46:58', '2019-09-27 12:46:58'),
(802, 83, 845, 10, '2019-09-27 12:46:58', '2019-09-27 12:46:58'),
(804, 83, 847, 10, '2019-09-27 12:46:58', '2019-09-27 12:46:58'),
(805, 83, 848, 10, '2019-09-27 12:46:58', '2019-09-27 12:46:58'),
(807, 84, 851, 10, '2019-09-27 13:01:11', '2019-09-27 13:01:11'),
(809, 84, 853, 10, '2019-09-27 13:01:11', '2019-09-27 13:01:11'),
(811, 84, 855, 10, '2019-09-27 13:01:11', '2019-09-27 13:01:11'),
(812, 84, 856, 10, '2019-09-27 13:01:11', '2019-09-27 13:01:11'),
(813, 84, 857, 10, '2019-09-27 13:01:11', '2019-09-27 13:01:11'),
(814, 84, 858, 10, '2019-09-27 13:01:11', '2019-09-27 13:01:11'),
(815, 84, 859, 10, '2019-09-27 13:01:11', '2019-09-27 13:01:11'),
(816, 84, 860, 10, '2019-09-27 13:01:11', '2019-09-27 13:01:11'),
(817, 84, 861, 10, '2019-09-27 13:01:11', '2019-09-27 13:01:11'),
(818, 84, 862, 10, '2019-09-27 13:01:11', '2019-09-27 13:01:11'),
(819, 84, 863, 10, '2019-09-27 13:01:11', '2019-09-27 13:01:11'),
(820, 84, 864, 10, '2019-09-27 13:01:11', '2019-09-27 13:01:11'),
(824, 84, 868, 10, '2019-09-27 13:05:03', '2019-09-27 13:05:03'),
(826, 84, 870, 10, '2019-09-27 13:05:03', '2019-09-27 13:05:03'),
(828, 84, 872, 10, '2019-09-27 13:05:03', '2019-09-27 13:05:03'),
(830, 84, 874, 10, '2019-09-27 13:05:03', '2019-09-27 13:05:03'),
(831, 85, 875, 10, '2019-09-27 13:46:07', '2019-09-27 13:46:07'),
(832, 85, 876, 10, '2019-09-27 13:46:07', '2019-09-27 13:46:07'),
(833, 85, 877, 10, '2019-09-27 13:46:07', '2019-09-27 13:46:07'),
(834, 85, 878, 10, '2019-09-27 13:46:28', '2019-09-27 13:46:28'),
(835, 85, 879, 10, '2019-09-27 13:46:28', '2019-09-27 13:46:28'),
(837, 86, 881, 10, '2019-09-27 13:48:12', '2019-09-27 13:48:12'),
(840, 86, 884, 10, '2019-09-27 13:48:57', '2019-09-27 13:48:57'),
(841, 86, 885, 10, '2019-09-27 13:48:57', '2019-09-27 13:48:57'),
(842, 86, 886, 10, '2019-09-27 13:48:57', '2019-09-27 13:48:57'),
(843, 87, 887, 10, '2019-09-27 13:50:18', '2019-09-27 13:50:18'),
(846, 88, 890, 10, '2019-09-27 13:52:04', '2019-09-27 13:52:04'),
(847, 89, 891, 10, '2019-09-27 13:52:34', '2019-09-27 13:52:34'),
(848, 89, 892, 10, '2019-09-27 13:52:34', '2019-09-27 13:52:34'),
(849, 2, 893, 10, '2019-09-28 10:06:54', '2019-09-28 10:06:54'),
(852, 2, 896, 10, '2019-09-28 10:07:33', '2019-09-28 10:07:33'),
(854, 19, 898, 10, '2019-09-28 14:00:29', '2019-09-28 14:00:29'),
(855, 19, 899, 10, '2019-09-28 14:00:30', '2019-09-28 14:00:30'),
(856, 19, 900, 10, '2019-09-28 14:00:30', '2019-09-28 14:00:30'),
(857, 19, 901, 10, '2019-09-28 14:00:30', '2019-09-28 14:00:30'),
(858, 19, 902, 10, '2019-09-28 14:00:30', '2019-09-28 14:00:30'),
(859, 19, 903, 10, '2019-09-28 14:00:30', '2019-09-28 14:00:30'),
(860, 20, 904, 10, '2019-09-28 14:17:45', '2019-09-28 14:17:45'),
(861, 20, 905, 10, '2019-09-28 14:17:45', '2019-09-28 14:17:45'),
(862, 54, 906, 10, '2019-10-01 11:37:46', '2019-10-01 11:37:46'),
(863, 54, 907, 10, '2019-10-01 11:52:34', '2019-10-01 11:52:34'),
(864, 54, 908, 10, '2019-10-01 11:52:34', '2019-10-01 11:52:34'),
(865, 54, 909, 10, '2019-10-01 11:52:34', '2019-10-01 11:52:34'),
(866, 54, 910, 10, '2019-10-01 11:52:34', '2019-10-01 11:52:34'),
(867, 54, 911, 10, '2019-10-01 11:52:34', '2019-10-01 11:52:34'),
(868, 54, 912, 10, '2019-10-01 11:52:34', '2019-10-01 11:52:34'),
(869, 54, 913, 10, '2019-10-01 11:52:34', '2019-10-01 11:52:34'),
(870, 54, 914, 10, '2019-10-01 11:52:34', '2019-10-01 11:52:34'),
(871, 54, 915, 10, '2019-10-01 11:52:34', '2019-10-01 11:52:34'),
(872, 54, 916, 10, '2019-10-01 11:52:34', '2019-10-01 11:52:34'),
(873, 54, 917, 10, '2019-10-01 11:52:34', '2019-10-01 11:52:34'),
(874, 54, 918, 10, '2019-10-01 11:52:34', '2019-10-01 11:52:34'),
(875, 54, 919, 10, '2019-10-01 11:52:34', '2019-10-01 11:52:34'),
(876, 54, 920, 10, '2019-10-01 11:52:34', '2019-10-01 11:52:34'),
(879, 54, 923, 10, '2019-10-01 11:52:34', '2019-10-01 11:52:34'),
(880, 54, 924, 10, '2019-10-01 11:52:34', '2019-10-01 11:52:34'),
(881, 54, 925, 10, '2019-10-01 11:52:34', '2019-10-01 11:52:34'),
(882, 69, 926, 10, '2019-10-02 11:05:53', '2019-10-02 11:05:53'),
(883, 69, 927, 10, '2019-10-02 11:08:04', '2019-10-02 11:08:04'),
(884, 69, 928, 10, '2019-10-02 11:14:01', '2019-10-02 11:14:01'),
(885, 69, 929, 10, '2019-10-02 11:23:16', '2019-10-02 11:23:16'),
(886, 22, 930, 10, '2019-10-03 13:12:27', '2019-10-03 13:12:27'),
(888, 22, 932, 10, '2019-10-03 13:12:27', '2019-10-03 13:12:27'),
(889, 22, 933, 10, '2019-10-03 13:12:27', '2019-10-03 13:12:27'),
(890, 90, 935, 10, '2019-10-07 12:39:34', '2019-10-07 12:39:34'),
(891, 90, 936, 10, '2019-10-07 12:39:34', '2019-10-07 12:39:34'),
(892, 90, 937, 10, '2019-10-07 12:39:34', '2019-10-07 12:39:34'),
(893, 90, 938, 10, '2019-10-07 12:39:34', '2019-10-07 12:39:34'),
(894, 90, 939, 10, '2019-10-07 12:39:34', '2019-10-07 12:39:34'),
(895, 91, 941, 10, '2019-10-07 13:11:08', '2019-10-07 13:11:08'),
(896, 91, 942, 10, '2019-10-07 13:11:08', '2019-10-07 13:11:08'),
(897, 91, 943, 10, '2019-10-07 13:11:08', '2019-10-07 13:11:08'),
(898, 91, 944, 10, '2019-10-07 13:11:08', '2019-10-07 13:11:08'),
(899, 91, 945, 10, '2019-10-07 13:11:08', '2019-10-07 13:11:08'),
(900, 92, 948, 10, '2019-10-07 13:53:13', '2019-10-07 13:53:13'),
(901, 92, 949, 10, '2019-10-07 13:53:13', '2019-10-07 13:53:13'),
(902, 92, 950, 10, '2019-10-07 13:53:13', '2019-10-07 13:53:13'),
(903, 92, 951, 10, '2019-10-07 13:53:13', '2019-10-07 13:53:13'),
(905, 93, 954, 10, '2019-10-07 14:10:45', '2019-10-07 14:10:45'),
(906, 93, 955, 10, '2019-10-07 14:10:45', '2019-10-07 14:10:45'),
(907, 94, 957, 10, '2019-10-07 14:37:07', '2019-10-07 14:37:07'),
(908, 94, 958, 10, '2019-10-07 14:37:07', '2019-10-07 14:37:07'),
(909, 94, 959, 10, '2019-10-07 14:37:07', '2019-10-07 14:37:07'),
(910, 94, 960, 10, '2019-10-07 14:37:07', '2019-10-07 14:37:07'),
(911, 95, 962, 10, '2019-10-07 14:59:06', '2019-10-07 14:59:06'),
(912, 95, 963, 10, '2019-10-07 14:59:06', '2019-10-07 14:59:06'),
(913, 95, 964, 10, '2019-10-07 14:59:06', '2019-10-07 14:59:06'),
(914, 95, 965, 10, '2019-10-07 14:59:06', '2019-10-07 14:59:06'),
(915, 95, 966, 10, '2019-10-07 14:59:06', '2019-10-07 14:59:06'),
(916, 96, 968, 10, '2019-10-07 15:06:06', '2019-10-07 15:06:06'),
(917, 96, 969, 10, '2019-10-07 15:06:06', '2019-10-07 15:06:06'),
(918, 96, 970, 10, '2019-10-07 15:06:07', '2019-10-07 15:06:07'),
(919, 96, 971, 10, '2019-10-07 15:06:07', '2019-10-07 15:06:07'),
(920, 96, 972, 10, '2019-10-07 15:06:07', '2019-10-07 15:06:07'),
(921, 97, 974, 10, '2019-10-07 15:11:57', '2019-10-07 15:11:57'),
(922, 97, 975, 10, '2019-10-07 15:11:57', '2019-10-07 15:11:57'),
(923, 97, 976, 10, '2019-10-07 15:11:57', '2019-10-07 15:11:57'),
(924, 97, 977, 10, '2019-10-07 15:11:57', '2019-10-07 15:11:57'),
(925, 97, 978, 10, '2019-10-07 15:11:57', '2019-10-07 15:11:57'),
(926, 97, 979, 10, '2019-10-07 15:11:57', '2019-10-07 15:11:57'),
(927, 98, 981, 10, '2019-10-07 15:18:45', '2019-10-07 15:18:45'),
(928, 98, 982, 10, '2019-10-07 15:18:45', '2019-10-07 15:18:45'),
(929, 98, 983, 10, '2019-10-07 15:18:45', '2019-10-07 15:18:45'),
(930, 98, 984, 10, '2019-10-07 15:18:45', '2019-10-07 15:18:45'),
(931, 98, 985, 10, '2019-10-07 15:18:45', '2019-10-07 15:18:45'),
(932, 98, 986, 10, '2019-10-07 15:18:45', '2019-10-07 15:18:45'),
(933, 98, 987, 10, '2019-10-07 15:18:45', '2019-10-07 15:18:45'),
(934, 99, 989, 10, '2019-10-09 09:46:36', '2019-10-09 09:46:36'),
(935, 99, 990, 10, '2019-10-09 09:46:36', '2019-10-09 09:46:36'),
(936, 99, 991, 10, '2019-10-09 09:46:36', '2019-10-09 09:46:36'),
(937, 99, 992, 10, '2019-10-09 09:46:36', '2019-10-09 09:46:36'),
(938, 99, 993, 10, '2019-10-09 09:46:36', '2019-10-09 09:46:36'),
(939, 99, 994, 10, '2019-10-09 09:46:36', '2019-10-09 09:46:36'),
(940, 99, 995, 10, '2019-10-09 09:46:36', '2019-10-09 09:46:36'),
(941, 99, 996, 10, '2019-10-09 09:46:36', '2019-10-09 09:46:36'),
(942, 99, 997, 10, '2019-10-09 09:46:36', '2019-10-09 09:46:36'),
(943, 100, 999, 10, '2019-10-09 10:02:29', '2019-10-09 10:02:29'),
(944, 100, 1000, 10, '2019-10-09 10:02:29', '2019-10-09 10:02:29'),
(945, 100, 1001, 10, '2019-10-09 10:02:29', '2019-10-09 10:02:29'),
(946, 100, 1002, 10, '2019-10-09 10:02:29', '2019-10-09 10:02:29'),
(947, 100, 1003, 10, '2019-10-09 10:02:29', '2019-10-09 10:02:29'),
(948, 101, 1005, 10, '2019-10-09 12:22:05', '2019-10-09 12:22:05'),
(949, 101, 1006, 10, '2019-10-09 12:22:05', '2019-10-09 12:22:05');
INSERT INTO `gallery_items` (`id`, `gallery_id`, `image_id`, `sorting`, `created_at`, `updated_at`) VALUES
(950, 101, 1007, 10, '2019-10-09 12:22:05', '2019-10-09 12:22:05'),
(951, 101, 1008, 10, '2019-10-09 12:22:05', '2019-10-09 12:22:05'),
(952, 101, 1009, 10, '2019-10-09 12:22:05', '2019-10-09 12:22:05'),
(953, 101, 1010, 10, '2019-10-09 12:22:05', '2019-10-09 12:22:05'),
(954, 101, 1011, 10, '2019-10-09 12:22:05', '2019-10-09 12:22:05'),
(955, 101, 1012, 10, '2019-10-09 12:22:06', '2019-10-09 12:22:06'),
(956, 102, 1014, 10, '2019-10-09 12:37:14', '2019-10-09 12:37:14'),
(957, 102, 1015, 10, '2019-10-09 12:37:14', '2019-10-09 12:37:14'),
(958, 102, 1016, 10, '2019-10-09 12:37:14', '2019-10-09 12:37:14'),
(959, 102, 1017, 10, '2019-10-09 12:37:14', '2019-10-09 12:37:14'),
(960, 102, 1018, 10, '2019-10-09 12:37:14', '2019-10-09 12:37:14'),
(961, 102, 1019, 10, '2019-10-09 12:37:14', '2019-10-09 12:37:14'),
(962, 102, 1020, 10, '2019-10-09 12:37:14', '2019-10-09 12:37:14'),
(963, 102, 1021, 10, '2019-10-09 12:37:14', '2019-10-09 12:37:14'),
(964, 103, 1023, 10, '2019-10-09 13:16:30', '2019-10-09 13:16:30'),
(965, 103, 1024, 10, '2019-10-09 13:16:30', '2019-10-09 13:16:30'),
(966, 103, 1025, 10, '2019-10-09 13:16:30', '2019-10-09 13:16:30'),
(967, 103, 1026, 10, '2019-10-09 13:16:30', '2019-10-09 13:16:30'),
(968, 103, 1027, 10, '2019-10-09 13:16:30', '2019-10-09 13:16:30'),
(969, 103, 1028, 10, '2019-10-09 13:16:30', '2019-10-09 13:16:30'),
(970, 104, 1030, 10, '2019-10-09 14:10:04', '2019-10-09 14:10:04'),
(971, 104, 1031, 10, '2019-10-09 14:10:04', '2019-10-09 14:10:04'),
(972, 104, 1032, 10, '2019-10-09 14:10:04', '2019-10-09 14:10:04'),
(973, 104, 1033, 10, '2019-10-09 14:10:04', '2019-10-09 14:10:04'),
(974, 104, 1034, 10, '2019-10-09 14:10:04', '2019-10-09 14:10:04'),
(975, 104, 1035, 10, '2019-10-09 14:10:04', '2019-10-09 14:10:04'),
(976, 104, 1036, 10, '2019-10-09 14:10:04', '2019-10-09 14:10:04'),
(977, 105, 1038, 10, '2019-10-09 15:10:56', '2019-10-09 15:10:56'),
(978, 105, 1039, 10, '2019-10-09 15:10:56', '2019-10-09 15:10:56'),
(979, 105, 1040, 10, '2019-10-09 15:10:56', '2019-10-09 15:10:56'),
(980, 105, 1041, 10, '2019-10-09 15:10:56', '2019-10-09 15:10:56'),
(981, 105, 1042, 10, '2019-10-09 15:10:56', '2019-10-09 15:10:56'),
(982, 106, 1044, 10, '2019-10-10 09:50:23', '2019-10-10 09:50:23'),
(983, 106, 1045, 10, '2019-10-10 09:50:23', '2019-10-10 09:50:23'),
(984, 106, 1046, 10, '2019-10-10 09:50:23', '2019-10-10 09:50:23'),
(985, 106, 1047, 10, '2019-10-10 09:50:23', '2019-10-10 09:50:23'),
(986, 106, 1048, 10, '2019-10-10 09:50:23', '2019-10-10 09:50:23'),
(987, 106, 1049, 10, '2019-10-10 09:50:23', '2019-10-10 09:50:23'),
(988, 106, 1050, 10, '2019-10-10 09:50:23', '2019-10-10 09:50:23'),
(990, 106, 1052, 10, '2019-10-10 09:50:23', '2019-10-10 09:50:23'),
(991, 106, 1053, 10, '2019-10-10 09:50:23', '2019-10-10 09:50:23'),
(992, 107, 1055, 10, '2019-10-10 10:02:08', '2019-10-10 10:02:08'),
(993, 107, 1056, 10, '2019-10-10 10:02:08', '2019-10-10 10:02:08'),
(994, 107, 1057, 10, '2019-10-10 10:02:08', '2019-10-10 10:02:08'),
(995, 107, 1058, 10, '2019-10-10 10:02:08', '2019-10-10 10:02:08'),
(996, 107, 1059, 10, '2019-10-10 10:02:08', '2019-10-10 10:02:08'),
(997, 107, 1060, 10, '2019-10-10 10:02:08', '2019-10-10 10:02:08'),
(998, 107, 1061, 10, '2019-10-10 10:02:08', '2019-10-10 10:02:08'),
(999, 108, 1063, 10, '2019-10-10 11:47:24', '2019-10-10 11:47:24'),
(1000, 108, 1064, 10, '2019-10-10 11:47:24', '2019-10-10 11:47:24'),
(1001, 108, 1065, 10, '2019-10-10 11:47:24', '2019-10-10 11:47:24'),
(1002, 108, 1066, 10, '2019-10-10 11:47:24', '2019-10-10 11:47:24'),
(1003, 108, 1067, 10, '2019-10-10 11:47:24', '2019-10-10 11:47:24'),
(1004, 108, 1068, 10, '2019-10-10 11:47:24', '2019-10-10 11:47:24'),
(1005, 109, 1070, 10, '2019-10-10 13:01:26', '2019-10-10 13:01:26'),
(1006, 109, 1071, 10, '2019-10-10 13:01:26', '2019-10-10 13:01:26'),
(1007, 109, 1072, 10, '2019-10-10 13:01:26', '2019-10-10 13:01:26'),
(1008, 109, 1073, 10, '2019-10-10 13:01:26', '2019-10-10 13:01:26'),
(1009, 109, 1074, 10, '2019-10-10 13:01:26', '2019-10-10 13:01:26'),
(1010, 109, 1075, 10, '2019-10-10 13:01:26', '2019-10-10 13:01:26'),
(1011, 110, 1077, 10, '2019-10-10 13:13:30', '2019-10-10 13:13:30'),
(1012, 110, 1078, 10, '2019-10-10 13:13:30', '2019-10-10 13:13:30'),
(1013, 110, 1079, 10, '2019-10-10 13:13:30', '2019-10-10 13:13:30'),
(1014, 110, 1080, 10, '2019-10-10 13:13:30', '2019-10-10 13:13:30'),
(1015, 110, 1081, 10, '2019-10-10 13:13:30', '2019-10-10 13:13:30'),
(1016, 110, 1082, 10, '2019-10-10 13:13:30', '2019-10-10 13:13:30'),
(1017, 110, 1083, 10, '2019-10-10 13:13:30', '2019-10-10 13:13:30'),
(1018, 111, 1085, 10, '2019-10-10 13:23:00', '2019-10-10 13:23:00'),
(1019, 111, 1086, 10, '2019-10-10 13:23:00', '2019-10-10 13:23:00'),
(1020, 111, 1087, 10, '2019-10-10 13:23:00', '2019-10-10 13:23:00'),
(1022, 111, 1089, 10, '2019-10-10 13:23:00', '2019-10-10 13:23:00'),
(1023, 111, 1090, 10, '2019-10-10 13:23:00', '2019-10-10 13:23:00'),
(1024, 111, 1091, 10, '2019-10-10 13:23:00', '2019-10-10 13:23:00'),
(1025, 112, 1093, 10, '2019-10-10 13:31:57', '2019-10-10 13:31:57'),
(1026, 112, 1094, 10, '2019-10-10 13:31:58', '2019-10-10 13:31:58'),
(1027, 112, 1095, 10, '2019-10-10 13:31:58', '2019-10-10 13:31:58'),
(1028, 112, 1096, 10, '2019-10-10 13:31:58', '2019-10-10 13:31:58'),
(1029, 112, 1097, 10, '2019-10-10 13:31:58', '2019-10-10 13:31:58'),
(1030, 112, 1098, 10, '2019-10-10 13:31:58', '2019-10-10 13:31:58'),
(1031, 112, 1099, 10, '2019-10-10 13:31:58', '2019-10-10 13:31:58'),
(1032, 113, 1101, 10, '2019-10-10 13:45:08', '2019-10-10 13:45:08'),
(1033, 113, 1102, 10, '2019-10-10 13:45:08', '2019-10-10 13:45:08'),
(1034, 113, 1103, 10, '2019-10-10 13:45:08', '2019-10-10 13:45:08'),
(1035, 113, 1104, 10, '2019-10-10 13:45:08', '2019-10-10 13:45:08'),
(1036, 113, 1105, 10, '2019-10-10 13:45:08', '2019-10-10 13:45:08'),
(1037, 113, 1106, 10, '2019-10-10 13:45:08', '2019-10-10 13:45:08'),
(1038, 113, 1107, 10, '2019-10-10 13:45:08', '2019-10-10 13:45:08'),
(1039, 114, 1109, 10, '2019-10-11 13:33:08', '2019-10-11 13:33:08'),
(1040, 114, 1110, 10, '2019-10-11 13:33:08', '2019-10-11 13:33:08'),
(1041, 114, 1111, 10, '2019-10-11 13:33:08', '2019-10-11 13:33:08'),
(1042, 114, 1112, 10, '2019-10-11 13:33:08', '2019-10-11 13:33:08'),
(1043, 114, 1113, 10, '2019-10-11 13:33:08', '2019-10-11 13:33:08'),
(1044, 114, 1114, 10, '2019-10-11 13:33:08', '2019-10-11 13:33:08'),
(1045, 114, 1115, 10, '2019-10-11 13:33:08', '2019-10-11 13:33:08'),
(1046, 114, 1116, 10, '2019-10-11 13:33:08', '2019-10-11 13:33:08'),
(1047, 114, 1117, 10, '2019-10-11 13:33:08', '2019-10-11 13:33:08'),
(1048, 115, 1119, 10, '2019-10-11 14:16:26', '2019-10-11 14:16:26'),
(1049, 115, 1120, 10, '2019-10-11 14:16:26', '2019-10-11 14:16:26'),
(1050, 115, 1121, 10, '2019-10-11 14:16:26', '2019-10-11 14:16:26'),
(1051, 115, 1122, 10, '2019-10-11 14:16:26', '2019-10-11 14:16:26'),
(1052, 115, 1123, 10, '2019-10-11 14:16:26', '2019-10-11 14:16:26'),
(1053, 115, 1124, 10, '2019-10-11 14:16:26', '2019-10-11 14:16:26'),
(1054, 116, 1126, 10, '2019-10-11 14:37:26', '2019-10-11 14:37:26'),
(1055, 116, 1127, 10, '2019-10-11 14:37:26', '2019-10-11 14:37:26'),
(1056, 116, 1128, 10, '2019-10-11 14:37:26', '2019-10-11 14:37:26'),
(1057, 116, 1129, 10, '2019-10-11 14:37:26', '2019-10-11 14:37:26'),
(1058, 116, 1130, 10, '2019-10-11 14:37:26', '2019-10-11 14:37:26'),
(1059, 116, 1131, 10, '2019-10-11 14:37:26', '2019-10-11 14:37:26'),
(1060, 116, 1132, 10, '2019-10-11 14:37:26', '2019-10-11 14:37:26'),
(1061, 116, 1133, 10, '2019-10-11 14:37:26', '2019-10-11 14:37:26'),
(1062, 116, 1134, 10, '2019-10-11 14:37:26', '2019-10-11 14:37:26'),
(1063, 116, 1135, 10, '2019-10-11 14:37:26', '2019-10-11 14:37:26'),
(1064, 116, 1136, 10, '2019-10-11 14:37:26', '2019-10-11 14:37:26'),
(1065, 116, 1137, 10, '2019-10-11 14:37:26', '2019-10-11 14:37:26'),
(1066, 116, 1138, 10, '2019-10-11 14:37:26', '2019-10-11 14:37:26'),
(1067, 117, 1140, 10, '2019-10-11 14:58:49', '2019-10-11 14:58:49'),
(1068, 117, 1141, 10, '2019-10-11 14:58:49', '2019-10-11 14:58:49'),
(1069, 117, 1142, 10, '2019-10-11 14:58:49', '2019-10-11 14:58:49'),
(1070, 117, 1143, 10, '2019-10-11 14:58:49', '2019-10-11 14:58:49'),
(1071, 117, 1144, 10, '2019-10-11 14:58:49', '2019-10-11 14:58:49'),
(1072, 117, 1145, 10, '2019-10-11 14:58:49', '2019-10-11 14:58:49'),
(1073, 117, 1146, 10, '2019-10-11 14:58:49', '2019-10-11 14:58:49'),
(1074, 118, 1148, 10, '2019-10-11 15:08:46', '2019-10-11 15:08:46'),
(1075, 118, 1149, 10, '2019-10-11 15:08:46', '2019-10-11 15:08:46'),
(1076, 118, 1150, 10, '2019-10-11 15:08:46', '2019-10-11 15:08:46'),
(1077, 118, 1151, 10, '2019-10-11 15:08:46', '2019-10-11 15:08:46'),
(1078, 118, 1152, 10, '2019-10-11 15:08:46', '2019-10-11 15:08:46'),
(1079, 118, 1153, 10, '2019-10-11 15:08:46', '2019-10-11 15:08:46'),
(1080, 119, 1155, 10, '2019-10-11 15:31:45', '2019-10-11 15:31:45'),
(1081, 119, 1156, 10, '2019-10-11 15:31:45', '2019-10-11 15:31:45'),
(1082, 119, 1157, 10, '2019-10-11 15:31:45', '2019-10-11 15:31:45'),
(1083, 119, 1158, 10, '2019-10-11 15:31:45', '2019-10-11 15:31:45'),
(1084, 119, 1159, 10, '2019-10-11 15:31:46', '2019-10-11 15:31:46'),
(1085, 119, 1160, 10, '2019-10-11 15:31:46', '2019-10-11 15:31:46'),
(1086, 119, 1161, 10, '2019-10-11 15:31:46', '2019-10-11 15:31:46'),
(1087, 119, 1162, 10, '2019-10-11 15:31:46', '2019-10-11 15:31:46'),
(1088, 119, 1163, 10, '2019-10-11 15:31:46', '2019-10-11 15:31:46'),
(1089, 120, 1165, 10, '2019-10-11 15:43:58', '2019-10-11 15:43:58'),
(1090, 120, 1166, 10, '2019-10-11 15:43:58', '2019-10-11 15:43:58'),
(1091, 120, 1167, 10, '2019-10-11 15:43:58', '2019-10-11 15:43:58'),
(1092, 120, 1168, 10, '2019-10-11 15:43:58', '2019-10-11 15:43:58'),
(1093, 121, 1170, 10, '2019-10-15 10:07:01', '2019-10-15 10:07:01'),
(1094, 121, 1171, 10, '2019-10-15 10:07:01', '2019-10-15 10:07:01'),
(1095, 121, 1172, 10, '2019-10-15 10:07:01', '2019-10-15 10:07:01'),
(1096, 121, 1173, 10, '2019-10-15 10:07:01', '2019-10-15 10:07:01'),
(1097, 121, 1174, 10, '2019-10-15 10:07:01', '2019-10-15 10:07:01'),
(1098, 121, 1175, 10, '2019-10-15 10:07:01', '2019-10-15 10:07:01'),
(1099, 122, 1177, 10, '2019-10-15 10:14:57', '2019-10-15 10:14:57'),
(1100, 122, 1178, 10, '2019-10-15 10:14:57', '2019-10-15 10:14:57'),
(1101, 122, 1179, 10, '2019-10-15 10:14:57', '2019-10-15 10:14:57'),
(1102, 122, 1180, 10, '2019-10-15 10:14:57', '2019-10-15 10:14:57'),
(1103, 122, 1181, 10, '2019-10-15 10:14:57', '2019-10-15 10:14:57'),
(1104, 122, 1182, 10, '2019-10-15 10:14:57', '2019-10-15 10:14:57'),
(1105, 123, 1185, 10, '2019-10-15 10:37:52', '2019-10-15 10:37:52'),
(1106, 123, 1186, 10, '2019-10-15 10:37:52', '2019-10-15 10:37:52'),
(1107, 123, 1187, 10, '2019-10-15 10:37:52', '2019-10-15 10:37:52'),
(1108, 123, 1188, 10, '2019-10-15 10:37:52', '2019-10-15 10:37:52'),
(1109, 123, 1189, 10, '2019-10-15 10:37:52', '2019-10-15 10:37:52'),
(1110, 123, 1190, 10, '2019-10-15 10:37:52', '2019-10-15 10:37:52'),
(1111, 123, 1191, 10, '2019-10-15 10:37:52', '2019-10-15 10:37:52'),
(1112, 123, 1192, 10, '2019-10-15 10:37:52', '2019-10-15 10:37:52'),
(1113, 124, 1194, 10, '2019-10-15 11:50:15', '2019-10-15 11:50:15'),
(1114, 124, 1195, 10, '2019-10-15 11:50:15', '2019-10-15 11:50:15'),
(1115, 124, 1196, 10, '2019-10-15 11:50:15', '2019-10-15 11:50:15'),
(1116, 124, 1197, 10, '2019-10-15 11:50:15', '2019-10-15 11:50:15'),
(1117, 124, 1198, 10, '2019-10-15 11:50:15', '2019-10-15 11:50:15'),
(1118, 124, 1199, 10, '2019-10-15 11:50:15', '2019-10-15 11:50:15'),
(1119, 124, 1200, 10, '2019-10-15 11:50:15', '2019-10-15 11:50:15'),
(1120, 124, 1201, 10, '2019-10-15 11:50:15', '2019-10-15 11:50:15'),
(1121, 124, 1202, 10, '2019-10-15 11:50:15', '2019-10-15 11:50:15'),
(1122, 125, 1204, 10, '2019-10-15 12:00:50', '2019-10-15 12:00:50'),
(1123, 125, 1205, 10, '2019-10-15 12:00:50', '2019-10-15 12:00:50'),
(1124, 125, 1206, 10, '2019-10-15 12:00:50', '2019-10-15 12:00:50'),
(1125, 125, 1207, 10, '2019-10-15 12:00:51', '2019-10-15 12:00:51'),
(1126, 125, 1208, 10, '2019-10-15 12:00:51', '2019-10-15 12:00:51'),
(1127, 125, 1209, 10, '2019-10-15 12:00:51', '2019-10-15 12:00:51'),
(1128, 125, 1210, 10, '2019-10-15 12:00:51', '2019-10-15 12:00:51'),
(1130, 125, 1212, 10, '2019-10-15 12:00:51', '2019-10-15 12:00:51'),
(1131, 125, 1213, 10, '2019-10-15 12:00:51', '2019-10-15 12:00:51'),
(1132, 126, 1215, 10, '2019-10-15 12:20:31', '2019-10-15 12:20:31'),
(1133, 126, 1216, 10, '2019-10-15 12:20:31', '2019-10-15 12:20:31'),
(1134, 126, 1217, 10, '2019-10-15 12:20:31', '2019-10-15 12:20:31'),
(1135, 126, 1218, 10, '2019-10-15 12:20:31', '2019-10-15 12:20:31'),
(1136, 126, 1219, 10, '2019-10-15 12:20:31', '2019-10-15 12:20:31'),
(1137, 126, 1220, 10, '2019-10-15 12:20:31', '2019-10-15 12:20:31'),
(1138, 126, 1221, 10, '2019-10-15 12:20:31', '2019-10-15 12:20:31'),
(1139, 126, 1222, 10, '2019-10-15 12:20:31', '2019-10-15 12:20:31'),
(1140, 126, 1223, 10, '2019-10-15 12:20:31', '2019-10-15 12:20:31'),
(1141, 126, 1224, 10, '2019-10-15 12:20:31', '2019-10-15 12:20:31'),
(1142, 127, 1226, 10, '2019-10-15 12:28:39', '2019-10-15 12:28:39'),
(1143, 127, 1227, 10, '2019-10-15 12:28:40', '2019-10-15 12:28:40'),
(1144, 127, 1228, 10, '2019-10-15 12:28:40', '2019-10-15 12:28:40'),
(1145, 127, 1229, 10, '2019-10-15 12:28:40', '2019-10-15 12:28:40'),
(1146, 127, 1230, 10, '2019-10-15 12:28:40', '2019-10-15 12:28:40'),
(1147, 128, 1232, 10, '2019-10-15 12:47:25', '2019-10-15 12:47:25'),
(1148, 128, 1233, 10, '2019-10-15 12:47:25', '2019-10-15 12:47:25'),
(1149, 128, 1234, 10, '2019-10-15 12:47:25', '2019-10-15 12:47:25'),
(1150, 128, 1235, 10, '2019-10-15 12:47:25', '2019-10-15 12:47:25'),
(1151, 128, 1236, 10, '2019-10-15 12:47:25', '2019-10-15 12:47:25'),
(1152, 128, 1237, 10, '2019-10-15 12:47:25', '2019-10-15 12:47:25'),
(1154, 128, 1239, 10, '2019-10-15 12:47:25', '2019-10-15 12:47:25'),
(1155, 128, 1240, 10, '2019-10-15 12:47:25', '2019-10-15 12:47:25'),
(1156, 128, 1241, 10, '2019-10-15 12:47:25', '2019-10-15 12:47:25'),
(1157, 128, 1242, 10, '2019-10-15 12:47:25', '2019-10-15 12:47:25'),
(1158, 129, 1244, 10, '2019-10-15 13:22:10', '2019-10-15 13:22:10'),
(1159, 129, 1245, 10, '2019-10-15 13:22:10', '2019-10-15 13:22:10'),
(1160, 129, 1246, 10, '2019-10-15 13:22:10', '2019-10-15 13:22:10'),
(1161, 129, 1247, 10, '2019-10-15 13:22:10', '2019-10-15 13:22:10'),
(1162, 129, 1248, 10, '2019-10-15 13:22:10', '2019-10-15 13:22:10'),
(1163, 129, 1249, 10, '2019-10-15 13:22:10', '2019-10-15 13:22:10'),
(1164, 129, 1250, 10, '2019-10-15 13:22:10', '2019-10-15 13:22:10'),
(1165, 129, 1251, 10, '2019-10-15 13:22:10', '2019-10-15 13:22:10'),
(1166, 130, 1253, 10, '2019-10-15 13:44:57', '2019-10-15 13:44:57'),
(1167, 130, 1254, 10, '2019-10-15 13:44:57', '2019-10-15 13:44:57'),
(1168, 130, 1255, 10, '2019-10-15 13:44:57', '2019-10-15 13:44:57'),
(1169, 130, 1256, 10, '2019-10-15 13:44:57', '2019-10-15 13:44:57'),
(1170, 130, 1257, 10, '2019-10-15 13:44:57', '2019-10-15 13:44:57'),
(1171, 130, 1258, 10, '2019-10-15 13:44:57', '2019-10-15 13:44:57'),
(1172, 131, 1260, 10, '2019-10-15 13:58:12', '2019-10-15 13:58:12'),
(1173, 131, 1261, 10, '2019-10-15 13:58:12', '2019-10-15 13:58:12'),
(1174, 131, 1262, 10, '2019-10-15 13:58:12', '2019-10-15 13:58:12'),
(1175, 131, 1263, 10, '2019-10-15 13:58:12', '2019-10-15 13:58:12'),
(1176, 131, 1264, 10, '2019-10-15 13:58:12', '2019-10-15 13:58:12'),
(1177, 131, 1265, 10, '2019-10-15 13:58:12', '2019-10-15 13:58:12'),
(1178, 132, 1267, 10, '2019-10-15 14:09:34', '2019-10-15 14:09:34'),
(1179, 132, 1268, 10, '2019-10-15 14:09:34', '2019-10-15 14:09:34'),
(1180, 132, 1269, 10, '2019-10-15 14:09:34', '2019-10-15 14:09:34'),
(1181, 132, 1270, 10, '2019-10-15 14:09:34', '2019-10-15 14:09:34'),
(1182, 132, 1271, 10, '2019-10-15 14:09:34', '2019-10-15 14:09:34'),
(1183, 132, 1272, 10, '2019-10-15 14:09:34', '2019-10-15 14:09:34'),
(1184, 132, 1273, 10, '2019-10-15 14:09:34', '2019-10-15 14:09:34'),
(1185, 132, 1274, 10, '2019-10-15 14:09:34', '2019-10-15 14:09:34');

--
-- Дамп данных таблицы `gallery_items_langs`
--

INSERT INTO `gallery_items_langs` (`id`, `gallery_item_id`, `lang`, `title`, `subtitle`, `alt`, `link`, `created_at`, `updated_at`) VALUES
(1, 1, 'ru', NULL, NULL, 'Ресторан «IRIS art RESTAURANT»', NULL, '2019-09-23 15:36:22', '2019-09-23 15:36:22'),
(2, 1, 'ua', NULL, NULL, 'Ресторан «IRIS art RESTAURANT»', NULL, '2019-09-23 15:36:22', '2019-09-23 15:36:22'),
(3, 2, 'ru', NULL, NULL, 'Ресторан «IRIS art RESTAURANT»', NULL, '2019-09-23 15:36:22', '2019-09-23 15:36:22'),
(4, 2, 'ua', NULL, NULL, 'Ресторан «IRIS art RESTAURANT»', NULL, '2019-09-23 15:36:22', '2019-09-23 15:36:22'),
(5, 3, 'ru', NULL, NULL, 'Ресторан «IRIS art RESTAURANT»', NULL, '2019-09-23 15:36:22', '2019-09-23 15:36:22'),
(6, 3, 'ua', NULL, NULL, 'Ресторан «IRIS art RESTAURANT»', NULL, '2019-09-23 15:36:22', '2019-09-23 15:36:22'),
(7, 4, 'ru', NULL, NULL, 'Ресторан «IRIS art RESTAURANT»', NULL, '2019-09-23 15:36:22', '2019-09-23 15:36:22'),
(8, 4, 'ua', NULL, NULL, 'Ресторан «IRIS art RESTAURANT»', NULL, '2019-09-23 15:36:22', '2019-09-23 15:36:22'),
(9, 5, 'ru', NULL, NULL, 'Ресторан «IRIS art RESTAURANT»', NULL, '2019-09-23 15:36:23', '2019-09-23 15:36:23'),
(10, 5, 'ua', NULL, NULL, 'Ресторан «IRIS art RESTAURANT»', NULL, '2019-09-23 15:36:23', '2019-09-23 15:36:23'),
(11, 6, 'ru', NULL, NULL, 'Ресторан «IRIS art RESTAURANT»', NULL, '2019-09-23 15:36:23', '2019-09-23 15:36:23'),
(12, 6, 'ua', NULL, NULL, 'Ресторан «IRIS art RESTAURANT»', NULL, '2019-09-23 15:36:23', '2019-09-23 15:36:23'),
(13, 7, 'ru', 'Торжественный зал до 60 персон', NULL, 'Торжественный зал до 60 персон', NULL, '2019-09-23 15:55:15', '2019-09-28 10:31:30'),
(14, 7, 'ua', 'Урочистий зал до 60 персон', NULL, 'Урочистий зал до 60 персон', NULL, '2019-09-23 15:55:15', '2019-09-28 10:31:30'),
(15, 8, 'ru', 'Бар в ресторане \"Ирис\"', NULL, 'Бар в ресторане \"Ирис\"', NULL, '2019-09-23 15:55:15', '2019-09-28 10:31:30'),
(16, 8, 'ua', 'Бар в ресторані \"Ірис\"', NULL, 'Бар в ресторані \"Ірис\"', NULL, '2019-09-23 15:55:15', '2019-09-28 10:31:30'),
(17, 9, 'ru', 'Летняя терраса до 20 персон', NULL, 'Летняя терраса до 20 персон', NULL, '2019-09-23 16:02:42', '2019-09-23 16:04:27'),
(18, 9, 'ua', 'Літня тераса до 20 персон', NULL, 'Літня тераса до 20 персон', NULL, '2019-09-23 16:02:42', '2019-09-23 16:04:27'),
(19, 10, 'ru', 'Люкс Салон и Браон', '2788 грн', 'Люкс Салон и Браон', NULL, '2019-09-23 16:06:52', '2019-09-23 16:09:30'),
(20, 10, 'ua', 'Люкс Салон і Браон', '2788 грн', 'Люкс Салон і Браон', NULL, '2019-09-23 16:06:52', '2019-09-23 16:09:30'),
(23, 12, 'ru', 'Ассорти колбас', NULL, 'Ресторанный комплекс «Мисто». Ассорти колбас', NULL, '2019-09-24 11:42:47', '2019-09-24 12:05:42'),
(24, 12, 'ua', 'Асорті ковбас', NULL, 'Ресторанний комплекс «Місто». Асорті ковбас', NULL, '2019-09-24 11:42:47', '2019-09-24 12:05:42'),
(25, 13, 'ru', 'Ассорти морепродуктов', NULL, 'Ресторанный комплекс «Мисто». Ассорти морепродуктов', NULL, '2019-09-24 11:42:47', '2019-09-24 12:05:42'),
(26, 13, 'ua', 'асорті морепродуктів', NULL, 'Ресторанний комплекс «Місто». асорті морепродуктів', NULL, '2019-09-24 11:42:47', '2019-09-24 12:05:42'),
(27, 14, 'ru', 'Доска мангал', NULL, 'Ресторанный комплекс «Мисто». Доска мангал', NULL, '2019-09-24 11:42:47', '2019-09-24 12:05:42'),
(28, 14, 'ua', 'Дошка мангал', NULL, 'Ресторанний комплекс «Місто». Дошка мангал', NULL, '2019-09-24 11:42:47', '2019-09-24 12:05:42'),
(29, 15, 'ru', 'Карпаччо', NULL, 'Ресторанный комплекс «Мисто». Карпаччо', NULL, '2019-09-24 11:42:47', '2019-09-24 12:05:42'),
(30, 15, 'ua', 'Карпаччо', NULL, 'Ресторанний комплекс «Місто». Карпаччо', NULL, '2019-09-24 11:42:47', '2019-09-24 12:05:42'),
(31, 16, 'ru', 'Лазанья', NULL, 'Ресторанный комплекс «Мисто». Лазанья', NULL, '2019-09-24 11:42:47', '2019-09-24 12:05:42'),
(32, 16, 'ua', 'Лазанья', NULL, 'Ресторанний комплекс «Місто». Лазанья', NULL, '2019-09-24 11:42:47', '2019-09-24 12:05:42'),
(33, 17, 'ru', 'Медальоны', NULL, 'Ресторанный комплекс «Мисто». Медальоны', NULL, '2019-09-24 11:42:47', '2019-09-24 12:05:42'),
(34, 17, 'ua', 'Медальйони', NULL, 'Ресторанний комплекс «Місто». Медальйони', NULL, '2019-09-24 11:42:47', '2019-09-24 12:05:42'),
(35, 18, 'ru', 'Мидии дорадо с осьминогом', NULL, 'Ресторанный комплекс «Мисто». Мидии дорадо с осьминогом', NULL, '2019-09-24 11:42:47', '2019-09-24 12:05:42'),
(36, 18, 'ua', 'Мідії дорадо з восьминогом', NULL, 'Ресторанний комплекс «Місто». Мідії дорадо з восьминогом', NULL, '2019-09-24 11:42:47', '2019-09-24 12:05:42'),
(37, 19, 'ru', 'Микс \"птица\"', NULL, 'Ресторанный комплекс «Мисто». Микс \"птица\"', NULL, '2019-09-24 11:42:47', '2019-09-24 12:05:42'),
(38, 19, 'ua', 'Мікс \"птах\"', NULL, 'Ресторанний комплекс «Місто». Мікс \"птах\"', NULL, '2019-09-24 11:42:47', '2019-09-24 12:05:42'),
(39, 20, 'ru', 'Овощи гриль', NULL, 'Ресторанный комплекс «Мисто». Овощи гриль', NULL, '2019-09-24 11:42:47', '2019-09-24 12:05:42'),
(40, 20, 'ua', 'Овочі гриль', NULL, 'Ресторанний комплекс «Місто». Овочі гриль', NULL, '2019-09-24 11:42:47', '2019-09-24 12:05:42'),
(41, 21, 'ru', 'Острая телятина', NULL, 'Ресторанный комплекс «Мисто». Острая телятина', NULL, '2019-09-24 11:42:47', '2019-09-24 12:05:42'),
(42, 21, 'ua', 'Гостра телятина', NULL, 'Ресторанний комплекс «Місто». Гостра телятина', NULL, '2019-09-24 11:42:47', '2019-09-24 12:05:42'),
(43, 22, 'ru', 'Тартар, мясной микс, салат с белой рыбой', NULL, 'Ресторанный комплекс «Мисто». Тартар, мясной микс, салат с белой рыбой', NULL, '2019-09-24 11:42:47', '2019-09-24 12:05:42'),
(44, 22, 'ua', 'Тартар, м\'ясний мікс, салат з білою рибою', NULL, 'Ресторанний комплекс «Місто». Тартар, м\'ясний мікс, салат з білою рибою', NULL, '2019-09-24 11:42:47', '2019-09-24 12:05:42'),
(45, 23, 'ru', 'Утиная ножка', NULL, 'Ресторанный комплекс «Мисто». Утиная ножка', NULL, '2019-09-24 11:42:47', '2019-09-24 12:05:42'),
(46, 23, 'ua', 'Качина ніжка', NULL, 'Ресторанний комплекс «Місто». Качина ніжка', NULL, '2019-09-24 11:42:47', '2019-09-24 12:05:42'),
(47, 24, 'ru', 'Банкетный холл', NULL, 'Банкетный холл', NULL, '2019-09-24 12:48:38', '2019-09-28 09:11:32'),
(48, 24, 'ua', 'Банкетний хол', NULL, 'Банкетний хол', NULL, '2019-09-24 12:48:38', '2019-09-28 09:11:32'),
(49, 25, 'ru', 'Нежное оформление зала', NULL, 'Нежное оформление зала', NULL, '2019-09-24 12:48:38', '2019-09-28 09:11:32'),
(50, 25, 'ua', 'Ніжне оформлення залу', NULL, 'Ніжне оформлення залу', NULL, '2019-09-24 12:48:38', '2019-09-28 09:11:32'),
(51, 26, 'ru', NULL, NULL, 'Банкетный холл', NULL, '2019-09-24 12:48:38', '2019-09-24 12:48:38'),
(52, 26, 'ua', NULL, NULL, 'Банкетний хол', NULL, '2019-09-24 12:48:38', '2019-09-24 12:48:38'),
(53, 27, 'ru', 'Банкет на 100 персон', NULL, 'Банкет на 100 персон', NULL, '2019-09-24 12:48:38', '2019-09-28 09:11:32'),
(54, 27, 'ua', 'Банкет на 100 персон', NULL, 'Банкет на 100 персон', NULL, '2019-09-24 12:48:38', '2019-09-28 09:11:32'),
(55, 28, 'ru', 'Самые красивые свадьбы', NULL, 'Самые красивые свадьбы', NULL, '2019-09-24 12:48:38', '2019-09-28 09:11:32'),
(56, 28, 'ua', 'Найкрасивіші весілля', NULL, 'Найкрасивіші весілля', NULL, '2019-09-24 12:48:38', '2019-09-28 09:11:32'),
(57, 29, 'ru', 'Любое мероприятие', 'до 250 персон', 'Любое мероприятие', NULL, '2019-09-24 12:48:38', '2019-09-28 09:11:32'),
(58, 29, 'ua', 'Будь-який захід', 'до 250 персон', 'Будь-який захід', NULL, '2019-09-24 12:48:38', '2019-09-28 09:11:32'),
(59, 30, 'ru', NULL, NULL, 'Банкетный холл', NULL, '2019-09-24 12:48:38', '2019-09-24 12:48:38'),
(60, 30, 'ua', NULL, NULL, 'Банкетний хол', NULL, '2019-09-24 12:48:38', '2019-09-24 12:48:38'),
(61, 31, 'ru', 'Корпоративы', NULL, 'Корпоративы', NULL, '2019-09-24 12:48:38', '2019-09-28 09:11:32'),
(62, 31, 'ua', 'Корпоративи', NULL, 'Корпоративи', NULL, '2019-09-24 12:48:38', '2019-09-28 09:11:32'),
(63, 32, 'ru', 'День рождения', NULL, 'День рождения', NULL, '2019-09-24 12:48:38', '2019-09-28 09:11:32'),
(64, 32, 'ua', 'День народження', NULL, 'День народження', NULL, '2019-09-24 12:48:38', '2019-09-28 09:11:32'),
(65, 33, 'ru', 'Пивной ресторан', NULL, 'Пивной ресторан', NULL, '2019-09-24 12:55:47', '2019-09-28 09:17:06'),
(66, 33, 'ua', 'Пивний ресторан', NULL, 'Пивний ресторан', NULL, '2019-09-24 12:55:47', '2019-09-28 09:17:06'),
(67, 34, 'ru', NULL, NULL, 'Пивной ресторан', NULL, '2019-09-24 12:55:47', '2019-09-24 12:55:47'),
(68, 34, 'ua', NULL, NULL, 'Пивний ресторан', NULL, '2019-09-24 12:55:47', '2019-09-24 12:55:47'),
(69, 35, 'ru', 'Ждем Вас в гости', NULL, 'Ждем Вас в гости', NULL, '2019-09-24 12:55:47', '2019-09-28 09:17:06'),
(70, 35, 'ua', 'Чекаємо Вас у гості', NULL, 'Чекаємо Вас у гості', NULL, '2019-09-24 12:55:47', '2019-09-28 09:17:06'),
(71, 36, 'ru', NULL, NULL, 'Пивной ресторан', NULL, '2019-09-24 12:55:47', '2019-09-24 12:55:47'),
(72, 36, 'ua', NULL, NULL, 'Пивний ресторан', NULL, '2019-09-24 12:55:47', '2019-09-24 12:55:47'),
(73, 37, 'ru', 'Банкеты до 70 персон', NULL, 'Банкеты до 70 персон', NULL, '2019-09-24 12:55:47', '2019-09-28 09:17:06'),
(74, 37, 'ua', 'Банкети до 70 персон', NULL, 'Банкети до 70 персон', NULL, '2019-09-24 12:55:47', '2019-09-28 09:17:06'),
(75, 38, 'ru', NULL, NULL, 'Пивной ресторан', NULL, '2019-09-24 12:55:47', '2019-09-24 12:55:47'),
(76, 38, 'ua', NULL, NULL, 'Пивний ресторан', NULL, '2019-09-24 12:55:47', '2019-09-24 12:55:47'),
(77, 39, 'ru', NULL, NULL, 'Пивной ресторан', NULL, '2019-09-24 12:55:47', '2019-09-24 12:55:47'),
(78, 39, 'ua', NULL, NULL, 'Пивний ресторан', NULL, '2019-09-24 12:55:47', '2019-09-24 12:55:47'),
(79, 40, 'ru', 'Пивнушка в \"Мисто\"', NULL, 'Пивнушка в \"Мисто\"', NULL, '2019-09-24 12:55:47', '2019-09-28 09:17:06'),
(80, 40, 'ua', 'Пивнушка в \"Місто\"', NULL, 'Пивнушка в \"Місто\"', NULL, '2019-09-24 12:55:47', '2019-09-28 09:17:06'),
(81, 41, 'ru', 'Уютная атмосфера', NULL, 'Уютная атмосфера', NULL, '2019-09-24 12:55:47', '2019-09-28 09:17:06'),
(82, 41, 'ua', 'Затишна атмосфера', NULL, 'Затишна атмосфера', NULL, '2019-09-24 12:55:47', '2019-09-28 09:17:06'),
(83, 42, 'ru', NULL, NULL, 'Пивной ресторан', NULL, '2019-09-24 12:55:47', '2019-09-24 12:55:47'),
(84, 42, 'ua', NULL, NULL, 'Пивний ресторан', NULL, '2019-09-24 12:55:47', '2019-09-24 12:55:47'),
(85, 43, 'ru', 'Большая территория', NULL, 'Большая территория', NULL, '2019-09-24 13:23:51', '2019-09-28 09:23:22'),
(86, 43, 'ua', 'Велика територія', NULL, 'Велика територія', NULL, '2019-09-24 13:23:51', '2019-09-28 09:23:22'),
(87, 44, 'ru', NULL, NULL, 'Летняя терраса и аквазона', NULL, '2019-09-24 13:23:51', '2019-09-24 13:23:51'),
(88, 44, 'ua', NULL, NULL, 'Літня тераса і аквазона', NULL, '2019-09-24 13:23:51', '2019-09-24 13:23:51'),
(89, 45, 'ru', 'Места для отдыха', NULL, 'Места для отдыха', NULL, '2019-09-24 13:23:51', '2019-09-28 09:23:22'),
(90, 45, 'ua', 'Місця для відпочинку', NULL, 'Місця для відпочинку', NULL, '2019-09-24 13:23:51', '2019-09-28 09:23:22'),
(91, 46, 'ru', 'Столики для детей', NULL, 'Столики для детей', NULL, '2019-09-24 13:23:51', '2019-09-28 09:23:22'),
(92, 46, 'ua', 'Столики для дітей', NULL, 'Столики для дітей', NULL, '2019-09-24 13:23:51', '2019-09-28 09:23:22'),
(93, 47, 'ru', NULL, NULL, 'Летняя терраса и аквазона', NULL, '2019-09-24 13:23:51', '2019-09-24 13:23:51'),
(94, 47, 'ua', NULL, NULL, 'Літня тераса і аквазона', NULL, '2019-09-24 13:23:51', '2019-09-24 13:23:51'),
(95, 48, 'ru', 'Детская площадка', NULL, 'Детская площадка', NULL, '2019-09-24 13:23:51', '2019-09-28 09:23:22'),
(96, 48, 'ua', 'Дитячий майданчик', NULL, 'Дитячий майданчик', NULL, '2019-09-24 13:23:51', '2019-09-28 09:23:22'),
(97, 49, 'ru', 'Беседка на 80 персон', NULL, 'Беседка на 80 персон', NULL, '2019-09-24 13:23:51', '2019-09-28 09:23:22'),
(98, 49, 'ua', 'Альтанка на 80 персон', NULL, 'Альтанка на 80 персон', NULL, '2019-09-24 13:23:51', '2019-09-28 09:23:22'),
(99, 50, 'ru', NULL, NULL, 'Летняя терраса и аквазона', NULL, '2019-09-24 13:23:51', '2019-09-24 13:23:51'),
(100, 50, 'ua', NULL, NULL, 'Літня тераса і аквазона', NULL, '2019-09-24 13:23:51', '2019-09-24 13:23:51'),
(101, 51, 'ru', 'Аквазона', NULL, 'Аквазона', NULL, '2019-09-24 13:23:51', '2019-09-28 09:28:58'),
(102, 51, 'ua', 'Аквазона', NULL, 'Аквазона', NULL, '2019-09-24 13:23:51', '2019-09-28 09:28:58'),
(103, 52, 'ru', NULL, NULL, 'Летняя терраса и аквазона', NULL, '2019-09-24 13:23:51', '2019-09-24 13:23:51'),
(104, 52, 'ua', NULL, NULL, 'Літня тераса і аквазона', NULL, '2019-09-24 13:23:51', '2019-09-24 13:23:51'),
(107, 54, 'ru', 'Беседки для любых торжеств', NULL, 'Беседки для любых торжеств', NULL, '2019-09-24 13:23:51', '2019-09-28 09:28:58'),
(108, 54, 'ua', 'Альтанки для будь-яких урочистостей', NULL, 'Альтанки для будь-яких урочистостей', NULL, '2019-09-24 13:23:51', '2019-09-28 09:28:58'),
(109, 55, 'ru', 'Места для фотосессии', NULL, 'Места для фотосессии', NULL, '2019-09-24 13:23:51', '2019-09-28 09:28:58'),
(110, 55, 'ua', 'Місця для фотосесії', NULL, 'Місця для фотосесії', NULL, '2019-09-24 13:23:51', '2019-09-28 09:28:58'),
(111, 56, 'ru', NULL, NULL, 'Летняя терраса и аквазона', NULL, '2019-09-24 13:23:51', '2019-09-24 13:23:51'),
(112, 56, 'ua', NULL, NULL, 'Літня тераса і аквазона', NULL, '2019-09-24 13:23:51', '2019-09-24 13:23:51'),
(113, 57, 'ru', 'Парк Мисто ждет своих гостей', NULL, 'Парк Мисто ждет своих гостей', NULL, '2019-09-24 13:23:51', '2019-09-28 09:28:58'),
(114, 57, 'ua', 'Парк Місто чекає своїх гостей', NULL, 'Парк Місто чекає своїх гостей', NULL, '2019-09-24 13:23:51', '2019-09-28 09:28:58'),
(115, 58, 'ru', 'KING  1', NULL, 'KING  1', NULL, '2019-09-24 13:53:01', '2019-09-24 14:07:32'),
(116, 58, 'ua', 'KING 1', NULL, 'KING 1', NULL, '2019-09-24 13:53:01', '2019-09-24 14:07:32'),
(117, 59, 'ru', 'KING 1', NULL, 'KING 1', NULL, '2019-09-24 13:53:01', '2019-09-24 14:07:32'),
(118, 59, 'ua', 'KING 1', NULL, 'KING 1', NULL, '2019-09-24 13:53:01', '2019-09-24 14:07:32'),
(119, 60, 'ru', 'KING 2', NULL, 'KING 2', NULL, '2019-09-24 13:53:01', '2019-09-24 14:07:32'),
(120, 60, 'ua', 'KING 2', NULL, 'KING 2', NULL, '2019-09-24 13:53:01', '2019-09-24 14:07:32'),
(121, 61, 'ru', 'KING 2', NULL, 'KING 2', NULL, '2019-09-24 13:53:01', '2019-09-24 14:07:32'),
(122, 61, 'ua', 'KING 2', NULL, 'KING 2', NULL, '2019-09-24 13:53:01', '2019-09-24 14:07:32'),
(123, 62, 'ru', 'SUITE', NULL, 'SUITE', NULL, '2019-09-24 13:53:01', '2019-09-24 14:07:32'),
(124, 62, 'ua', 'SUITE', NULL, 'SUITE', NULL, '2019-09-24 13:53:01', '2019-09-24 14:07:32'),
(125, 63, 'ru', 'SUITE', NULL, 'SUITE', NULL, '2019-09-24 13:53:01', '2019-09-24 14:07:32'),
(126, 63, 'ua', 'SUITE', NULL, 'SUITE', NULL, '2019-09-24 13:53:01', '2019-09-24 14:07:32'),
(127, 64, 'ru', 'SUPERIOR', NULL, 'SUPERIOR', NULL, '2019-09-24 13:53:01', '2019-09-24 14:07:32'),
(128, 64, 'ua', 'SUPERIOR', NULL, 'SUPERIOR', NULL, '2019-09-24 13:53:01', '2019-09-24 14:07:32'),
(129, 65, 'ru', 'TERRACE SUITE 1', NULL, 'TERRACE SUITE 1', NULL, '2019-09-24 13:53:01', '2019-09-24 14:07:32'),
(130, 65, 'ua', 'TERRACE SUITE 1', NULL, 'TERRACE SUITE 1', NULL, '2019-09-24 13:53:01', '2019-09-24 14:07:32'),
(131, 66, 'ru', 'TERRACE SUITE 1', NULL, 'TERRACE SUITE 1', NULL, '2019-09-24 13:53:01', '2019-09-24 14:07:32'),
(132, 66, 'ua', 'TERRACE SUITE 1', NULL, 'TERRACE SUITE 1', NULL, '2019-09-24 13:53:01', '2019-09-24 14:07:32'),
(133, 67, 'ru', 'TERRACE SUITE 2', NULL, 'TERRACE SUITE 2', NULL, '2019-09-24 13:53:01', '2019-09-24 14:07:32'),
(134, 67, 'ua', 'TERRACE SUITE 2', NULL, 'TERRACE SUITE 2', NULL, '2019-09-24 13:53:01', '2019-09-24 14:07:32'),
(135, 68, 'ru', 'TERRACE SUITE 2', NULL, 'TERRACE SUITE 2', NULL, '2019-09-24 13:53:01', '2019-09-24 14:07:32'),
(136, 68, 'ua', 'TERRACE SUITE 2', NULL, 'TERRACE SUITE 2', NULL, '2019-09-24 13:53:01', '2019-09-24 14:07:32'),
(137, 69, 'ru', 'СТАНДАРТ', NULL, 'СТАНДАРТ', NULL, '2019-09-24 13:53:01', '2019-09-24 14:07:32'),
(138, 69, 'ua', 'СТАНДАРТ', NULL, 'СТАНДАРТ', NULL, '2019-09-24 13:53:01', '2019-09-24 14:07:32'),
(139, 70, 'ru', 'СТАНДАРТ', NULL, 'СТАНДАРТ', NULL, '2019-09-24 13:53:01', '2019-09-24 14:07:32'),
(140, 70, 'ua', 'СТАНДАРТ', NULL, 'СТАНДАРТ', NULL, '2019-09-24 13:53:01', '2019-09-24 14:07:32'),
(225, 113, 'ru', NULL, NULL, 'Банкетный зал', NULL, '2019-09-25 09:40:08', '2019-09-25 09:40:08'),
(226, 113, 'ua', NULL, NULL, 'Банкетний зал', NULL, '2019-09-25 09:40:08', '2019-09-25 09:40:08'),
(227, 114, 'ru', 'Восхитительная сервировка', NULL, 'Восхитительная сервировка', NULL, '2019-09-25 09:40:08', '2019-09-28 10:35:13'),
(228, 114, 'ua', 'Чудова сервіровка', NULL, 'Чудова сервіровка', NULL, '2019-09-25 09:40:08', '2019-09-28 10:35:13'),
(229, 115, 'ru', '\"Ирис\" ждёт гостей', NULL, '\"Ирис\" ждёт гостей', NULL, '2019-09-25 09:40:08', '2019-09-28 10:35:13'),
(230, 115, 'ua', '\"Ірис\" чекає гостей', NULL, '\"Ірис\" чекає гостей', NULL, '2019-09-25 09:40:08', '2019-09-28 10:35:13'),
(231, 116, 'ru', NULL, NULL, 'Банкетный зал', NULL, '2019-09-25 09:40:08', '2019-09-25 09:40:08'),
(232, 116, 'ua', NULL, NULL, 'Банкетний зал', NULL, '2019-09-25 09:40:08', '2019-09-25 09:40:08'),
(233, 117, 'ru', NULL, NULL, 'Летняя терраса', NULL, '2019-09-25 09:41:38', '2019-09-25 09:41:38'),
(234, 117, 'ua', NULL, NULL, 'Літня тераса', NULL, '2019-09-25 09:41:38', '2019-09-25 09:41:38'),
(235, 118, 'ru', 'Отдых на высоте птичьего полёта', NULL, 'Отдых на высоте птичьего полёта', NULL, '2019-09-25 09:41:39', '2019-09-28 10:41:39'),
(236, 118, 'ua', 'Відпочинок на висоті пташиного польоту', NULL, 'Відпочинок на висоті пташиного польоту', NULL, '2019-09-25 09:41:39', '2019-09-28 10:41:39'),
(237, 119, 'ru', 'Наш обычный день', NULL, 'Наш обычный день', NULL, '2019-09-25 09:41:39', '2019-09-28 10:41:39'),
(238, 119, 'ua', 'Наш звичайний день', NULL, 'Наш звичайний день', NULL, '2019-09-25 09:41:39', '2019-09-28 10:41:39'),
(239, 120, 'ru', 'Наши любимые гости', NULL, 'Наши любимые гости', NULL, '2019-09-25 09:41:39', '2019-09-28 10:41:39'),
(240, 120, 'ua', 'Наші улюблені гості', NULL, 'Наші улюблені гості', NULL, '2019-09-25 09:41:39', '2019-09-28 10:41:39'),
(243, 122, 'ru', 'Люкс Салон и Браон', '2788 грн', 'Люкс Салон и Браон', NULL, '2019-09-25 09:43:03', '2019-09-25 09:43:59'),
(244, 122, 'ua', 'Люкс Салон і Браон', '2788 грн', 'Люкс Салон і Браон', NULL, '2019-09-25 09:43:03', '2019-09-25 09:43:59'),
(247, 124, 'ru', NULL, NULL, 'Отель \"Ирис\"', NULL, '2019-09-25 09:51:22', '2019-09-25 09:51:22'),
(248, 124, 'ua', NULL, NULL, 'Готель \"Ірис\"', NULL, '2019-09-25 09:51:22', '2019-09-25 09:51:22'),
(249, 125, 'ru', 'Люкс дворянский', '3588 грн/сутки', 'Люкс дворянский', NULL, '2019-09-25 09:51:22', '2019-09-25 09:58:21'),
(250, 125, 'ua', 'Люкс дворянський', '3588 грн/доба', 'Люкс дворянський', NULL, '2019-09-25 09:51:22', '2019-09-25 09:58:21'),
(251, 126, 'ru', 'Люкс дворянский', '3588 грн/сутки', 'Люкс дворянский', NULL, '2019-09-25 09:51:22', '2019-09-25 09:58:21'),
(252, 126, 'ua', 'Люкс дворянський', '3588 грн/доба', 'Люкс дворянський', NULL, '2019-09-25 09:51:22', '2019-09-25 09:58:21'),
(253, 127, 'ru', 'Люксы Маркиз и Аристократ', '3388 грн/сутки', 'Люксы Маркиз и Аристократ', NULL, '2019-09-25 09:58:57', '2019-09-25 10:01:30'),
(254, 127, 'ua', 'Люкси Маркіз і Аристократ', '3388 грн/доба', 'Люкси Маркіз і Аристократ', NULL, '2019-09-25 09:58:57', '2019-09-25 10:01:30'),
(255, 128, 'ru', 'Люксы Маркиз и Аристократ', '3388 грн/сутки', 'Люксы Маркиз и Аристократ', NULL, '2019-09-25 09:58:57', '2019-09-25 10:01:30'),
(256, 128, 'ua', 'Люкси Маркіз і Аристократ', '3388 грн/доба', 'Люкси Маркіз і Аристократ', NULL, '2019-09-25 09:58:57', '2019-09-25 10:01:30'),
(257, 129, 'ru', 'Люксы Маркиз и Аристократ', '3388 грн/сутки', 'Люксы Маркиз и Аристократ', NULL, '2019-09-25 09:58:57', '2019-09-25 10:01:30'),
(258, 129, 'ua', 'Люкси Маркіз і Аристократ', '3388 грн/доба', 'Люкси Маркіз і Аристократ', NULL, '2019-09-25 09:58:57', '2019-09-25 10:01:30'),
(259, 130, 'ru', 'Полулюкс Эдэм', '2288 грн/сутки', 'Полулюкс Эдэм', NULL, '2019-09-25 10:02:35', '2019-09-25 10:37:20'),
(260, 130, 'ua', 'Напівлюкс Едем', '2288 грн/доба', 'Напівлюкс Едем', NULL, '2019-09-25 10:02:35', '2019-09-25 10:37:20'),
(261, 131, 'ru', NULL, NULL, 'Отель \"Ирис\"', NULL, '2019-09-25 10:02:35', '2019-09-25 10:02:35'),
(262, 131, 'ua', NULL, NULL, 'Готель \"Ірис\"', NULL, '2019-09-25 10:02:35', '2019-09-25 10:02:35'),
(263, 132, 'ru', NULL, NULL, 'Отель \"Ирис\"', NULL, '2019-09-25 10:02:35', '2019-09-25 10:02:35'),
(264, 132, 'ua', NULL, NULL, 'Готель \"Ірис\"', NULL, '2019-09-25 10:02:35', '2019-09-25 10:02:35'),
(265, 133, 'ru', NULL, NULL, 'Отель \"Ирис\"', NULL, '2019-09-25 10:02:35', '2019-09-25 10:02:35'),
(266, 133, 'ua', NULL, NULL, 'Готель \"Ірис\"', NULL, '2019-09-25 10:02:35', '2019-09-25 10:02:35'),
(267, 134, 'ru', NULL, NULL, 'Отель \"Ирис\"', NULL, '2019-09-25 10:02:35', '2019-09-25 10:02:35'),
(268, 134, 'ua', NULL, NULL, 'Готель \"Ірис\"', NULL, '2019-09-25 10:02:35', '2019-09-25 10:02:35'),
(269, 135, 'ru', NULL, NULL, 'Отель \"Ирис\"', NULL, '2019-09-25 10:02:35', '2019-09-25 10:02:35'),
(270, 135, 'ua', NULL, NULL, 'Готель \"Ірис\"', NULL, '2019-09-25 10:02:35', '2019-09-25 10:02:35'),
(271, 136, 'ru', NULL, NULL, 'Отель \"Ирис\"', NULL, '2019-09-25 10:02:36', '2019-09-25 10:02:36'),
(272, 136, 'ua', NULL, NULL, 'Готель \"Ірис\"', NULL, '2019-09-25 10:02:36', '2019-09-25 10:02:36'),
(273, 137, 'ru', 'Ждем гостей', NULL, 'Ресторан «AltBier Vinoteka». Ждем гостей', NULL, '2019-09-25 10:40:50', '2019-09-28 11:32:55'),
(274, 137, 'ua', 'Чекаємо гостей', NULL, 'Ресторан «AltBier Vinoteka». Чекаємо гостей', NULL, '2019-09-25 10:40:50', '2019-09-28 11:32:55'),
(275, 138, 'ru', NULL, NULL, 'Ресторан «AltBier Vinoteka»', NULL, '2019-09-25 10:40:51', '2019-09-25 10:40:51'),
(276, 138, 'ua', NULL, NULL, 'Ресторан «AltBier Vinoteka»', NULL, '2019-09-25 10:40:51', '2019-09-25 10:40:51'),
(277, 139, 'ru', 'Канапе на банкет', NULL, 'Ресторан «AltBier Vinoteka». Канапе на банкет', NULL, '2019-09-25 10:40:51', '2019-09-28 11:32:55'),
(278, 139, 'ua', 'Канапе на банкет', NULL, 'Ресторан «AltBier Vinoteka». Канапе на банкет', NULL, '2019-09-25 10:40:51', '2019-09-28 11:32:55'),
(279, 140, 'ru', 'Хвосты тигровых креветок', NULL, 'Ресторан «AltBier Vinoteka». Хвосты тигровых креветок', NULL, '2019-09-25 10:40:51', '2019-09-28 11:32:55'),
(280, 140, 'ua', 'Хвости тигрових креветок', NULL, 'Ресторан «AltBier Vinoteka». Хвости тигрових креветок', NULL, '2019-09-25 10:40:51', '2019-09-28 11:32:55'),
(281, 141, 'ru', 'Шашлык из семги', NULL, 'Ресторан «AltBier Vinoteka». Шашлык из семги', NULL, '2019-09-25 10:40:51', '2019-09-28 11:32:55'),
(282, 141, 'ua', 'Шашлик із сьомги', NULL, 'Ресторан «AltBier Vinoteka». Шашлик із сьомги', NULL, '2019-09-25 10:40:51', '2019-09-28 11:32:55'),
(283, 142, 'ru', 'Десерты в ресторане «AltBier Vinoteka»', NULL, 'Ресторан «AltBier Vinoteka». Десерты в ресторане «AltBier Vinoteka»', NULL, '2019-09-25 10:40:51', '2019-09-28 11:32:55'),
(284, 142, 'ua', 'Десерти в ресторані «AltBier Vinoteka»', NULL, 'Ресторан «AltBier Vinoteka». Десерти в ресторані «AltBier Vinoteka»', NULL, '2019-09-25 10:40:51', '2019-09-28 11:32:55'),
(285, 143, 'ru', 'Салат \"Греческий\"', NULL, 'Ресторан «AltBier Vinoteka». Салат \"Греческий\"', NULL, '2019-09-25 10:40:51', '2019-09-28 11:32:55'),
(286, 143, 'ua', 'Салат \"Грецький\"', NULL, 'Ресторан «AltBier Vinoteka». Салат \"Грецький\"', NULL, '2019-09-25 10:40:51', '2019-09-28 11:32:55'),
(287, 144, 'ru', NULL, NULL, 'Ресторан «AltBier Vinoteka»', NULL, '2019-09-25 10:40:51', '2019-09-25 10:40:51'),
(288, 144, 'ua', NULL, NULL, 'Ресторан «AltBier Vinoteka»', NULL, '2019-09-25 10:40:51', '2019-09-25 10:40:51'),
(289, 145, 'ru', NULL, NULL, 'Банкетный зал', NULL, '2019-09-25 10:47:27', '2019-09-25 10:47:27'),
(290, 145, 'ua', NULL, NULL, 'Банкетний зал', NULL, '2019-09-25 10:47:27', '2019-09-25 10:47:27'),
(291, 146, 'ru', 'Вид ресторана со второго этажа', NULL, 'Вид ресторана со второго этажа', NULL, '2019-09-25 10:47:27', '2019-09-28 11:39:50'),
(292, 146, 'ua', 'Вид ресторану з другого поверху', NULL, 'Вид ресторану з другого поверху', NULL, '2019-09-25 10:47:27', '2019-09-28 11:39:50'),
(293, 147, 'ru', NULL, NULL, 'Банкетный зал', NULL, '2019-09-25 10:47:27', '2019-09-25 10:47:27'),
(294, 147, 'ua', NULL, NULL, 'Банкетний зал', NULL, '2019-09-25 10:47:27', '2019-09-25 10:47:27'),
(295, 148, 'ru', NULL, NULL, 'Банкетный зал', NULL, '2019-09-25 10:47:27', '2019-09-25 10:47:27'),
(296, 148, 'ua', NULL, NULL, 'Банкетний зал', NULL, '2019-09-25 10:47:27', '2019-09-25 10:47:27'),
(297, 149, 'ru', NULL, NULL, 'Банкетный зал', NULL, '2019-09-25 10:47:27', '2019-09-25 10:47:27'),
(298, 149, 'ua', NULL, NULL, 'Банкетний зал', NULL, '2019-09-25 10:47:27', '2019-09-25 10:47:27'),
(299, 150, 'ru', NULL, NULL, 'Банкетный зал', NULL, '2019-09-25 10:47:27', '2019-09-25 10:47:27'),
(300, 150, 'ua', NULL, NULL, 'Банкетний зал', NULL, '2019-09-25 10:47:27', '2019-09-25 10:47:27'),
(301, 151, 'ru', 'Банкетный  зал и бар', NULL, 'Банкетный  зал и бар', NULL, '2019-09-25 10:47:27', '2019-09-28 11:39:50'),
(302, 151, 'ua', 'Банкетний зал і бар', NULL, 'Банкетний зал і бар', NULL, '2019-09-25 10:47:27', '2019-09-28 11:39:50'),
(303, 152, 'ru', 'Удобное расположение столиков', NULL, 'Удобное расположение столиков', NULL, '2019-09-25 10:47:27', '2019-09-28 11:39:50'),
(304, 152, 'ua', 'Зручне розташування столиків', NULL, 'Зручне розташування столиків', NULL, '2019-09-25 10:47:27', '2019-09-28 11:39:50'),
(305, 153, 'ru', 'Огромный выбор вин', NULL, 'Огромный выбор вин', NULL, '2019-09-25 10:47:27', '2019-09-28 11:39:50'),
(306, 153, 'ua', 'Величезний вибір вин', NULL, 'Величезний вибір вин', NULL, '2019-09-25 10:47:27', '2019-09-28 11:39:50'),
(307, 154, 'ru', 'Приятная атмосфера', NULL, 'Приятная атмосфера', NULL, '2019-09-25 10:47:27', '2019-09-28 11:39:50'),
(308, 154, 'ua', 'Приємна атмосфера', NULL, 'Приємна атмосфера', NULL, '2019-09-25 10:47:27', '2019-09-28 11:39:50'),
(309, 155, 'ru', 'Деловая встреча', NULL, 'Деловая встреча', NULL, '2019-09-25 10:47:27', '2019-09-28 11:39:50'),
(310, 155, 'ua', 'Ділова зустріч', NULL, 'Ділова зустріч', NULL, '2019-09-25 10:47:27', '2019-09-28 11:39:50'),
(311, 156, 'ru', 'Рекомендуем!!!!', NULL, 'Рекомендуем!!!!', NULL, '2019-09-25 10:47:27', '2019-09-28 11:39:50'),
(312, 156, 'ua', 'Рекомендуємо !!!!', NULL, 'Рекомендуємо !!!!', NULL, '2019-09-25 10:47:27', '2019-09-28 11:39:50'),
(313, 157, 'ru', NULL, NULL, 'Банкетный зал', NULL, '2019-09-25 10:47:27', '2019-09-25 10:47:27'),
(314, 157, 'ua', NULL, NULL, 'Банкетний зал', NULL, '2019-09-25 10:47:27', '2019-09-25 10:47:27'),
(315, 158, 'ru', NULL, NULL, 'Банкетный зал', NULL, '2019-09-25 10:47:27', '2019-09-25 10:47:27'),
(316, 158, 'ua', NULL, NULL, 'Банкетний зал', NULL, '2019-09-25 10:47:27', '2019-09-25 10:47:27'),
(317, 159, 'ru', 'Летняя площадка в \"Альтбир\"', NULL, 'Летняя площадка в \"Альтбир\"', NULL, '2019-09-25 10:48:53', '2019-09-28 11:48:22'),
(318, 159, 'ua', 'Літній майданчик в \"Альтбір\"', NULL, 'Літній майданчик в \"Альтбір\"', NULL, '2019-09-25 10:48:53', '2019-09-28 11:48:22'),
(319, 160, 'ru', 'Место встречи - \"AltBier Vinoteka\"', NULL, 'Место встречи - \"AltBier Vinoteka\"', NULL, '2019-09-25 10:48:53', '2019-09-28 11:48:22'),
(320, 160, 'ua', 'Місце зустрічі - \"AltBier Vinoteka\"', NULL, 'Місце зустрічі - \"AltBier Vinoteka\"', NULL, '2019-09-25 10:48:53', '2019-09-28 11:48:22'),
(321, 161, 'ru', NULL, NULL, 'Летняя терраса', NULL, '2019-09-25 10:48:53', '2019-09-25 10:48:53'),
(322, 161, 'ua', NULL, NULL, 'Літня тераса', NULL, '2019-09-25 10:48:53', '2019-09-25 10:48:53'),
(323, 162, 'ru', 'Мы находимся в центре города', NULL, 'Мы находимся в центре города', NULL, '2019-09-25 10:48:53', '2019-09-28 11:48:22'),
(324, 162, 'ua', 'Ми знаходимося в центрі міста', NULL, 'Ми знаходимося в центрі міста', NULL, '2019-09-25 10:48:53', '2019-09-28 11:48:22'),
(325, 163, 'ru', NULL, NULL, 'Летняя терраса', NULL, '2019-09-25 10:48:53', '2019-09-25 10:48:53'),
(326, 163, 'ua', NULL, NULL, 'Літня тераса', NULL, '2019-09-25 10:48:53', '2019-09-25 10:48:53'),
(327, 164, 'ru', 'Просмотр футбольного матча', NULL, 'Просмотр футбольного матча', NULL, '2019-09-25 10:48:53', '2019-09-28 11:48:22'),
(328, 164, 'ua', 'Перегляд футбольного матчу', NULL, 'Перегляд футбольного матчу', NULL, '2019-09-25 10:48:53', '2019-09-28 11:48:22'),
(329, 165, 'ru', 'Релакс', NULL, 'Релакс', NULL, '2019-09-25 10:48:53', '2019-09-28 11:48:22'),
(330, 165, 'ua', 'Релакс', NULL, 'Релакс', NULL, '2019-09-25 10:48:53', '2019-09-28 11:48:22'),
(331, 166, 'ru', 'Душевные беседы в \"Альтбир\"', NULL, 'Душевные беседы в \"Альтбир\"', NULL, '2019-09-25 10:48:53', '2019-09-28 11:48:22'),
(332, 166, 'ua', 'Душевні бесіди в \"Альтбір\"', NULL, 'Душевні бесіди в \"Альтбір\"', NULL, '2019-09-25 10:48:53', '2019-09-28 11:48:22'),
(333, 167, 'ru', 'Салат \"Греческий\"', '85 грн', 'Ресторан «Коляда». Салат \"Греческий\"', NULL, '2019-09-25 10:53:47', '2019-09-28 12:38:06'),
(334, 167, 'ua', 'Салат \"Грецький\"', '85 грн', 'Ресторан «Коляда». Салат \"Грецький\"', NULL, '2019-09-25 10:53:47', '2019-09-28 12:38:06'),
(335, 168, 'ru', NULL, NULL, 'Ресторан «Коляда»', NULL, '2019-09-25 10:53:47', '2019-09-25 10:53:47'),
(336, 168, 'ua', NULL, NULL, 'Ресторан «Коляда»', NULL, '2019-09-25 10:53:47', '2019-09-25 10:53:47'),
(337, 169, 'ru', 'Салат \"Цезарь с семгой и креветками\"', '95 грн', 'Ресторан «Коляда». Салат \"Цезарь с семгой и креветками\"', NULL, '2019-09-25 10:53:47', '2019-09-28 12:38:06'),
(338, 169, 'ua', 'Салат \"Цезар з сьомгою і креветками\"', '95 грн', 'Ресторан «Коляда». Салат \"Цезар з сьомгою і креветками\"', NULL, '2019-09-25 10:53:47', '2019-09-28 12:38:06'),
(339, 170, 'ru', NULL, NULL, 'Ресторан «Коляда»', NULL, '2019-09-25 10:53:47', '2019-09-25 10:53:47'),
(340, 170, 'ua', NULL, NULL, 'Ресторан «Коляда»', NULL, '2019-09-25 10:53:47', '2019-09-25 10:53:47'),
(341, 171, 'ru', 'Сырная палитра', NULL, 'Ресторан «Коляда». Сырная палитра', NULL, '2019-09-25 10:53:47', '2019-09-28 12:38:06'),
(342, 171, 'ua', 'Сирна палітра', NULL, 'Ресторан «Коляда». Сирна палітра', NULL, '2019-09-25 10:53:47', '2019-09-28 12:38:06'),
(343, 172, 'ru', 'Оформление фуршетного стола', NULL, 'Ресторан «Коляда». Оформление фуршетного стола', NULL, '2019-09-25 10:53:47', '2019-09-28 12:38:06'),
(344, 172, 'ua', 'Оформлення фуршетного столу', NULL, 'Ресторан «Коляда». Оформлення фуршетного столу', NULL, '2019-09-25 10:53:47', '2019-09-28 12:38:06'),
(345, 173, 'ru', 'Банкетное блюдо', 'мясное ассорти', 'Ресторан «Коляда». Банкетное блюдо', NULL, '2019-09-25 10:53:47', '2019-09-28 12:38:06'),
(346, 173, 'ua', 'банкетне блюдо м\'ясне асорті', 'м\'ясне асорті', 'Ресторан «Коляда». банкетне блюдо м\'ясне асорті', NULL, '2019-09-25 10:53:47', '2019-09-28 12:38:06'),
(347, 174, 'ru', 'Фаршированная рыба', NULL, 'Ресторан «Коляда». Фаршированная рыба', NULL, '2019-09-25 10:53:47', '2019-09-28 12:38:06'),
(348, 174, 'ua', 'Фарширована риба', NULL, 'Ресторан «Коляда». Фарширована риба', NULL, '2019-09-25 10:53:47', '2019-09-28 12:38:06'),
(349, 175, 'ru', 'Блинчики с икрой и семгой', NULL, 'Ресторан «Коляда». Блинчики с икрой и семгой', NULL, '2019-09-25 10:53:47', '2019-09-28 12:38:06'),
(350, 175, 'ua', 'Млинці з ікрою і сьомгою', NULL, 'Ресторан «Коляда». Млинці з ікрою і сьомгою', NULL, '2019-09-25 10:53:47', '2019-09-28 12:38:06'),
(351, 176, 'ru', 'Салат \"Морской\"', '90 грн.', 'Ресторан «Коляда». Салат \"Морской\"', NULL, '2019-09-25 10:53:47', '2019-09-28 12:38:06'),
(352, 176, 'ua', 'Салат \"Морський\"', '90 грн.', 'Ресторан «Коляда». Салат \"Морський\"', NULL, '2019-09-25 10:53:47', '2019-09-28 12:38:06'),
(353, 177, 'ru', 'Комплимент от повара', NULL, 'Ресторан «Коляда». Комплимент от повара', NULL, '2019-09-25 10:53:48', '2019-09-28 12:38:06'),
(354, 177, 'ua', 'Комплімент від кухаря', NULL, 'Ресторан «Коляда». Комплімент від кухаря', NULL, '2019-09-25 10:53:48', '2019-09-28 12:38:06'),
(355, 178, 'ru', NULL, NULL, 'Ресторан «Коляда»', NULL, '2019-09-25 10:53:48', '2019-09-25 10:53:48'),
(356, 178, 'ua', NULL, NULL, 'Ресторан «Коляда»', NULL, '2019-09-25 10:53:48', '2019-09-25 10:53:48'),
(357, 179, 'ru', 'Фруктовая нарезка', NULL, 'Ресторан «Коляда». Фруктовая нарезка', NULL, '2019-09-25 10:53:48', '2019-09-28 12:38:06'),
(358, 179, 'ua', 'Фруктова нарізка', NULL, 'Ресторан «Коляда». Фруктова нарізка', NULL, '2019-09-25 10:53:48', '2019-09-28 12:38:06'),
(359, 180, 'ru', NULL, NULL, 'Ресторан «Коляда»', NULL, '2019-09-25 10:53:48', '2019-09-25 10:53:48'),
(360, 180, 'ua', NULL, NULL, 'Ресторан «Коляда»', NULL, '2019-09-25 10:53:48', '2019-09-25 10:53:48'),
(361, 181, 'ru', NULL, NULL, 'Ресторан «Коляда»', NULL, '2019-09-25 10:53:48', '2019-09-25 10:53:48'),
(362, 181, 'ua', NULL, NULL, 'Ресторан «Коляда»', NULL, '2019-09-25 10:53:48', '2019-09-25 10:53:48'),
(363, 182, 'ru', 'Вместительность зала до 100 персон', NULL, 'Вместительность зала до 100 персон', NULL, '2019-09-25 11:05:00', '2019-09-28 13:10:17'),
(364, 182, 'ua', 'Місткість залу до 100 персон', NULL, 'Місткість залу до 100 персон', NULL, '2019-09-25 11:05:00', '2019-09-28 13:10:17'),
(365, 183, 'ru', 'Банкетный зал на первом этаже', NULL, 'Банкетный зал на первом этаже', NULL, '2019-09-25 11:05:00', '2019-09-28 13:10:17'),
(366, 183, 'ua', 'Банкетний зал на першому поверсі', NULL, 'Банкетний зал на першому поверсі', NULL, '2019-09-25 11:05:00', '2019-09-28 13:10:17'),
(367, 184, 'ru', 'Юбилей, день рождения', NULL, 'Юбилей, день рождения', NULL, '2019-09-25 11:05:00', '2019-09-28 13:10:17'),
(368, 184, 'ua', 'Ювілей, день народження', NULL, 'Ювілей, день народження', NULL, '2019-09-25 11:05:00', '2019-09-28 13:10:17'),
(369, 185, 'ru', NULL, NULL, 'Банкетный зал на 1 этаже', NULL, '2019-09-25 11:05:00', '2019-09-25 11:05:00'),
(370, 185, 'ua', NULL, NULL, 'анкетний зал на 1 поверсі', NULL, '2019-09-25 11:05:00', '2019-09-25 11:05:00'),
(371, 186, 'ru', NULL, NULL, 'Банкетный зал на 1 этаже', NULL, '2019-09-25 11:05:00', '2019-09-25 11:05:00'),
(372, 186, 'ua', NULL, NULL, 'анкетний зал на 1 поверсі', NULL, '2019-09-25 11:05:00', '2019-09-25 11:05:00'),
(373, 187, 'ru', NULL, NULL, 'Банкетный зал на 1 этаже', NULL, '2019-09-25 11:05:00', '2019-09-25 11:05:00'),
(374, 187, 'ua', NULL, NULL, 'анкетний зал на 1 поверсі', NULL, '2019-09-25 11:05:00', '2019-09-25 11:05:00'),
(375, 188, 'ru', 'Свадьба', NULL, 'Свадьба', NULL, '2019-09-25 11:05:00', '2019-09-28 13:10:17'),
(376, 188, 'ua', 'Весілля', NULL, 'Весілля', NULL, '2019-09-25 11:05:00', '2019-09-28 13:10:17'),
(377, 189, 'ru', NULL, NULL, 'Банкетный зал на 1 этаже', NULL, '2019-09-25 11:05:00', '2019-09-25 11:05:00'),
(378, 189, 'ua', NULL, NULL, 'анкетний зал на 1 поверсі', NULL, '2019-09-25 11:05:00', '2019-09-25 11:05:00'),
(379, 190, 'ru', 'Свадебный декор зала', NULL, 'Свадебный декор зала', NULL, '2019-09-25 11:05:00', '2019-09-28 13:10:17'),
(380, 190, 'ua', 'Весільний декор залу', NULL, 'Весільний декор залу', NULL, '2019-09-25 11:05:00', '2019-09-28 13:10:17'),
(381, 191, 'ru', 'Банкет на 40 персон', NULL, 'Банкет на 40 персон', NULL, '2019-09-25 11:05:00', '2019-09-28 13:10:17'),
(382, 191, 'ua', 'Банкет на 40 персон', NULL, 'Банкет на 40 персон', NULL, '2019-09-25 11:05:00', '2019-09-28 13:10:17'),
(383, 192, 'ru', NULL, NULL, 'Банкетный зал на 1 этаже', NULL, '2019-09-25 11:05:00', '2019-09-25 11:05:00'),
(384, 192, 'ua', NULL, NULL, 'анкетний зал на 1 поверсі', NULL, '2019-09-25 11:05:00', '2019-09-25 11:05:00'),
(385, 193, 'ru', 'Праздничный  стол', NULL, 'Праздничный  стол', NULL, '2019-09-25 11:05:00', '2019-09-28 13:10:17'),
(386, 193, 'ua', 'Святковий стіл', NULL, 'Святковий стіл', NULL, '2019-09-25 11:05:00', '2019-09-28 13:10:17'),
(387, 194, 'ru', 'Банкеты до 30 персон', NULL, 'Банкеты до 30 персон', NULL, '2019-09-25 11:06:20', '2019-09-28 13:17:58'),
(388, 194, 'ua', 'Банкети до 30 персон', NULL, 'Банкети до 30 персон', NULL, '2019-09-25 11:06:20', '2019-09-28 13:17:58'),
(389, 195, 'ru', 'Банкетный зал на 2 этаже', NULL, 'Банкетный зал на 2 этаже', NULL, '2019-09-25 11:06:20', '2019-09-28 13:17:58'),
(390, 195, 'ua', 'Банкетний зал на 2 поверсі', NULL, 'Банкетний зал на 2 поверсі', NULL, '2019-09-25 11:06:20', '2019-09-28 13:17:58'),
(391, 196, 'ru', NULL, NULL, 'Банкетный зал на 2 этаже', NULL, '2019-09-25 11:06:20', '2019-09-25 11:06:20'),
(392, 196, 'ua', NULL, NULL, 'Банкетний зал на 2 поверсі', NULL, '2019-09-25 11:06:20', '2019-09-25 11:06:20'),
(393, 197, 'ru', NULL, NULL, 'Банкетный зал на 2 этаже', NULL, '2019-09-25 11:06:20', '2019-09-25 11:06:20'),
(394, 197, 'ua', NULL, NULL, 'Банкетний зал на 2 поверсі', NULL, '2019-09-25 11:06:20', '2019-09-25 11:06:20'),
(395, 198, 'ru', 'День рождения', '30 персон', 'День рождения', NULL, '2019-09-25 11:06:20', '2019-09-28 13:17:58'),
(396, 198, 'ua', 'День народження', '30 персон', 'День народження', NULL, '2019-09-25 11:06:20', '2019-09-28 13:17:58'),
(397, 199, 'ru', NULL, NULL, 'Банкетный зал на 2 этаже', NULL, '2019-09-25 11:06:20', '2019-09-25 11:06:20'),
(398, 199, 'ua', NULL, NULL, 'Банкетний зал на 2 поверсі', NULL, '2019-09-25 11:06:20', '2019-09-25 11:06:20'),
(399, 200, 'ru', 'Выездная церемония', NULL, 'Выездная церемония', NULL, '2019-09-25 11:07:57', '2019-09-28 13:20:16'),
(400, 200, 'ua', 'Виїзна церемонія', NULL, 'Виїзна церемонія', NULL, '2019-09-25 11:07:57', '2019-09-28 13:20:16'),
(401, 201, 'ru', NULL, NULL, 'Летняя веранда', NULL, '2019-09-25 11:07:57', '2019-09-25 11:07:57'),
(402, 201, 'ua', NULL, NULL, 'Літня веранда', NULL, '2019-09-25 11:07:57', '2019-09-25 11:07:57'),
(403, 202, 'ru', 'Уютная веранда в ресторане \"Коляда\"', NULL, 'Уютная веранда в ресторане \"Коляда\"', NULL, '2019-09-25 11:07:57', '2019-09-28 13:23:36'),
(404, 202, 'ua', 'Затишна веранда в ресторані \"Коляда\"', NULL, 'Затишна веранда в ресторані \"Коляда\"', NULL, '2019-09-25 11:07:57', '2019-09-28 13:23:36'),
(405, 203, 'ru', 'Столик на 4 персоны', NULL, 'Столик на 4 персоны', NULL, '2019-09-25 11:07:57', '2019-09-28 13:20:16'),
(406, 203, 'ua', 'Столик на 4 персони', NULL, 'Столик на 4 персони', NULL, '2019-09-25 11:07:57', '2019-09-28 13:20:16'),
(407, 204, 'ru', 'Летняя веранда до 60 персон', NULL, 'Летняя веранда до 60 персон', NULL, '2019-09-25 11:07:57', '2019-09-28 13:20:16'),
(408, 204, 'ua', 'Літня веранда до 60 персон', NULL, 'Літня веранда до 60 персон', NULL, '2019-09-25 11:07:57', '2019-09-28 13:20:16'),
(409, 205, 'ru', NULL, NULL, 'Летняя веранда', NULL, '2019-09-25 11:07:57', '2019-09-25 11:07:57'),
(410, 205, 'ua', NULL, NULL, 'Літня веранда', NULL, '2019-09-25 11:07:57', '2019-09-25 11:07:57'),
(411, 206, 'ru', 'Территория комплекса', NULL, 'Территория комплекса', NULL, '2019-09-25 11:07:57', '2019-09-28 13:23:36'),
(412, 206, 'ua', 'Територія комплексу', NULL, 'Територія комплексу', NULL, '2019-09-25 11:07:57', '2019-09-28 13:23:36'),
(413, 207, 'ru', 'Приезжайте за хорошим настроением', NULL, 'Приезжайте за хорошим настроением', NULL, '2019-09-25 11:07:57', '2019-09-28 13:23:36'),
(414, 207, 'ua', 'Приїжджайте за хорошим настроєм', NULL, 'Приїжджайте за хорошим настроєм', NULL, '2019-09-25 11:07:57', '2019-09-28 13:23:36'),
(415, 208, 'ru', NULL, NULL, 'Летняя веранда', NULL, '2019-09-25 11:07:57', '2019-09-25 11:07:57'),
(416, 208, 'ua', NULL, NULL, 'Літня веранда', NULL, '2019-09-25 11:07:57', '2019-09-25 11:07:57'),
(417, 209, 'ru', NULL, NULL, 'Летняя веранда', NULL, '2019-09-25 11:07:57', '2019-09-25 11:07:57'),
(418, 209, 'ua', NULL, NULL, 'Літня веранда', NULL, '2019-09-25 11:07:57', '2019-09-25 11:07:57'),
(419, 210, 'ru', 'Место для фотосессии', NULL, 'Место для фотосессии', NULL, '2019-09-25 11:07:57', '2019-09-28 13:23:36'),
(420, 210, 'ua', 'Місце для фотосесії', NULL, 'Місце для фотосесії', NULL, '2019-09-25 11:07:57', '2019-09-28 13:23:36'),
(421, 211, 'ru', NULL, NULL, 'Отель \"Коляда\"', NULL, '2019-09-25 11:15:42', '2019-09-25 11:15:42'),
(422, 211, 'ua', NULL, NULL, 'Готель \"Коляда\"', NULL, '2019-09-25 11:15:42', '2019-09-25 11:15:42'),
(423, 212, 'ru', NULL, NULL, 'Отель \"Коляда\"', NULL, '2019-09-25 11:15:42', '2019-09-25 11:15:42'),
(424, 212, 'ua', NULL, NULL, 'Готель \"Коляда\"', NULL, '2019-09-25 11:15:42', '2019-09-25 11:15:42'),
(425, 213, 'ru', NULL, NULL, 'Отель \"Коляда\"', NULL, '2019-09-25 11:15:42', '2019-09-25 11:15:42'),
(426, 213, 'ua', NULL, NULL, 'Готель \"Коляда\"', NULL, '2019-09-25 11:15:42', '2019-09-25 11:15:42'),
(427, 214, 'ru', NULL, NULL, 'Отель \"Коляда\"', NULL, '2019-09-25 11:15:42', '2019-09-25 11:15:42'),
(428, 214, 'ua', NULL, NULL, 'Готель \"Коляда\"', NULL, '2019-09-25 11:15:42', '2019-09-25 11:15:42'),
(429, 215, 'ru', NULL, NULL, 'Отель \"Коляда\"', NULL, '2019-09-25 11:15:42', '2019-09-25 11:15:42'),
(430, 215, 'ua', NULL, NULL, 'Готель \"Коляда\"', NULL, '2019-09-25 11:15:42', '2019-09-25 11:15:42'),
(431, 216, 'ru', '2-х комнатный номер', NULL, '2-х комнатный номер', NULL, '2019-09-25 11:15:42', '2019-09-28 13:27:54'),
(432, 216, 'ua', '2-х кімнатний номер', NULL, '2-х кімнатний номер', NULL, '2019-09-25 11:15:42', '2019-09-28 13:27:54'),
(433, 217, 'ru', 'Номер с балкончиком', NULL, 'Номер с балкончиком', NULL, '2019-09-25 11:15:42', '2019-09-28 13:27:54'),
(434, 217, 'ua', 'Номер з балкончиком', NULL, 'Номер з балкончиком', NULL, '2019-09-25 11:15:42', '2019-09-28 13:27:54'),
(435, 218, 'ru', NULL, NULL, 'Отель \"Коляда\"', NULL, '2019-09-25 11:15:42', '2019-09-25 11:15:42'),
(436, 218, 'ua', NULL, NULL, 'Готель \"Коляда\"', NULL, '2019-09-25 11:15:42', '2019-09-25 11:15:42'),
(437, 219, 'ru', 'Однокомнатный номер', NULL, 'Однокомнатный номер', NULL, '2019-09-25 11:15:42', '2019-09-28 13:27:54'),
(438, 219, 'ua', 'Однокімнатний номер', NULL, 'Однокімнатний номер', NULL, '2019-09-25 11:15:42', '2019-09-28 13:27:54'),
(439, 220, 'ru', NULL, NULL, 'Отель \"Коляда\"', NULL, '2019-09-25 11:15:42', '2019-09-25 11:15:42'),
(440, 220, 'ua', NULL, NULL, 'Готель \"Коляда\"', NULL, '2019-09-25 11:15:42', '2019-09-25 11:15:42'),
(441, 221, 'ru', NULL, NULL, 'Отель \"Коляда\"', NULL, '2019-09-25 11:15:42', '2019-09-25 11:15:42'),
(442, 221, 'ua', NULL, NULL, 'Готель \"Коляда\"', NULL, '2019-09-25 11:15:42', '2019-09-25 11:15:42'),
(443, 222, 'ru', 'Однокомнатный номер', NULL, 'Однокомнатный номер', NULL, '2019-09-25 11:15:42', '2019-09-28 13:27:54'),
(444, 222, 'ua', 'Однокімнатний номер', NULL, 'Однокімнатний номер', NULL, '2019-09-25 11:15:42', '2019-09-28 13:27:54'),
(447, 224, 'ru', 'Шашлык на саджи', NULL, 'Ресторан «Mani». Шашлык на саджи', NULL, '2019-09-25 12:21:14', '2019-09-28 13:43:52'),
(448, 224, 'ua', 'Шашлик на саджі', NULL, 'Ресторан «Mani». Шашлик на саджі', NULL, '2019-09-25 12:21:14', '2019-09-28 13:43:52'),
(449, 225, 'ru', 'Дорадо с овощами', '237 грн.', 'Ресторан «Mani». Дорадо с овощами', NULL, '2019-09-25 12:21:15', '2019-09-28 14:13:36'),
(450, 225, 'ua', 'Дорадо з овочами', '237 грн.', 'Ресторан «Mani». Дорадо з овочами', NULL, '2019-09-25 12:21:15', '2019-09-28 14:13:36'),
(451, 226, 'ru', 'Утиная ножка конфи с интерным чили', '195 грн', 'Ресторан «Mani». Утиная ножка конфи с интерным чили', NULL, '2019-09-25 12:21:16', '2019-09-28 14:13:36'),
(452, 226, 'ua', 'Качина ніжка конфі з інтернами чилі', '195 грн', 'Ресторан «Mani». Качина ніжка конфі з інтернами чилі', NULL, '2019-09-25 12:21:16', '2019-09-28 14:13:36'),
(453, 227, 'ru', 'Форель на углях', '75 грн./100г', 'Ресторан «Mani». Форель на углях', NULL, '2019-09-25 12:21:16', '2019-09-28 14:13:36'),
(454, 227, 'ua', 'Форель на вугіллі', '75 грн./100г', 'Ресторан «Mani». Форель на вугіллі', NULL, '2019-09-25 12:21:16', '2019-09-28 14:13:36'),
(455, 228, 'ru', NULL, NULL, 'Ресторан «Mani»', NULL, '2019-09-25 12:21:16', '2019-09-25 12:21:16'),
(456, 228, 'ua', NULL, NULL, 'Ресторан «Mani»', NULL, '2019-09-25 12:21:16', '2019-09-25 12:21:16'),
(457, 229, 'ru', NULL, NULL, 'Ресторан «Mani»', NULL, '2019-09-25 12:21:16', '2019-09-25 12:21:16'),
(458, 229, 'ua', NULL, NULL, 'Ресторан «Mani»', NULL, '2019-09-25 12:21:16', '2019-09-25 12:21:16'),
(459, 230, 'ru', 'Салат с утиной грудкой \"Су-Вид\"', '117 грн', 'Ресторан «Mani». Салат с утиной грудкой \"Су-Вид\"', NULL, '2019-09-25 12:21:16', '2019-09-28 14:13:36'),
(460, 230, 'ua', 'Салат з качиної грудкою \"Су-Від\"', '117 грн', 'Ресторан «Mani». Салат з качиної грудкою \"Су-Від\"', NULL, '2019-09-25 12:21:16', '2019-09-28 14:13:36'),
(461, 231, 'ru', 'Банкетный зал', NULL, 'Банкетный зал', NULL, '2019-09-25 12:41:34', '2019-09-28 14:18:10'),
(462, 231, 'ua', 'Банкетный зал', NULL, 'Банкетный зал', NULL, '2019-09-25 12:41:34', '2019-09-28 14:18:10'),
(463, 232, 'ru', 'Банкеты до 80 персон', NULL, 'Банкеты до 80 персон', NULL, '2019-09-25 12:41:34', '2019-09-28 14:18:10'),
(464, 232, 'ua', 'Банкети до 80 персон', NULL, 'Банкети до 80 персон', NULL, '2019-09-25 12:41:34', '2019-09-28 14:18:10'),
(467, 234, 'ru', 'Небольшие банкеты от 6 персон', NULL, 'Небольшие банкеты от 6 персон', NULL, '2019-09-25 12:41:35', '2019-09-28 14:18:10'),
(468, 234, 'ua', 'Невеликі банкети від 6 персон', NULL, 'Невеликі банкети від 6 персон', NULL, '2019-09-25 12:41:35', '2019-09-28 14:18:10'),
(471, 236, 'ru', 'Караоке-зал в ресторане \"Мани\"', NULL, 'Караоке-зал в ресторане \"Мани\"', NULL, '2019-09-25 12:56:23', '2019-09-28 14:23:35'),
(472, 236, 'ua', 'Караоке-зал в ресторані \"Мані\"', NULL, 'Караоке-зал в ресторані \"Мані\"', NULL, '2019-09-25 12:56:23', '2019-09-28 14:23:35'),
(473, 237, 'ru', 'Караоке-зал на 70 персон', NULL, 'Караоке-зал на 70 персон', NULL, '2019-09-25 12:58:05', '2019-09-28 14:23:35'),
(474, 237, 'ua', 'Караоке-зал на 70 персон', NULL, 'Караоке-зал на 70 персон', NULL, '2019-09-25 12:58:05', '2019-09-28 14:23:35'),
(475, 238, 'ru', 'Караоке бесплатно каждый день', NULL, 'Караоке бесплатно каждый день', NULL, '2019-09-25 12:58:06', '2019-09-28 14:23:35'),
(476, 238, 'ua', 'Караоке безкоштовно кожен день', NULL, 'Караоке безкоштовно кожен день', NULL, '2019-09-25 12:58:06', '2019-09-28 14:23:35'),
(477, 239, 'ru', NULL, NULL, 'Караоке-зал', NULL, '2019-09-25 12:58:06', '2019-09-25 12:58:06'),
(478, 239, 'ua', NULL, NULL, 'Караоке-зал', NULL, '2019-09-25 12:58:06', '2019-09-25 12:58:06'),
(481, 241, 'ru', NULL, NULL, 'Караоке-зал', NULL, '2019-09-25 13:01:02', '2019-09-25 13:01:02'),
(482, 241, 'ua', NULL, NULL, 'Караоке-зал', NULL, '2019-09-25 13:01:02', '2019-09-25 13:01:02'),
(483, 242, 'ru', NULL, NULL, 'Караоке-зал', NULL, '2019-09-25 13:01:02', '2019-09-25 13:01:02'),
(484, 242, 'ua', NULL, NULL, 'Караоке-зал', NULL, '2019-09-25 13:01:02', '2019-09-25 13:01:02'),
(485, 243, 'ru', 'Романтический завтрак', NULL, 'Ресторанный комплекс «Традиция Resto Park». Романтический завтрак', NULL, '2019-09-25 13:07:27', '2019-10-03 13:13:25'),
(486, 243, 'ua', 'Романтичний сніданок', NULL, 'Ресторанний комплекс «Традиція Resto Park». Романтичний сніданок', NULL, '2019-09-25 13:07:27', '2019-10-03 13:13:25'),
(487, 244, 'ru', 'Салат с угрем', '275 грн/220г', 'Ресторанный комплекс «Традиция Resto Park». Салат с угрем', NULL, '2019-09-25 13:07:27', '2019-10-03 13:10:31'),
(488, 244, 'ua', 'Салат з вугром', '275 грн/220г', 'Ресторанний комплекс «Традиція Resto Park». Салат з вугром', NULL, '2019-09-25 13:07:27', '2019-10-03 13:10:31'),
(489, 245, 'ru', 'Бараньи язычки в медово-горчичном соусе', '195грн/220г', 'Ресторанный комплекс «Традиция Resto Park». Бараньи язычки в медово-горчичном соусе', NULL, '2019-09-25 13:07:27', '2019-10-03 13:15:43'),
(490, 245, 'ua', 'Баранячі язички в медово-гірчичному соусі', '195грн/220г', 'Ресторанний комплекс «Традиція Resto Park». Баранячі язички в медово-гірчичному соусі', NULL, '2019-09-25 13:07:27', '2019-10-03 13:15:43'),
(491, 246, 'ru', 'Захер с малиновым мармеладом', '75грн/130г', 'Ресторанный комплекс «Традиция Resto Park». Захер с малиновым мармеладом', NULL, '2019-09-25 13:07:27', '2019-10-03 13:16:48'),
(492, 246, 'ua', 'Захер з малиновим мармеладом', '75грн/130г', 'Ресторанний комплекс «Традиція Resto Park». Захер з малиновим мармеладом', NULL, '2019-09-25 13:07:27', '2019-10-03 13:16:48'),
(493, 247, 'ru', 'Крокеты картофельные с фуа-гра и куриной печенью', '90грн/150/50г', 'Ресторанный комплекс «Традиция Resto Park». Крокеты картофельные с фуа-гра и куриной печенью', NULL, '2019-09-25 13:07:27', '2019-10-03 13:18:03'),
(494, 247, 'ua', 'Крокети картопляні з фуа-гра і курячою печінкою', '90грн/150/50г', 'Ресторанний комплекс «Традиція Resto Park». Крокети картопляні з фуа-гра і курячою печінкою', NULL, '2019-09-25 13:07:27', '2019-10-03 13:18:03'),
(495, 248, 'ru', 'Мясной пир', '350грн/600г', 'Ресторанный комплекс «Традиция Resto Park». Мясной пир', NULL, '2019-09-25 13:07:27', '2019-10-03 13:20:29'),
(496, 248, 'ua', 'М\'ясний бенкет', '350грн/600г', 'Ресторанний комплекс «Традиція Resto Park». М\'ясний бенкет', NULL, '2019-09-25 13:07:27', '2019-10-03 13:20:29'),
(497, 249, 'ru', 'Пирамида Хеопса', '70грн/120г', 'Ресторанный комплекс «Традиция Resto Park». Пирамида Хеопса', NULL, '2019-09-25 13:07:27', '2019-10-03 13:22:00'),
(498, 249, 'ua', 'Піраміда Хеопса', '70грн/120г', 'Ресторанний комплекс «Традиція Resto Park». Піраміда Хеопса', NULL, '2019-09-25 13:07:27', '2019-10-03 13:22:00'),
(499, 250, 'ru', 'Креветки-гриль с муссом из авокадо', '295грн/170г', 'Ресторанный комплекс «Традиция Resto Park». Креветки-гриль с муссом из авокадо', NULL, '2019-09-25 13:07:27', '2019-10-03 13:23:19'),
(500, 250, 'ua', 'Креветки-гриль з мусом з авокадо', '295грн/170г', 'Ресторанний комплекс «Традиція Resto Park». Креветки-гриль з мусом з авокадо', NULL, '2019-09-25 13:07:27', '2019-10-03 13:23:19'),
(501, 251, 'ru', 'Свиные ребра по-американски', '225грн/300г', 'Ресторанный комплекс «Традиция Resto Park». Свиные ребра по-американски', NULL, '2019-09-25 13:07:27', '2019-10-03 13:24:35'),
(502, 251, 'ua', 'Свинячі ребра по-американськи', '225грн/300г', 'Ресторанний комплекс «Традиція Resto Park». Свинячі ребра по-американськи', NULL, '2019-09-25 13:07:27', '2019-10-03 13:24:35'),
(503, 252, 'ru', 'Теплый салат из телятины', '250грн/200г', 'Ресторанный комплекс «Традиция Resto Park». Теплый салат из телятины', NULL, '2019-09-25 13:07:27', '2019-10-03 13:26:15'),
(504, 252, 'ua', 'Теплий салат з телятини', '250грн/200г', 'Ресторанний комплекс «Традиція Resto Park». Теплий салат з телятини', NULL, '2019-09-25 13:07:27', '2019-10-03 13:26:15'),
(505, 253, 'ru', 'Филе судака на гриле', '290грн/160/100г', 'Ресторанный комплекс «Традиция Resto Park». Филе судака на гриле', NULL, '2019-09-25 13:07:27', '2019-10-03 13:27:49'),
(506, 253, 'ua', 'Філе судака на грилі', '290грн/160/100г', 'Ресторанний комплекс «Традиція Resto Park». Філе судака на грилі', NULL, '2019-09-25 13:07:27', '2019-10-03 13:27:49'),
(509, 255, 'ru', 'Хрустящие булочки', NULL, 'Ресторанный комплекс «Традиция Resto Park». Хрустящие булочки', NULL, '2019-09-25 13:07:27', '2019-10-03 13:29:19');
INSERT INTO `gallery_items_langs` (`id`, `gallery_item_id`, `lang`, `title`, `subtitle`, `alt`, `link`, `created_at`, `updated_at`) VALUES
(510, 255, 'ua', 'Хрусткі булочки', NULL, 'Ресторанний комплекс «Традиція Resto Park». Хрусткі булочки', NULL, '2019-09-25 13:07:27', '2019-10-03 13:29:20'),
(511, 256, 'ru', 'Деруны от Кума и Кумы', '140грн/220г', 'Ресторанный комплекс «Традиция Resto Park». Деруны от Кума и Кумы', NULL, '2019-09-25 13:07:27', '2019-10-03 13:30:43'),
(512, 256, 'ua', 'Деруни від Кума і Куми', '140грн/220г', 'Ресторанний комплекс «Традиція Resto Park». Деруни від Кума і Куми', NULL, '2019-09-25 13:07:27', '2019-10-03 13:30:43'),
(513, 257, 'ru', 'Банкетный зал \"Гетьман\"', NULL, 'Банкетный зал \"Гетьман\"', NULL, '2019-09-25 13:20:20', '2019-10-03 13:39:29'),
(514, 257, 'ua', 'Банкетний зал \"Гетьман\"', NULL, 'Банкетний зал \"Гетьман\"', NULL, '2019-09-25 13:20:20', '2019-10-03 13:39:29'),
(515, 258, 'ru', 'Банкеты до 30 персон', NULL, 'Банкеты до 30 персон', NULL, '2019-09-25 13:20:20', '2019-10-03 13:39:29'),
(516, 258, 'ua', 'Банкети до 30 персон', NULL, 'Банкети до 30 персон', NULL, '2019-09-25 13:20:20', '2019-10-03 13:39:29'),
(517, 259, 'ru', 'Интерьер в украинском стиле', NULL, 'Интерьер в украинском стиле', NULL, '2019-09-25 13:20:20', '2019-10-03 13:39:29'),
(518, 259, 'ua', 'Інтер\'єр в українському стилі', NULL, 'Інтер\'єр в українському стилі', NULL, '2019-09-25 13:20:20', '2019-10-03 13:39:29'),
(519, 260, 'ru', NULL, NULL, 'Банкетный зал \"Гетьман\"', NULL, '2019-09-25 13:20:20', '2019-09-25 13:20:20'),
(520, 260, 'ua', NULL, NULL, 'Банкетний зал \"Гетьман\"', NULL, '2019-09-25 13:20:20', '2019-09-25 13:20:20'),
(521, 261, 'ru', NULL, NULL, 'Банкетный зал \"Гетьман\"', NULL, '2019-09-25 13:20:20', '2019-09-25 13:20:20'),
(522, 261, 'ua', NULL, NULL, 'Банкетний зал \"Гетьман\"', NULL, '2019-09-25 13:20:20', '2019-09-25 13:20:20'),
(525, 263, 'ru', 'Банкетный зал до 100 персон', NULL, 'Банкетный зал до 100 персон', NULL, '2019-09-25 13:28:44', '2019-10-03 13:43:23'),
(526, 263, 'ua', 'Банкетний зал до 100 персон', NULL, 'Банкетний зал до 100 персон', NULL, '2019-09-25 13:28:44', '2019-10-03 13:43:23'),
(527, 264, 'ru', 'Свадьбы, Юбилеи, Дни Рождения, Корпоративы', NULL, 'Свадьбы, Юбилеи, Дни Рождения, Корпоративы', NULL, '2019-09-25 13:28:44', '2019-10-03 13:43:23'),
(528, 264, 'ua', 'Весілля, Ювілеї, Дні Народження, Корпоративи', NULL, 'Весілля, Ювілеї, Дні Народження, Корпоративи', NULL, '2019-09-25 13:28:44', '2019-10-03 13:43:23'),
(529, 265, 'ru', 'У нас проводят корпоративы ведущие компании Харькова', NULL, 'У нас проводят корпоративы ведущие компании Харькова', NULL, '2019-09-25 13:28:44', '2019-10-03 13:43:23'),
(530, 265, 'ua', 'У нас проводять корпоративи провідні компанії Харкова', NULL, 'У нас проводять корпоративи провідні компанії Харкова', NULL, '2019-09-25 13:28:44', '2019-10-03 13:43:23'),
(531, 266, 'ru', 'Конференц-зал до 100 персон', NULL, 'Конференц-зал до 100 персон', NULL, '2019-09-25 13:33:20', '2019-10-03 13:46:19'),
(532, 266, 'ua', 'Конференц зал до 100 персон', NULL, 'Конференц зал до 100 персон', NULL, '2019-09-25 13:33:20', '2019-10-03 13:46:19'),
(533, 267, 'ru', 'Презентации, семинары', NULL, 'Презентации, семинары', NULL, '2019-09-25 13:33:20', '2019-10-03 13:46:19'),
(534, 267, 'ua', 'Презентації, семінари', NULL, 'Презентації, семінари', NULL, '2019-09-25 13:33:20', '2019-10-03 13:46:19'),
(535, 268, 'ru', NULL, NULL, 'Конференц-зал', NULL, '2019-09-25 13:33:20', '2019-09-25 13:33:20'),
(536, 268, 'ua', NULL, NULL, 'Конференц зал', NULL, '2019-09-25 13:33:20', '2019-09-25 13:33:20'),
(537, 269, 'ru', NULL, NULL, 'Конференц-зал', NULL, '2019-09-25 13:33:20', '2019-09-25 13:33:20'),
(538, 269, 'ua', NULL, NULL, 'Конференц зал', NULL, '2019-09-25 13:33:20', '2019-09-25 13:33:20'),
(539, 270, 'ru', 'Летняя терраса', NULL, 'Летняя терраса', NULL, '2019-09-25 13:35:05', '2019-10-03 13:53:02'),
(540, 270, 'ua', 'Літня тераса', NULL, 'Літня тераса', NULL, '2019-09-25 13:35:05', '2019-10-03 13:53:02'),
(541, 271, 'ru', NULL, NULL, 'Летняя терраса (домики, беседки, шатер)', NULL, '2019-09-25 13:35:05', '2019-09-25 13:35:05'),
(542, 271, 'ua', NULL, NULL, 'Літня тераса (будиночки, альтанки, намет)', NULL, '2019-09-25 13:35:05', '2019-09-25 13:35:05'),
(543, 272, 'ru', NULL, NULL, 'Летняя терраса (домики, беседки, шатер)', NULL, '2019-09-25 13:35:05', '2019-09-25 13:35:05'),
(544, 272, 'ua', NULL, NULL, 'Літня тераса (будиночки, альтанки, намет)', NULL, '2019-09-25 13:35:05', '2019-09-25 13:35:05'),
(545, 273, 'ru', 'Домики, беседки, шатер', NULL, 'Домики, беседки, шатер', NULL, '2019-09-25 13:35:05', '2019-10-03 13:53:02'),
(546, 273, 'ua', 'Будиночки, альтанки, намет', NULL, 'Будиночки, альтанки, намет', NULL, '2019-09-25 13:35:05', '2019-10-03 13:53:02'),
(547, 274, 'ru', 'Прекрасная прилегающая территория', NULL, 'Прекрасная прилегающая территория', NULL, '2019-09-25 13:35:05', '2019-10-03 13:53:02'),
(548, 274, 'ua', 'Прекрасна прилегла територія', NULL, 'Прекрасна прилегла територія', NULL, '2019-09-25 13:35:05', '2019-10-03 13:53:02'),
(549, 275, 'ru', 'Шатер до 100 персон', NULL, 'Шатер до 100 персон', NULL, '2019-09-25 13:35:05', '2019-10-03 13:53:02'),
(550, 275, 'ua', 'Шатер до 100 персон', NULL, 'Шатер до 100 персон', NULL, '2019-09-25 13:35:05', '2019-10-03 13:53:02'),
(551, 276, 'ru', 'Домики, беседки для Ваших праздников', NULL, 'Домики, беседки для Ваших праздников', NULL, '2019-09-25 13:35:05', '2019-10-03 13:53:02'),
(552, 276, 'ua', 'Будиночки, альтанки для Ваших свят', NULL, 'Будиночки, альтанки для Ваших свят', NULL, '2019-09-25 13:35:05', '2019-10-03 13:53:02'),
(555, 278, 'ru', NULL, NULL, 'Летняя терраса (домики, беседки, шатер)', NULL, '2019-09-25 13:35:05', '2019-09-25 13:35:05'),
(556, 278, 'ua', NULL, NULL, 'Літня тераса (будиночки, альтанки, намет)', NULL, '2019-09-25 13:35:05', '2019-09-25 13:35:05'),
(557, 279, 'ru', NULL, NULL, 'Летняя терраса (домики, беседки, шатер)', NULL, '2019-09-25 13:35:05', '2019-09-25 13:35:05'),
(558, 279, 'ua', NULL, NULL, 'Літня тераса (будиночки, альтанки, намет)', NULL, '2019-09-25 13:35:05', '2019-09-25 13:35:05'),
(559, 280, 'ru', 'Свадьбы на высоком уровне', NULL, 'Свадьбы на высоком уровне', NULL, '2019-09-25 13:35:05', '2019-10-03 13:53:02'),
(560, 280, 'ua', 'Свадьбы на высоком уровне', NULL, 'Свадьбы на высоком уровне', NULL, '2019-09-25 13:35:05', '2019-10-03 13:53:02'),
(561, 281, 'ru', 'Свадебный декор летней террасы', NULL, 'Свадебный декор летней террасы', NULL, '2019-09-25 13:35:05', '2019-10-03 13:53:02'),
(562, 281, 'ua', 'Весільний декор літньої тераси', NULL, 'Весільний декор літньої тераси', NULL, '2019-09-25 13:35:05', '2019-10-03 13:53:02'),
(563, 282, 'ru', 'Презентация', NULL, 'Презентация', NULL, '2019-09-25 13:59:25', '2019-10-03 13:53:02'),
(564, 282, 'ua', 'Презентація', NULL, 'Презентація', NULL, '2019-09-25 13:59:25', '2019-10-03 13:53:02'),
(565, 283, 'ru', NULL, NULL, 'Летняя терраса (домики, беседки, шатер)', NULL, '2019-09-25 13:59:25', '2019-09-25 13:59:25'),
(566, 283, 'ua', NULL, NULL, 'Літня тераса (будиночки, альтанки, намет)', NULL, '2019-09-25 13:59:25', '2019-09-25 13:59:25'),
(569, 285, 'ru', 'Аквазона  до 250 гостей', NULL, 'Аквазона  до 250 гостей', NULL, '2019-09-25 14:01:01', '2019-10-03 13:59:03'),
(570, 285, 'ua', 'Аквазона до 250 гостей', NULL, 'Аквазона до 250 гостей', NULL, '2019-09-25 14:01:01', '2019-10-03 13:59:03'),
(571, 286, 'ru', NULL, NULL, 'Аквазона \"Лето\"', NULL, '2019-09-25 14:01:01', '2019-09-25 14:01:01'),
(572, 286, 'ua', NULL, NULL, 'Аквазона \"Літо\"', NULL, '2019-09-25 14:01:01', '2019-09-25 14:01:01'),
(573, 287, 'ru', NULL, NULL, 'Аквазона \"Лето\"', NULL, '2019-09-25 14:01:01', '2019-09-25 14:01:01'),
(574, 287, 'ua', NULL, NULL, 'Аквазона \"Літо\"', NULL, '2019-09-25 14:01:01', '2019-09-25 14:01:01'),
(575, 288, 'ru', 'Место для отдыха и фотосессии', NULL, 'Место для отдыха и фотосессии', NULL, '2019-09-25 14:01:01', '2019-10-03 13:59:03'),
(576, 288, 'ua', 'Місце для відпочинку і фотосесії', NULL, 'Місце для відпочинку і фотосесії', NULL, '2019-09-25 14:01:01', '2019-10-03 13:59:03'),
(577, 289, 'ru', NULL, NULL, 'Аквазона \"Лето\"', NULL, '2019-09-25 14:01:01', '2019-09-25 14:01:01'),
(578, 289, 'ua', NULL, NULL, 'Аквазона \"Літо\"', NULL, '2019-09-25 14:01:01', '2019-09-25 14:01:01'),
(579, 290, 'ru', 'Летний отдых с детьми', NULL, 'Летний отдых с детьми', NULL, '2019-09-25 14:01:42', '2019-10-03 13:59:03'),
(580, 290, 'ua', 'Літній відпочинок з дітьми', NULL, 'Літній відпочинок з дітьми', NULL, '2019-09-25 14:01:42', '2019-10-03 13:59:03'),
(581, 291, 'ru', NULL, NULL, 'Аквазона \"Лето\"', NULL, '2019-09-25 14:01:42', '2019-09-25 14:01:42'),
(582, 291, 'ua', NULL, NULL, 'Аквазона \"Літо\"', NULL, '2019-09-25 14:01:42', '2019-09-25 14:01:42'),
(583, 292, 'ru', 'Отдых под открытым небом', NULL, 'Отдых под открытым небом', NULL, '2019-09-25 14:01:42', '2019-10-03 13:59:03'),
(584, 292, 'ua', 'Відпочинок під відкритим небом', NULL, 'Відпочинок під відкритим небом', NULL, '2019-09-25 14:01:42', '2019-10-03 13:59:03'),
(585, 293, 'ru', 'Аквазона \"Лето\"', NULL, 'Аквазона \"Лето\"', NULL, '2019-09-25 14:01:42', '2019-10-03 13:59:03'),
(586, 293, 'ua', 'Аквазона \"Літо\"', NULL, 'Аквазона \"Літо\"', NULL, '2019-09-25 14:01:42', '2019-10-03 13:59:03'),
(587, 294, 'ru', NULL, NULL, 'Аквазона \"Лето\"', NULL, '2019-09-25 14:01:42', '2019-09-25 14:01:42'),
(588, 294, 'ua', NULL, NULL, 'Аквазона \"Літо\"', NULL, '2019-09-25 14:01:42', '2019-09-25 14:01:42'),
(589, 295, 'ru', NULL, NULL, 'Аквазона \"Лето\"', NULL, '2019-09-25 14:01:42', '2019-09-25 14:01:42'),
(590, 295, 'ua', NULL, NULL, 'Аквазона \"Літо\"', NULL, '2019-09-25 14:01:42', '2019-09-25 14:01:42'),
(591, 296, 'ru', NULL, NULL, 'Отель \"Традиция\"', NULL, '2019-09-25 14:03:02', '2019-09-25 14:03:02'),
(592, 296, 'ua', NULL, NULL, 'Готель \"Традиція\"', NULL, '2019-09-25 14:03:02', '2019-09-25 14:03:02'),
(593, 297, 'ru', NULL, NULL, 'Отель \"Традиция\"', NULL, '2019-09-25 14:03:02', '2019-09-25 14:03:02'),
(594, 297, 'ua', NULL, NULL, 'Готель \"Традиція\"', NULL, '2019-09-25 14:03:02', '2019-09-25 14:03:02'),
(595, 298, 'ru', NULL, NULL, 'Отель \"Традиция\"', NULL, '2019-09-25 14:03:02', '2019-09-25 14:03:02'),
(596, 298, 'ua', NULL, NULL, 'Готель \"Традиція\"', NULL, '2019-09-25 14:03:02', '2019-09-25 14:03:02'),
(597, 299, 'ru', NULL, NULL, 'Отель \"Традиция\"', NULL, '2019-09-25 14:03:02', '2019-09-25 14:03:02'),
(598, 299, 'ua', NULL, NULL, 'Готель \"Традиція\"', NULL, '2019-09-25 14:03:02', '2019-09-25 14:03:02'),
(599, 300, 'ru', NULL, NULL, 'Отель \"Традиция\"', NULL, '2019-09-25 14:03:02', '2019-09-25 14:03:02'),
(600, 300, 'ua', NULL, NULL, 'Готель \"Традиція\"', NULL, '2019-09-25 14:03:02', '2019-09-25 14:03:02'),
(601, 301, 'ru', NULL, NULL, 'Отель \"Традиция\"', NULL, '2019-09-25 14:03:02', '2019-09-25 14:03:02'),
(602, 301, 'ua', NULL, NULL, 'Готель \"Традиція\"', NULL, '2019-09-25 14:03:02', '2019-09-25 14:03:02'),
(603, 302, 'ru', NULL, NULL, 'Отель \"Традиция\"', NULL, '2019-09-25 14:03:02', '2019-09-25 14:03:02'),
(604, 302, 'ua', NULL, NULL, 'Готель \"Традиція\"', NULL, '2019-09-25 14:03:02', '2019-09-25 14:03:02'),
(605, 303, 'ru', NULL, NULL, 'Отель \"Традиция\"', NULL, '2019-09-25 14:03:02', '2019-09-25 14:03:02'),
(606, 303, 'ua', NULL, NULL, 'Готель \"Традиція\"', NULL, '2019-09-25 14:03:02', '2019-09-25 14:03:02'),
(607, 304, 'ru', NULL, NULL, 'Траттория «Al Dente»', NULL, '2019-09-25 14:20:39', '2019-09-25 14:20:39'),
(608, 304, 'ua', NULL, NULL, 'Тратторія «Al Dente»', NULL, '2019-09-25 14:20:39', '2019-09-25 14:20:39'),
(609, 305, 'ru', NULL, NULL, 'Траттория «Al Dente»', NULL, '2019-09-25 14:20:39', '2019-09-25 14:20:39'),
(610, 305, 'ua', NULL, NULL, 'Тратторія «Al Dente»', NULL, '2019-09-25 14:20:39', '2019-09-25 14:20:39'),
(611, 306, 'ru', NULL, NULL, 'Траттория «Al Dente»', NULL, '2019-09-25 14:20:39', '2019-09-25 14:20:39'),
(612, 306, 'ua', NULL, NULL, 'Тратторія «Al Dente»', NULL, '2019-09-25 14:20:39', '2019-09-25 14:20:39'),
(613, 307, 'ru', NULL, NULL, 'Траттория «Al Dente»', NULL, '2019-09-25 14:20:39', '2019-09-25 14:20:39'),
(614, 307, 'ua', NULL, NULL, 'Тратторія «Al Dente»', NULL, '2019-09-25 14:20:39', '2019-09-25 14:20:39'),
(615, 308, 'ru', NULL, NULL, 'Траттория «Al Dente»', NULL, '2019-09-25 14:20:40', '2019-09-25 14:20:40'),
(616, 308, 'ua', NULL, NULL, 'Тратторія «Al Dente»', NULL, '2019-09-25 14:20:40', '2019-09-25 14:20:40'),
(617, 309, 'ru', NULL, NULL, 'Траттория «Al Dente»', NULL, '2019-09-25 14:20:40', '2019-09-25 14:20:40'),
(618, 309, 'ua', NULL, NULL, 'Тратторія «Al Dente»', NULL, '2019-09-25 14:20:40', '2019-09-25 14:20:40'),
(619, 310, 'ru', NULL, NULL, 'Траттория «Al Dente»', NULL, '2019-09-25 14:20:40', '2019-09-25 14:20:40'),
(620, 310, 'ua', NULL, NULL, 'Тратторія «Al Dente»', NULL, '2019-09-25 14:20:40', '2019-09-25 14:20:40'),
(621, 311, 'ru', NULL, NULL, 'Банкетные залы', NULL, '2019-09-25 14:24:16', '2019-09-25 14:24:16'),
(622, 311, 'ua', NULL, NULL, 'Банкетні зали', NULL, '2019-09-25 14:24:16', '2019-09-25 14:24:16'),
(623, 312, 'ru', '4 зала (30, 50, 20, 15 персон)', NULL, '4 зала (30, 50, 20, 15 персон)', NULL, '2019-09-25 14:24:16', '2019-09-28 15:00:21'),
(624, 312, 'ua', '4 зали (30, 50, 20, 15 персон)', NULL, '4 зали (30, 50, 20, 15 персон)', NULL, '2019-09-25 14:24:16', '2019-09-28 15:00:21'),
(625, 313, 'ru', 'Проведем любое мероприятие на высшем уровне', NULL, 'Проведем любое мероприятие на высшем уровне', NULL, '2019-09-25 14:24:16', '2019-09-28 15:00:21'),
(626, 313, 'ua', 'Проведемо будь-який захід на вищому рівні', NULL, 'Проведемо будь-який захід на вищому рівні', NULL, '2019-09-25 14:24:16', '2019-09-28 15:00:21'),
(627, 314, 'ru', NULL, NULL, 'Банкетные залы', NULL, '2019-09-25 14:24:16', '2019-09-25 14:24:16'),
(628, 314, 'ua', NULL, NULL, 'Банкетні зали', NULL, '2019-09-25 14:24:16', '2019-09-25 14:24:16'),
(629, 315, 'ru', 'Летняя терраса', NULL, 'Летняя терраса', NULL, '2019-09-25 14:26:49', '2019-09-28 15:03:35'),
(630, 315, 'ua', 'Літня тераса', NULL, 'Літня тераса', NULL, '2019-09-25 14:26:49', '2019-09-28 15:03:35'),
(631, 316, 'ru', NULL, NULL, 'Летняя терраса', NULL, '2019-09-25 14:26:49', '2019-09-25 14:26:49'),
(632, 316, 'ua', NULL, NULL, 'Літня тераса', NULL, '2019-09-25 14:26:49', '2019-09-25 14:26:49'),
(633, 317, 'ru', NULL, NULL, 'Летняя терраса', NULL, '2019-09-25 14:26:49', '2019-09-25 14:26:49'),
(634, 317, 'ua', NULL, NULL, 'Літня тераса', NULL, '2019-09-25 14:26:49', '2019-09-25 14:26:49'),
(635, 318, 'ru', 'Уютная летняя терраса на 100 персон', NULL, 'Уютная летняя терраса на 100 персон', NULL, '2019-09-25 14:26:49', '2019-09-28 15:03:35'),
(636, 318, 'ua', 'Затишна літня тераса на 100 персон', NULL, 'Затишна літня тераса на 100 персон', NULL, '2019-09-25 14:26:49', '2019-09-28 15:03:35'),
(637, 319, 'ru', NULL, NULL, 'Летняя терраса', NULL, '2019-09-25 14:26:49', '2019-09-25 14:26:49'),
(638, 319, 'ua', NULL, NULL, 'Літня тераса', NULL, '2019-09-25 14:26:49', '2019-09-25 14:26:49'),
(639, 320, 'ru', 'Равиолли с креветкой', NULL, 'Ресторан «Тартуфо». Равиолли с креветкой', NULL, '2019-09-25 14:47:48', '2019-09-30 11:41:22'),
(640, 320, 'ua', 'Равіолі з креветкою', NULL, 'Ресторан «Тартуфо». Равіолі з креветкою', NULL, '2019-09-25 14:47:48', '2019-09-30 11:41:22'),
(641, 321, 'ru', 'Равиолли с уткой под апельсиновым соусом', NULL, 'Ресторан «Тартуфо». Равиолли с уткой под апельсиновым соусом', NULL, '2019-09-25 14:47:48', '2019-09-30 11:41:22'),
(642, 321, 'ua', 'Равіолі з качкою під апельсиновим соусом', NULL, 'Ресторан «Тартуфо». Равіолі з качкою під апельсиновим соусом', NULL, '2019-09-25 14:47:48', '2019-09-30 11:41:22'),
(643, 322, 'ru', 'Салат из сезонных овощей', NULL, 'Ресторан «Тартуфо». Салат из сезонных овощей', NULL, '2019-09-25 14:47:48', '2019-09-30 11:41:22'),
(644, 322, 'ua', 'Салат з сезонних овочів', NULL, 'Ресторан «Тартуфо». Салат з сезонних овочів', NULL, '2019-09-25 14:47:48', '2019-09-30 11:41:22'),
(645, 323, 'ru', 'Салат с утиным филе', NULL, 'Ресторан «Тартуфо». Салат с утиным филе', NULL, '2019-09-25 14:47:48', '2019-09-30 11:41:22'),
(646, 323, 'ua', 'Салат з качиним філе', NULL, 'Ресторан «Тартуфо». Салат з качиним філе', NULL, '2019-09-25 14:47:48', '2019-09-30 11:41:22'),
(647, 324, 'ru', 'Тарт с лимонным кремом и итальянской маренгой', NULL, 'Ресторан «Тартуфо». Тарт с лимонным кремом и итальянской маренгой', NULL, '2019-09-25 14:47:49', '2019-09-30 11:41:22'),
(648, 324, 'ua', 'Тарт з лимонним кремом і італійської Маренгою', NULL, 'Ресторан «Тартуфо». Тарт з лимонним кремом і італійської Маренгою', NULL, '2019-09-25 14:47:49', '2019-09-30 11:41:22'),
(649, 325, 'ru', 'Трюфельный торт', NULL, 'Ресторан «Тартуфо». Трюфельный торт', NULL, '2019-09-25 14:47:49', '2019-09-30 11:41:22'),
(650, 325, 'ua', 'Трюфельний торт', NULL, 'Ресторан «Тартуфо». Трюфельний торт', NULL, '2019-09-25 14:47:49', '2019-09-30 11:41:22'),
(651, 326, 'ru', 'Тыквенный суп с гребешком', NULL, 'Ресторан «Тартуфо». Тыквенный суп с гребешком', NULL, '2019-09-25 14:47:49', '2019-09-30 11:41:22'),
(652, 326, 'ua', 'Гарбузовий суп з гребінцем', NULL, 'Ресторан «Тартуфо». Гарбузовий суп з гребінцем', NULL, '2019-09-25 14:47:49', '2019-09-30 11:41:22'),
(653, 327, 'ru', 'Филе Дорадо с креветкой', NULL, 'Ресторан «Тартуфо». Филе Дорадо с креветкой', NULL, '2019-09-25 14:47:49', '2019-09-30 11:41:22'),
(654, 327, 'ua', 'Філе Дорадо з креветкою', NULL, 'Ресторан «Тартуфо». Філе Дорадо з креветкою', NULL, '2019-09-25 14:47:49', '2019-09-30 11:41:22'),
(655, 328, 'ru', 'Филе красного тунца со свежим питахайя', NULL, 'Ресторан «Тартуфо». Филе красного тунца со свежим питахайя', NULL, '2019-09-25 14:47:49', '2019-09-30 11:41:22'),
(656, 328, 'ua', 'Філе червоного тунця зі свіжим пітахайя', NULL, 'Ресторан «Тартуфо». Філе червоного тунця зі свіжим пітахайя', NULL, '2019-09-25 14:47:49', '2019-09-30 11:41:22'),
(657, 329, 'ru', 'Наши гости', NULL, 'Наши гости', NULL, '2019-09-25 14:54:58', '2019-09-30 12:03:33'),
(658, 329, 'ua', 'Наші гості', NULL, 'Наші гості', NULL, '2019-09-25 14:54:58', '2019-09-30 12:03:33'),
(659, 330, 'ru', 'Банкетный зал на 60 персон', NULL, 'Банкетный зал на 60 персон', NULL, '2019-09-25 14:54:58', '2019-09-30 12:03:33'),
(660, 330, 'ua', 'Банкетний зал на 60 персон', NULL, 'Банкетний зал на 60 персон', NULL, '2019-09-25 14:54:58', '2019-09-30 12:03:33'),
(661, 331, 'ru', 'Проведение мероприятий на высшем уровне', NULL, 'Проведение мероприятий на высшем уровне', NULL, '2019-09-25 14:54:58', '2019-09-30 12:03:33'),
(662, 331, 'ua', 'Проведення заходів на вищому рівні', NULL, 'Проведення заходів на вищому рівні', NULL, '2019-09-25 14:54:58', '2019-09-30 12:03:33'),
(663, 332, 'ru', NULL, NULL, 'Банкетные Залы ресторана', NULL, '2019-09-25 14:54:58', '2019-09-25 14:54:58'),
(664, 332, 'ua', NULL, NULL, 'Банкетні Зали ресторану', NULL, '2019-09-25 14:54:58', '2019-09-25 14:54:58'),
(665, 333, 'ru', 'Банкетный зал на 25 персон', NULL, 'Банкетный зал на 25 персон', NULL, '2019-09-25 14:54:58', '2019-09-30 12:03:33'),
(666, 333, 'ua', 'Банкетний зал на 25 персон', NULL, 'Банкетний зал на 25 персон', NULL, '2019-09-25 14:54:58', '2019-09-30 12:03:33'),
(667, 334, 'ru', 'Для поклонников итальянской кухни и вина', NULL, 'Для поклонников итальянской кухни и вина', NULL, '2019-09-25 14:54:58', '2019-09-30 12:03:33'),
(668, 334, 'ua', 'Для шанувальників італійської кухні і вина', NULL, 'Для шанувальників італійської кухні і вина', NULL, '2019-09-25 14:54:58', '2019-09-30 12:03:33'),
(669, 335, 'ru', NULL, NULL, 'Банкетные Залы ресторана', NULL, '2019-09-25 14:54:58', '2019-09-25 14:54:58'),
(670, 335, 'ua', NULL, NULL, 'Банкетні Зали ресторану', NULL, '2019-09-25 14:54:58', '2019-09-25 14:54:58'),
(671, 336, 'ru', 'Ждем Вас в гости', NULL, 'Ждем Вас в гости', NULL, '2019-09-25 14:54:58', '2019-09-30 12:09:49'),
(672, 336, 'ua', 'Чекаємо Вас у гості', NULL, 'Чекаємо Вас у гості', NULL, '2019-09-25 14:54:58', '2019-09-30 12:09:49'),
(673, 337, 'ru', NULL, NULL, 'Банкетные Залы ресторана', NULL, '2019-09-25 14:56:11', '2019-09-25 14:56:11'),
(674, 337, 'ua', NULL, NULL, 'Банкетні Зали ресторану', NULL, '2019-09-25 14:56:11', '2019-09-25 14:56:11'),
(675, 338, 'ru', 'Летняя терраса до 30 персон', NULL, 'Летняя терраса до 30 персон', NULL, '2019-09-25 14:59:27', '2019-09-30 12:28:43'),
(676, 338, 'ua', 'Літня тераса до 30 персон', NULL, 'Літня тераса до 30 персон', NULL, '2019-09-25 14:59:27', '2019-09-30 12:28:43'),
(677, 339, 'ru', NULL, NULL, 'Летняя терраса', NULL, '2019-09-25 14:59:28', '2019-09-25 14:59:28'),
(678, 339, 'ua', NULL, NULL, 'Літня тераса', NULL, '2019-09-25 14:59:28', '2019-09-25 14:59:28'),
(679, 340, 'ru', NULL, NULL, 'Летняя терраса', NULL, '2019-09-25 14:59:28', '2019-09-25 14:59:28'),
(680, 340, 'ua', NULL, NULL, 'Літня тераса', NULL, '2019-09-25 14:59:28', '2019-09-25 14:59:28'),
(681, 341, 'ru', 'Нас легко найти', NULL, 'Нас легко найти', NULL, '2019-09-25 14:59:28', '2019-09-30 12:28:43'),
(682, 341, 'ua', 'Нас легко знайти', NULL, 'Нас легко знайти', NULL, '2019-09-25 14:59:28', '2019-09-30 12:28:43'),
(683, 342, 'ru', NULL, NULL, 'Летняя терраса', NULL, '2019-09-25 14:59:28', '2019-09-25 14:59:28'),
(684, 342, 'ua', NULL, NULL, 'Літня тераса', NULL, '2019-09-25 14:59:28', '2019-09-25 14:59:28'),
(685, 343, 'ru', 'У нас интересно в любом возрасте', NULL, 'У нас интересно в любом возрасте', NULL, '2019-09-25 14:59:28', '2019-09-30 13:29:20'),
(686, 343, 'ua', 'У нас цікаво в будь-якому віці', NULL, 'У нас цікаво в будь-якому віці', NULL, '2019-09-25 14:59:28', '2019-09-30 13:29:20'),
(699, 350, 'ru', 'Основной зал на 40 персон', NULL, 'Основной зал на 40 персон', NULL, '2019-09-26 10:27:29', '2019-09-28 11:04:34'),
(700, 350, 'ua', 'Основний зал на 40 персон', NULL, 'Основний зал на 40 персон', NULL, '2019-09-26 10:27:29', '2019-09-28 11:04:34'),
(701, 351, 'ru', 'Уютный интерьер', NULL, 'Уютный интерьер', NULL, '2019-09-26 10:27:29', '2019-09-28 11:04:34'),
(702, 351, 'ua', 'Затишний інтер\'єр', NULL, 'Затишний інтер\'єр', NULL, '2019-09-26 10:27:29', '2019-09-28 11:04:34'),
(703, 352, 'ru', 'Ассортимент бара на любой вкус', NULL, 'Ассортимент бара на любой вкус', NULL, '2019-09-26 10:27:29', '2019-09-28 11:04:34'),
(704, 352, 'ua', 'Асортимент бару на будь-який смак', NULL, 'Асортимент бару на будь-який смак', NULL, '2019-09-26 10:27:29', '2019-09-28 11:04:34'),
(705, 353, 'ru', 'Отличное настроение', NULL, 'Отличное настроение', NULL, '2019-09-26 10:27:29', '2019-09-28 11:04:34'),
(706, 353, 'ua', 'Відмінний настрій', NULL, 'Відмінний настрій', NULL, '2019-09-26 10:27:29', '2019-09-28 11:04:34'),
(707, 354, 'ru', NULL, NULL, 'Основной зал', NULL, '2019-09-26 10:27:29', '2019-09-26 10:27:29'),
(708, 354, 'ua', NULL, NULL, 'Основний зал', NULL, '2019-09-26 10:27:29', '2019-09-26 10:27:29'),
(709, 355, 'ru', NULL, NULL, 'Основной зал', NULL, '2019-09-26 10:27:29', '2019-09-26 10:27:29'),
(710, 355, 'ua', NULL, NULL, 'Основний зал', NULL, '2019-09-26 10:27:29', '2019-09-26 10:27:29'),
(711, 356, 'ru', 'Яркие впечатления', NULL, 'Яркие впечатления', NULL, '2019-09-26 10:27:29', '2019-09-28 11:04:34'),
(712, 356, 'ua', 'Яскраві враження', NULL, 'Яскраві враження', NULL, '2019-09-26 10:27:29', '2019-09-28 11:04:34'),
(713, 357, 'ru', NULL, NULL, 'Основной зал', NULL, '2019-09-26 10:27:29', '2019-09-26 10:27:29'),
(714, 357, 'ua', NULL, NULL, 'Основний зал', NULL, '2019-09-26 10:27:29', '2019-09-26 10:27:29'),
(715, 358, 'ru', NULL, NULL, 'Основной зал', NULL, '2019-09-26 10:27:29', '2019-09-26 10:27:29'),
(716, 358, 'ua', NULL, NULL, 'Основний зал', NULL, '2019-09-26 10:27:29', '2019-09-26 10:27:29'),
(717, 359, 'ru', NULL, NULL, 'Основной зал', NULL, '2019-09-26 10:27:29', '2019-09-26 10:27:29'),
(718, 359, 'ua', NULL, NULL, 'Основний зал', NULL, '2019-09-26 10:27:29', '2019-09-26 10:27:29'),
(719, 360, 'ru', 'Банкетный зал', NULL, 'Банкетный зал', NULL, '2019-09-26 10:33:20', '2019-09-28 10:53:40'),
(720, 360, 'ua', 'Банкетний зал', NULL, 'Банкетний зал', NULL, '2019-09-26 10:33:20', '2019-09-28 10:53:40'),
(721, 361, 'ru', 'Проводим мероприятия до 60 персон', NULL, 'Проводим мероприятия до 60 персон', NULL, '2019-09-26 10:33:20', '2019-09-28 10:53:40'),
(722, 361, 'ua', 'Проводимо заходи до 60 персон', NULL, 'Проводимо заходи до 60 персон', NULL, '2019-09-26 10:33:20', '2019-09-28 10:53:40'),
(723, 362, 'ru', 'Светло-бежевые тона интерьера', NULL, 'Светло-бежевые тона интерьера', NULL, '2019-09-26 10:33:20', '2019-09-28 10:53:40'),
(724, 362, 'ua', 'Світло-бежеві тони інтер\'єру', NULL, 'Світло-бежеві тони інтер\'єру', NULL, '2019-09-26 10:33:20', '2019-09-28 10:53:40'),
(727, 364, 'ru', NULL, NULL, 'Летняя терраса в кафе \"Абрикос\"', NULL, '2019-09-26 10:34:27', '2019-09-26 10:34:27'),
(728, 364, 'ua', NULL, NULL, 'Літня тераса в кафе \"Абрикос\"', NULL, '2019-09-26 10:34:27', '2019-09-26 10:34:27'),
(729, 365, 'ru', 'Летняя терраса в кафе \"Абрикос\"', NULL, 'Летняя терраса в кафе \"Абрикос\"', NULL, '2019-09-26 10:34:47', '2019-09-28 10:50:53'),
(730, 365, 'ua', 'Літня тераса в кафе \"Абрикос\"', NULL, 'Літня тераса в кафе \"Абрикос\"', NULL, '2019-09-26 10:34:47', '2019-09-28 10:50:53'),
(731, 366, 'ru', 'до 12 персон', NULL, 'до 12 персон', NULL, '2019-09-26 10:34:47', '2019-09-28 10:50:53'),
(732, 366, 'ua', 'до 12 персон', NULL, 'до 12 персон', NULL, '2019-09-26 10:34:47', '2019-09-28 10:50:53'),
(733, 367, 'ru', 'Добро пожаловать', NULL, 'Добро пожаловать', NULL, '2019-09-26 10:34:47', '2019-09-28 10:50:53'),
(734, 367, 'ua', 'Ласкаво просимо', NULL, 'Ласкаво просимо', NULL, '2019-09-26 10:34:47', '2019-09-28 10:50:53'),
(735, 368, 'ru', NULL, NULL, 'Летняя терраса в кафе \"Абрикос\"', NULL, '2019-09-26 10:34:47', '2019-09-26 10:34:47'),
(736, 368, 'ua', NULL, NULL, 'Літня тераса в кафе \"Абрикос\"', NULL, '2019-09-26 10:34:47', '2019-09-26 10:34:47'),
(737, 369, 'ru', NULL, NULL, 'Летняя терраса в кафе \"Абрикос\"', NULL, '2019-09-26 10:34:47', '2019-09-26 10:34:47'),
(738, 369, 'ua', NULL, NULL, 'Літня тераса в кафе \"Абрикос\"', NULL, '2019-09-26 10:34:47', '2019-09-26 10:34:47'),
(767, 384, 'ru', NULL, NULL, 'Наш одесский интерьер', NULL, '2019-09-26 11:30:15', '2019-09-26 11:30:15'),
(768, 384, 'ua', NULL, NULL, 'Наш одеський інтер\'єр', NULL, '2019-09-26 11:30:15', '2019-09-26 11:30:15'),
(769, 385, 'ru', NULL, NULL, 'Наш одесский интерьер', NULL, '2019-09-26 11:30:15', '2019-09-26 11:30:15'),
(770, 385, 'ua', NULL, NULL, 'Наш одеський інтер\'єр', NULL, '2019-09-26 11:30:15', '2019-09-26 11:30:15'),
(771, 386, 'ru', NULL, NULL, 'Наш одесский интерьер', NULL, '2019-09-26 11:30:15', '2019-09-26 11:30:15'),
(772, 386, 'ua', NULL, NULL, 'Наш одеський інтер\'єр', NULL, '2019-09-26 11:30:15', '2019-09-26 11:30:15'),
(773, 387, 'ru', NULL, NULL, 'Наш одесский интерьер', NULL, '2019-09-26 11:30:15', '2019-09-26 11:30:15'),
(774, 387, 'ua', NULL, NULL, 'Наш одеський інтер\'єр', NULL, '2019-09-26 11:30:15', '2019-09-26 11:30:15'),
(775, 388, 'ru', NULL, NULL, 'Наш одесский интерьер', NULL, '2019-09-26 11:30:15', '2019-09-26 11:30:15'),
(776, 388, 'ua', NULL, NULL, 'Наш одеський інтер\'єр', NULL, '2019-09-26 11:30:15', '2019-09-26 11:30:15'),
(777, 389, 'ru', NULL, NULL, 'Наш одесский интерьер', NULL, '2019-09-26 11:30:15', '2019-09-26 11:30:15'),
(778, 389, 'ua', NULL, NULL, 'Наш одеський інтер\'єр', NULL, '2019-09-26 11:30:15', '2019-09-26 11:30:15'),
(779, 390, 'ru', NULL, NULL, 'Летняя терраса', NULL, '2019-09-26 11:31:20', '2019-09-26 11:31:20'),
(780, 390, 'ua', NULL, NULL, 'Літня тераса', NULL, '2019-09-26 11:31:20', '2019-09-26 11:31:20'),
(781, 391, 'ru', NULL, NULL, 'Летняя терраса', NULL, '2019-09-26 11:31:20', '2019-09-26 11:31:20'),
(782, 391, 'ua', NULL, NULL, 'Літня тераса', NULL, '2019-09-26 11:31:20', '2019-09-26 11:31:20'),
(783, 392, 'ru', NULL, NULL, 'Летняя терраса', NULL, '2019-09-26 11:31:20', '2019-09-26 11:31:20'),
(784, 392, 'ua', NULL, NULL, 'Літня тераса', NULL, '2019-09-26 11:31:20', '2019-09-26 11:31:20'),
(785, 393, 'ru', NULL, NULL, 'Трактир «Мишкина Малина»', NULL, '2019-09-26 11:45:25', '2019-09-26 11:45:25'),
(786, 393, 'ua', NULL, NULL, 'Трактир «Мішкіна Малина»', NULL, '2019-09-26 11:45:25', '2019-09-26 11:45:25'),
(787, 394, 'ru', NULL, NULL, 'Трактир «Мишкина Малина»', NULL, '2019-09-26 11:45:25', '2019-09-26 11:45:25'),
(788, 394, 'ua', NULL, NULL, 'Трактир «Мішкіна Малина»', NULL, '2019-09-26 11:45:25', '2019-09-26 11:45:25'),
(789, 395, 'ru', NULL, NULL, 'Трактир «Мишкина Малина»', NULL, '2019-09-26 11:45:25', '2019-09-26 11:45:25'),
(790, 395, 'ua', NULL, NULL, 'Трактир «Мішкіна Малина»', NULL, '2019-09-26 11:45:25', '2019-09-26 11:45:25'),
(791, 396, 'ru', NULL, NULL, 'Трактир «Мишкина Малина»', NULL, '2019-09-26 11:45:25', '2019-09-26 11:45:25'),
(792, 396, 'ua', NULL, NULL, 'Трактир «Мішкіна Малина»', NULL, '2019-09-26 11:45:25', '2019-09-26 11:45:25'),
(793, 397, 'ru', NULL, NULL, 'Трактир «Мишкина Малина»', NULL, '2019-09-26 11:45:25', '2019-09-26 11:45:25'),
(794, 397, 'ua', NULL, NULL, 'Трактир «Мішкіна Малина»', NULL, '2019-09-26 11:45:25', '2019-09-26 11:45:25'),
(795, 398, 'ru', NULL, NULL, 'Трактир «Мишкина Малина»', NULL, '2019-09-26 11:45:25', '2019-09-26 11:45:25'),
(796, 398, 'ua', NULL, NULL, 'Трактир «Мішкіна Малина»', NULL, '2019-09-26 11:45:25', '2019-09-26 11:45:25'),
(819, 410, 'ru', NULL, NULL, 'Ресторан «IRIS art RESTAURANT»', NULL, '2019-09-26 12:09:27', '2019-09-26 12:09:27'),
(820, 410, 'ua', NULL, NULL, 'Ресторан «IRIS art RESTAURANT»', NULL, '2019-09-26 12:09:27', '2019-09-26 12:09:27'),
(821, 411, 'ru', NULL, NULL, 'Ресторан «IRIS art RESTAURANT»', NULL, '2019-09-26 12:09:30', '2019-09-26 12:09:30'),
(822, 411, 'ua', NULL, NULL, 'Ресторан «IRIS art RESTAURANT»', NULL, '2019-09-26 12:09:30', '2019-09-26 12:09:30'),
(823, 412, 'ru', NULL, NULL, 'Ресторан «IRIS art RESTAURANT»', NULL, '2019-09-26 12:09:30', '2019-09-26 12:09:30'),
(824, 412, 'ua', NULL, NULL, 'Ресторан «IRIS art RESTAURANT»', NULL, '2019-09-26 12:09:30', '2019-09-26 12:09:30'),
(825, 413, 'ru', NULL, NULL, 'Ресторан «IRIS art RESTAURANT»', NULL, '2019-09-26 12:09:30', '2019-09-26 12:09:30'),
(826, 413, 'ua', NULL, NULL, 'Ресторан «IRIS art RESTAURANT»', NULL, '2019-09-26 12:09:30', '2019-09-26 12:09:30'),
(827, 414, 'ru', NULL, NULL, 'Ресторан «IRIS art RESTAURANT»', NULL, '2019-09-26 12:09:30', '2019-09-26 12:09:30'),
(828, 414, 'ua', NULL, NULL, 'Ресторан «IRIS art RESTAURANT»', NULL, '2019-09-26 12:09:30', '2019-09-26 12:09:30'),
(829, 415, 'ru', NULL, NULL, 'Ресторан «IRIS art RESTAURANT»', NULL, '2019-09-26 12:19:48', '2019-09-26 12:19:48'),
(830, 415, 'ua', NULL, NULL, 'Ресторан «IRIS art RESTAURANT»', NULL, '2019-09-26 12:19:48', '2019-09-26 12:19:48'),
(831, 416, 'ru', NULL, NULL, 'Ресторан «IRIS art RESTAURANT»', NULL, '2019-09-26 12:19:48', '2019-09-26 12:19:48'),
(832, 416, 'ua', NULL, NULL, 'Ресторан «IRIS art RESTAURANT»', NULL, '2019-09-26 12:19:48', '2019-09-26 12:19:48'),
(833, 417, 'ru', NULL, NULL, 'Ресторан «IRIS art RESTAURANT»', NULL, '2019-09-26 12:19:50', '2019-09-26 12:19:50'),
(834, 417, 'ua', NULL, NULL, 'Ресторан «IRIS art RESTAURANT»', NULL, '2019-09-26 12:19:50', '2019-09-26 12:19:50'),
(835, 418, 'ru', NULL, NULL, 'Ресторан «IRIS art RESTAURANT»', NULL, '2019-09-26 12:19:50', '2019-09-26 12:19:50'),
(836, 418, 'ua', NULL, NULL, 'Ресторан «IRIS art RESTAURANT»', NULL, '2019-09-26 12:19:50', '2019-09-26 12:19:50'),
(837, 419, 'ru', NULL, NULL, 'Ресторан «IRIS art RESTAURANT»', NULL, '2019-09-26 12:19:51', '2019-09-26 12:19:51'),
(838, 419, 'ua', NULL, NULL, 'Ресторан «IRIS art RESTAURANT»', NULL, '2019-09-26 12:19:51', '2019-09-26 12:19:51'),
(839, 420, 'ru', NULL, NULL, 'Ресторан «IRIS art RESTAURANT»', NULL, '2019-09-26 12:19:52', '2019-09-26 12:19:52'),
(840, 420, 'ua', NULL, NULL, 'Ресторан «IRIS art RESTAURANT»', NULL, '2019-09-26 12:19:52', '2019-09-26 12:19:52'),
(841, 421, 'ru', 'Салат с грушей', '79 грн/250 г', 'Пироговая «Тестовъ». Салат с грушей', NULL, '2019-09-26 12:32:22', '2019-10-03 11:47:06'),
(842, 421, 'ua', 'Салат з грушею', '79 грн/250 г', 'Пирогова «Тестов\'». Салат з грушею', NULL, '2019-09-26 12:32:22', '2019-10-03 11:47:06'),
(843, 422, 'ru', NULL, NULL, 'Пироговая «Тестовъ»', NULL, '2019-09-26 12:32:22', '2019-09-26 12:32:22'),
(844, 422, 'ua', NULL, NULL, 'Пирогова «Тестов\'»', NULL, '2019-09-26 12:32:22', '2019-09-26 12:32:22'),
(845, 423, 'ru', 'Стейк из телятины с овощами на гриле', '189 грн/250/180/50', 'Пироговая «Тестовъ». Стейк из телятины с овощами на гриле', NULL, '2019-09-26 12:32:22', '2019-10-03 11:47:06'),
(846, 423, 'ua', 'Стейк з телятини з овочами на грилі', '189 грн/250/180/50', 'Пирогова «Тестов\'». Стейк з телятини з овочами на грилі', NULL, '2019-09-26 12:32:22', '2019-10-03 11:47:06'),
(847, 424, 'ru', 'Суп с фрикадельками', '65 грн/300 г', 'Пироговая «Тестовъ». Суп с фрикадельками', NULL, '2019-09-26 12:32:22', '2019-10-03 11:47:06'),
(848, 424, 'ua', 'Суп з фрикадельками', '65 грн/300 г', 'Пирогова «Тестов\'». Суп з фрикадельками', NULL, '2019-09-26 12:32:22', '2019-10-03 11:47:06'),
(849, 425, 'ru', 'Пирог с грушей', '35 грн/125 г', 'Пироговая «Тестовъ». Пирог с грушей', NULL, '2019-09-26 12:32:22', '2019-10-03 11:58:19'),
(850, 425, 'ua', 'Пиріг з грушею', '35 грн/125 г', 'Пирогова «Тестов\'». Пиріг з грушею', NULL, '2019-09-26 12:32:22', '2019-10-03 11:58:19'),
(851, 426, 'ru', 'Пирог с персиком и смородиной', '34 грн/125 г', 'Пироговая «Тестовъ». Пирог с персиком и смородиной', NULL, '2019-09-26 12:32:22', '2019-10-03 11:58:19'),
(852, 426, 'ua', 'Пиріг з персиком і смородиною', '34 грн/125 г', 'Пирогова «Тестов\'». Пиріг з персиком і смородиною', NULL, '2019-09-26 12:32:22', '2019-10-03 11:58:19'),
(853, 427, 'ru', 'Пирог с курицей и лесными грибами', '38 грн/125 г', 'Пироговая «Тестовъ». Пирог с курицей и лесными грибами', NULL, '2019-09-26 12:32:22', '2019-10-03 11:58:19'),
(854, 427, 'ua', 'Пиріг з куркою і лісовими грибами', '38 грн/125 г', 'Пирогова «Тестов\'». Пиріг з куркою і лісовими грибами', NULL, '2019-09-26 12:32:22', '2019-10-03 11:58:19'),
(855, 428, 'ru', 'Кулебяка Мясная', '45 грн/125 г', 'Пироговая «Тестовъ». Кулебяка Мясная', NULL, '2019-09-26 12:32:22', '2019-10-03 11:50:35'),
(856, 428, 'ua', 'Кулеб\'яка М\'ясна', '45 грн/125 г', 'Пирогова «Тестов\'». Кулеб\'яка М\'ясна', NULL, '2019-09-26 12:32:22', '2019-10-03 11:50:35'),
(857, 429, 'ru', 'Пирог с индейкой и сухофруктами', '53 грн/ 125 г', 'Пироговая «Тестовъ». Пирог с индейкой и сухофруктами', NULL, '2019-09-26 12:32:22', '2019-10-03 11:59:15'),
(858, 429, 'ua', 'Пиріг з індичкою і сухофруктами', '53 грн/ 125 г', 'Пирогова «Тестов\'». Пиріг з індичкою і сухофруктами', NULL, '2019-09-26 12:32:22', '2019-10-03 11:59:15'),
(859, 430, 'ru', 'Салат с лососем и картофелем', '149 грн/270 г', 'Пироговая «Тестовъ». Салат с лососем и картофелем', NULL, '2019-09-26 12:32:22', '2019-10-03 11:47:07'),
(860, 430, 'ua', 'Салат з лососем і картоплею', '149 грн/270 г', 'Пирогова «Тестов\'». Салат з лососем і картоплею', NULL, '2019-09-26 12:32:22', '2019-10-03 11:47:07'),
(861, 431, 'ru', 'Ванильно-ягодный мусс', '76 грн/270 г', 'Пироговая «Тестовъ». Ванильно-ягодный мусс', NULL, '2019-09-26 12:32:22', '2019-10-03 11:47:07'),
(862, 431, 'ua', 'Ванільно-ягідний мус', '76 грн/270 г', 'Пирогова «Тестов\'». Ванільно-ягідний мус', NULL, '2019-09-26 12:32:22', '2019-10-03 11:47:07'),
(863, 432, 'ru', 'Стейк из лосося', '199 грн/150/100/50 г', 'Пироговая «Тестовъ». Стейк из лосося', NULL, '2019-09-26 12:32:22', '2019-10-03 11:47:07'),
(864, 432, 'ua', 'Стейк з лосося', '199 грн/150/100/50 г', 'Пирогова «Тестов\'». Стейк з лосося', NULL, '2019-09-26 12:32:22', '2019-10-03 11:47:07'),
(865, 433, 'ru', 'Гречневая лапша с овощами', '92 грн/360 г', 'Пироговая «Тестовъ». Гречневая лапша с овощами', NULL, '2019-09-26 12:32:53', '2019-10-03 11:47:07'),
(866, 433, 'ua', 'Гречана локшина з овочами', '92 грн/360 г', 'Пирогова «Тестов\'». Гречана локшина з овочами', NULL, '2019-09-26 12:32:53', '2019-10-03 11:47:07'),
(867, 434, 'ru', 'Свекольник', '59 грн/300г', 'Пироговая «Тестовъ». Свекольник', NULL, '2019-09-26 12:32:53', '2019-10-03 11:47:07'),
(868, 434, 'ua', 'Свекольник', '59 грн/300г', 'Пирогова «Тестов\'». Свекольник', NULL, '2019-09-26 12:32:53', '2019-10-03 11:47:07'),
(869, 435, 'ru', 'Салат из птицы под фирменным соусом', '105 грн/295 г', 'Пироговая «Тестовъ». Салат из птицы под фирменным соусом', NULL, '2019-09-26 12:32:53', '2019-10-03 11:47:07'),
(870, 435, 'ua', 'Салат з птиці під фірмовим соусом', '105 грн/295 г', 'Пирогова «Тестов\'». Салат з птиці під фірмовим соусом', NULL, '2019-09-26 12:32:53', '2019-10-03 11:47:07'),
(871, 436, 'ru', 'Основной зал ресторана', NULL, 'Основной зал ресторана', NULL, '2019-09-26 12:38:51', '2019-10-03 12:03:12'),
(872, 436, 'ua', 'Основний зал ресторану', NULL, 'Основний зал ресторану', NULL, '2019-09-26 12:38:51', '2019-10-03 12:03:12'),
(873, 437, 'ru', NULL, NULL, 'Наш интерьер', NULL, '2019-09-26 12:38:51', '2019-09-26 12:38:51'),
(874, 437, 'ua', NULL, NULL, 'Наш інтер\'єр', NULL, '2019-09-26 12:38:51', '2019-09-26 12:38:51'),
(875, 438, 'ru', 'Ждем Вас в гости!', NULL, 'Ждем Вас в гости!', NULL, '2019-09-26 12:38:51', '2019-10-03 12:06:27'),
(876, 438, 'ua', 'Чекаємо Вас у гості!', NULL, 'Чекаємо Вас у гості!', NULL, '2019-09-26 12:38:51', '2019-10-03 12:06:27'),
(877, 439, 'ru', 'Основной зал на 62 персоны', NULL, 'Основной зал на 62 персоны', NULL, '2019-09-26 12:38:51', '2019-10-03 12:03:12'),
(878, 439, 'ua', 'Основний зал на 62 персони', NULL, 'Основний зал на 62 персони', NULL, '2019-09-26 12:38:51', '2019-10-03 12:03:12'),
(879, 440, 'ru', 'Уютная атмосфера', NULL, 'Уютная атмосфера', NULL, '2019-09-26 12:38:51', '2019-10-03 12:06:27'),
(880, 440, 'ua', 'Затишна атмосфера', NULL, 'Затишна атмосфера', NULL, '2019-09-26 12:38:51', '2019-10-03 12:06:27'),
(881, 441, 'ru', NULL, NULL, 'Наш интерьер', NULL, '2019-09-26 12:38:51', '2019-09-26 12:38:51'),
(882, 441, 'ua', NULL, NULL, 'Наш інтер\'єр', NULL, '2019-09-26 12:38:51', '2019-09-26 12:38:51'),
(883, 442, 'ru', 'Пироговая \"Тестовъ\"', 'наши любимые гости', 'Пироговая \"Тестовъ\"', NULL, '2019-09-26 12:38:51', '2019-10-03 12:03:12'),
(884, 442, 'ua', 'Пирогова \"Тестов\'\"', 'наші улюблені гості', 'Пирогова \"Тестов\'\"', NULL, '2019-09-26 12:38:51', '2019-10-03 12:03:12'),
(885, 443, 'ru', 'Каминный зал на 12 персон', NULL, 'Каминный зал на 12 персон', NULL, '2019-09-26 12:38:51', '2019-10-03 12:03:12'),
(886, 443, 'ua', 'Камінний зал на 12 персон', NULL, 'Камінний зал на 12 персон', NULL, '2019-09-26 12:38:51', '2019-10-03 12:03:12'),
(887, 444, 'ru', 'Каминный зал на 12 персон', NULL, 'Каминный зал на 12 персон', NULL, '2019-09-26 12:38:51', '2019-10-03 12:06:27'),
(888, 444, 'ua', 'Камінний зал на 12 персон', NULL, 'Камінний зал на 12 персон', NULL, '2019-09-26 12:38:51', '2019-10-03 12:06:27'),
(889, 445, 'ru', 'Основной зал ресторана', NULL, 'Основной зал ресторана', NULL, '2019-09-26 12:38:51', '2019-10-03 12:06:27'),
(890, 445, 'ua', 'Основний зал ресторану', NULL, 'Основний зал ресторану', NULL, '2019-09-26 12:38:51', '2019-10-03 12:06:27'),
(891, 446, 'ru', 'Вам обязательно у нас понравится', NULL, 'Вам обязательно у нас понравится', NULL, '2019-09-26 12:38:51', '2019-10-03 12:06:27'),
(892, 446, 'ua', 'Вам обов\'язково у нас сподобається', NULL, 'Вам обов\'язково у нас сподобається', NULL, '2019-09-26 12:38:51', '2019-10-03 12:06:27'),
(893, 447, 'ru', NULL, NULL, 'Наш интерьер', NULL, '2019-09-26 12:38:51', '2019-09-26 12:38:51'),
(894, 447, 'ua', NULL, NULL, 'Наш інтер\'єр', NULL, '2019-09-26 12:38:51', '2019-09-26 12:38:51'),
(895, 448, 'ru', NULL, NULL, 'Наш интерьер', NULL, '2019-09-26 12:38:51', '2019-09-26 12:38:51'),
(896, 448, 'ua', NULL, NULL, 'Наш інтер\'єр', NULL, '2019-09-26 12:38:51', '2019-09-26 12:38:51'),
(897, 449, 'ru', NULL, NULL, 'Наш интерьер', NULL, '2019-09-26 12:38:51', '2019-09-26 12:38:51'),
(898, 449, 'ua', NULL, NULL, 'Наш інтер\'єр', NULL, '2019-09-26 12:38:51', '2019-09-26 12:38:51'),
(901, 451, 'ru', NULL, NULL, 'Банкетный зал «Феникс»', NULL, '2019-09-26 13:11:40', '2019-09-26 13:11:40'),
(902, 451, 'ua', NULL, NULL, 'Банкетний зал «Фенікс»', NULL, '2019-09-26 13:11:40', '2019-09-26 13:11:40'),
(903, 452, 'ru', NULL, NULL, 'Банкетный зал «Феникс»', NULL, '2019-09-26 13:11:40', '2019-09-26 13:11:40'),
(904, 452, 'ua', NULL, NULL, 'Банкетний зал «Фенікс»', NULL, '2019-09-26 13:11:40', '2019-09-26 13:11:40'),
(905, 453, 'ru', NULL, NULL, 'Банкетный зал «Феникс»', NULL, '2019-09-26 13:11:40', '2019-09-26 13:11:40'),
(906, 453, 'ua', NULL, NULL, 'Банкетний зал «Фенікс»', NULL, '2019-09-26 13:11:40', '2019-09-26 13:11:40'),
(907, 454, 'ru', NULL, NULL, 'Банкетный зал «Феникс»', NULL, '2019-09-26 13:11:40', '2019-09-26 13:11:40'),
(908, 454, 'ua', NULL, NULL, 'Банкетний зал «Фенікс»', NULL, '2019-09-26 13:11:40', '2019-09-26 13:11:40'),
(909, 455, 'ru', NULL, NULL, 'Банкетный зал «Феникс»', NULL, '2019-09-26 13:11:40', '2019-09-26 13:11:40'),
(910, 455, 'ua', NULL, NULL, 'Банкетний зал «Фенікс»', NULL, '2019-09-26 13:11:40', '2019-09-26 13:11:40'),
(911, 456, 'ru', NULL, NULL, 'Банкетный зал «Феникс»', NULL, '2019-09-26 13:11:40', '2019-09-26 13:11:40'),
(912, 456, 'ua', NULL, NULL, 'Банкетний зал «Фенікс»', NULL, '2019-09-26 13:11:40', '2019-09-26 13:11:40'),
(913, 457, 'ru', NULL, NULL, 'Банкетный зал «Феникс»', NULL, '2019-09-26 13:11:40', '2019-09-26 13:11:40'),
(914, 457, 'ua', NULL, NULL, 'Банкетний зал «Фенікс»', NULL, '2019-09-26 13:11:40', '2019-09-26 13:11:40'),
(915, 458, 'ru', NULL, NULL, 'Банкетный зал «Феникс»', NULL, '2019-09-26 13:11:40', '2019-09-26 13:11:40'),
(916, 458, 'ua', NULL, NULL, 'Банкетний зал «Фенікс»', NULL, '2019-09-26 13:11:40', '2019-09-26 13:11:40'),
(917, 459, 'ru', NULL, NULL, 'Банкетный зал «Феникс»', NULL, '2019-09-26 13:11:40', '2019-09-26 13:11:40'),
(918, 459, 'ua', NULL, NULL, 'Банкетний зал «Фенікс»', NULL, '2019-09-26 13:11:40', '2019-09-26 13:11:40'),
(919, 460, 'ru', NULL, NULL, 'Банкетный зал «Феникс»', NULL, '2019-09-26 13:11:40', '2019-09-26 13:11:40'),
(920, 460, 'ua', NULL, NULL, 'Банкетний зал «Фенікс»', NULL, '2019-09-26 13:11:40', '2019-09-26 13:11:40'),
(921, 461, 'ru', NULL, NULL, 'Банкетный зал «Феникс»', NULL, '2019-09-26 13:11:40', '2019-09-26 13:11:40'),
(922, 461, 'ua', NULL, NULL, 'Банкетний зал «Фенікс»', NULL, '2019-09-26 13:11:40', '2019-09-26 13:11:40'),
(923, 462, 'ru', NULL, NULL, 'Банкетный зал «Феникс»', NULL, '2019-09-26 13:11:40', '2019-09-26 13:11:40'),
(924, 462, 'ua', NULL, NULL, 'Банкетний зал «Фенікс»', NULL, '2019-09-26 13:11:40', '2019-09-26 13:11:40'),
(925, 463, 'ru', NULL, NULL, 'Банкетный зал «Феникс»', NULL, '2019-09-26 13:11:40', '2019-09-26 13:11:40'),
(926, 463, 'ua', NULL, NULL, 'Банкетний зал «Фенікс»', NULL, '2019-09-26 13:11:40', '2019-09-26 13:11:40'),
(927, 464, 'ru', NULL, NULL, 'Банкетный холл', NULL, '2019-09-26 13:25:05', '2019-09-26 13:25:05'),
(928, 464, 'ua', NULL, NULL, 'Банкетний хол', NULL, '2019-09-26 13:25:05', '2019-09-26 13:25:05'),
(929, 465, 'ru', 'Выездная церемония', NULL, 'Выездная церемония', NULL, '2019-09-26 13:25:05', '2019-09-30 08:31:29'),
(930, 465, 'ua', 'Виїзна церемонія', NULL, 'Виїзна церемонія', NULL, '2019-09-26 13:25:05', '2019-09-30 08:31:29'),
(931, 466, 'ru', 'Свадьба', NULL, 'Свадьба', NULL, '2019-09-26 13:25:05', '2019-09-30 08:31:29'),
(932, 466, 'ua', 'Весілля', NULL, 'Весілля', NULL, '2019-09-26 13:25:05', '2019-09-30 08:31:29'),
(933, 467, 'ru', 'Банкет на 400 персон', NULL, 'Банкет на 400 персон', NULL, '2019-09-26 13:25:05', '2019-09-30 08:31:29'),
(934, 467, 'ua', 'Банкет на 400 персон', NULL, 'Банкет на 400 персон', NULL, '2019-09-26 13:25:05', '2019-09-30 08:31:29'),
(935, 468, 'ru', 'вВыездная церемония', NULL, 'вВыездная церемония', NULL, '2019-09-26 13:25:05', '2019-09-30 08:31:29'),
(936, 468, 'ua', 'Виїзна церемонія', NULL, 'Виїзна церемонія', NULL, '2019-09-26 13:25:05', '2019-09-30 08:31:29'),
(937, 469, 'ru', NULL, NULL, 'Банкетный холл', NULL, '2019-09-26 13:25:05', '2019-09-26 13:25:05'),
(938, 469, 'ua', NULL, NULL, 'Банкетний хол', NULL, '2019-09-26 13:25:05', '2019-09-26 13:25:05'),
(939, 470, 'ru', 'Шоу-программа', NULL, 'Шоу-программа', NULL, '2019-09-26 13:25:05', '2019-09-30 08:31:29'),
(940, 470, 'ua', 'Шоу програма', NULL, 'Шоу програма', NULL, '2019-09-26 13:25:05', '2019-09-30 08:31:29'),
(941, 471, 'ru', NULL, NULL, 'Банкетный холл', NULL, '2019-09-26 13:25:05', '2019-09-26 13:25:05'),
(942, 471, 'ua', NULL, NULL, 'Банкетний хол', NULL, '2019-09-26 13:25:05', '2019-09-26 13:25:05'),
(943, 472, 'ru', NULL, NULL, 'Банкетный холл', NULL, '2019-09-26 13:25:05', '2019-09-26 13:25:05'),
(944, 472, 'ua', NULL, NULL, 'Банкетний хол', NULL, '2019-09-26 13:25:05', '2019-09-26 13:25:05'),
(945, 473, 'ru', 'Зона для фотосессии', NULL, 'Зона для фотосессии', NULL, '2019-09-26 13:25:05', '2019-09-30 08:31:29'),
(946, 473, 'ua', 'Зона для фотосесії', NULL, 'Зона для фотосесії', NULL, '2019-09-26 13:25:05', '2019-09-30 08:31:29'),
(947, 474, 'ru', NULL, NULL, 'Банкетный холл', NULL, '2019-09-26 13:25:05', '2019-09-26 13:25:05'),
(948, 474, 'ua', NULL, NULL, 'Банкетний хол', NULL, '2019-09-26 13:25:05', '2019-09-26 13:25:05'),
(949, 475, 'ru', 'Роскошный декор', NULL, 'Роскошный декор', NULL, '2019-09-26 13:25:05', '2019-09-30 08:31:29'),
(950, 475, 'ua', 'Розкішний декор', NULL, 'Розкішний декор', NULL, '2019-09-26 13:25:05', '2019-09-30 08:31:29'),
(951, 476, 'ru', NULL, NULL, 'Банкетный холл', NULL, '2019-09-26 13:25:05', '2019-09-26 13:25:05'),
(952, 476, 'ua', NULL, NULL, 'Банкетний хол', NULL, '2019-09-26 13:25:05', '2019-09-26 13:25:05'),
(953, 477, 'ru', 'Презентация', NULL, 'Презентация', NULL, '2019-09-26 13:25:05', '2019-09-30 08:31:29'),
(954, 477, 'ua', 'Презентація', NULL, 'Презентація', NULL, '2019-09-26 13:25:05', '2019-09-30 08:31:29'),
(955, 478, 'ru', NULL, NULL, 'Банкетный холл', NULL, '2019-09-26 13:25:05', '2019-09-26 13:25:05'),
(956, 478, 'ua', NULL, NULL, 'Банкетний хол', NULL, '2019-09-26 13:25:05', '2019-09-26 13:25:05'),
(957, 479, 'ru', 'Зал 50 персон', NULL, 'Зал 50 персон', NULL, '2019-09-26 13:31:56', '2019-09-30 09:11:33'),
(958, 479, 'ua', 'Зал на 50 персон', NULL, 'Зал на 50 персон', NULL, '2019-09-26 13:31:56', '2019-09-30 09:11:33'),
(959, 480, 'ru', NULL, NULL, 'Малый зал', NULL, '2019-09-26 13:31:56', '2019-09-26 13:31:56'),
(960, 480, 'ua', NULL, NULL, 'Малий зал', NULL, '2019-09-26 13:31:56', '2019-09-26 13:31:56'),
(961, 481, 'ru', 'Праздничное оформление зала', NULL, 'Праздничное оформление зала', NULL, '2019-09-26 13:31:56', '2019-09-30 09:11:33'),
(962, 481, 'ua', 'Святкове оформлення залу', NULL, 'Святкове оформлення залу', NULL, '2019-09-26 13:31:56', '2019-09-30 09:11:33'),
(963, 482, 'ru', NULL, NULL, 'Малый зал', NULL, '2019-09-26 13:31:56', '2019-09-26 13:31:56'),
(964, 482, 'ua', NULL, NULL, 'Малий зал', NULL, '2019-09-26 13:31:56', '2019-09-26 13:31:56'),
(965, 483, 'ru', 'Уютная обстановка', NULL, 'Уютная обстановка', NULL, '2019-09-26 13:31:56', '2019-09-30 09:11:33'),
(966, 483, 'ua', 'Затишна обстановка', NULL, 'Затишна обстановка', NULL, '2019-09-26 13:31:56', '2019-09-30 09:11:33'),
(967, 484, 'ru', 'Свадьбы, Дни рождения, Корпоративы', NULL, 'Свадьбы, Дни рождения, Корпоративы', NULL, '2019-09-26 13:31:56', '2019-09-30 09:11:33'),
(968, 484, 'ua', 'Весілля, Дні народження, корпоративи', NULL, 'Весілля, Дні народження, корпоративи', NULL, '2019-09-26 13:31:56', '2019-09-30 09:11:33'),
(969, 485, 'ru', 'Выездная церемония', NULL, 'Выездная церемония', NULL, '2019-09-26 13:34:42', '2019-09-30 09:28:34'),
(970, 485, 'ua', 'Виїзна церемонія', NULL, 'Виїзна церемонія', NULL, '2019-09-26 13:34:42', '2019-09-30 09:28:34'),
(971, 486, 'ru', NULL, NULL, 'Летняя терраса', NULL, '2019-09-26 13:34:42', '2019-09-26 13:34:42'),
(972, 486, 'ua', NULL, NULL, 'Літня тераса', NULL, '2019-09-26 13:34:42', '2019-09-26 13:34:42'),
(973, 487, 'ru', 'Летняя терраса до 50 персон', NULL, 'Летняя терраса до 50 персон', NULL, '2019-09-26 13:34:42', '2019-09-30 09:28:34'),
(974, 487, 'ua', 'Літня тераса до 50 персон', NULL, 'Літня тераса до 50 персон', NULL, '2019-09-26 13:34:42', '2019-09-30 09:28:34'),
(975, 488, 'ru', 'Столик на двоих', NULL, 'Столик на двоих', NULL, '2019-09-26 13:42:58', '2019-10-01 10:15:29'),
(976, 488, 'ua', 'Столик на двох', NULL, 'Столик на двох', NULL, '2019-09-26 13:42:58', '2019-10-01 10:15:29'),
(977, 489, 'ru', NULL, NULL, 'Банкетный зал', NULL, '2019-09-26 13:42:58', '2019-09-26 13:42:58'),
(978, 489, 'ua', NULL, NULL, 'Банкетний зал', NULL, '2019-09-26 13:42:58', '2019-09-26 13:42:58'),
(979, 490, 'ru', 'Свадьба в ресторане \"Соло\"', NULL, 'Свадьба в ресторане \"Соло\"', NULL, '2019-09-26 13:42:58', '2019-10-01 10:15:29'),
(980, 490, 'ua', 'Весілля в ресторані \"Соло\"', NULL, 'Весілля в ресторані \"Соло\"', NULL, '2019-09-26 13:42:58', '2019-10-01 10:15:29'),
(981, 491, 'ru', 'Банкеты до 60 персон', NULL, 'Банкеты до 60 персон', NULL, '2019-09-26 13:42:58', '2019-10-01 10:15:29'),
(982, 491, 'ua', 'Банкети 60 персон', NULL, 'Банкети 60 персон', NULL, '2019-09-26 13:42:58', '2019-10-01 10:15:29'),
(983, 492, 'ru', NULL, NULL, 'Банкетный зал', NULL, '2019-09-26 13:42:58', '2019-09-26 13:42:58'),
(984, 492, 'ua', NULL, NULL, 'Банкетний зал', NULL, '2019-09-26 13:42:58', '2019-09-26 13:42:58'),
(987, 494, 'ru', 'Наличие проектора', NULL, 'Наличие проектора', NULL, '2019-09-26 13:42:59', '2019-10-01 10:15:29'),
(988, 494, 'ua', 'Наявність проектора', NULL, 'Наявність проектора', NULL, '2019-09-26 13:42:59', '2019-10-01 10:15:29'),
(989, 495, 'ru', NULL, NULL, 'Банкетный зал', NULL, '2019-09-26 13:42:59', '2019-09-26 13:42:59'),
(990, 495, 'ua', NULL, NULL, 'Банкетний зал', NULL, '2019-09-26 13:42:59', '2019-09-26 13:42:59'),
(993, 497, 'ru', 'Караоке-зал до 40 персон', NULL, 'Караоке-зал до 40 персон', NULL, '2019-09-26 13:45:26', '2019-10-01 10:11:52'),
(994, 497, 'ua', 'Караоке-зал до 40 персон', NULL, 'Караоке-зал до 40 персон', NULL, '2019-09-26 13:45:26', '2019-10-01 10:11:52'),
(995, 498, 'ru', 'Кальян', NULL, 'Кальян', NULL, '2019-09-26 13:45:26', '2019-10-01 10:11:52'),
(996, 498, 'ua', 'Кальян', NULL, 'Кальян', NULL, '2019-09-26 13:45:26', '2019-10-01 10:11:52'),
(997, 499, 'ru', NULL, NULL, 'Летняя терраса', NULL, '2019-09-26 13:45:52', '2019-09-26 13:45:52'),
(998, 499, 'ua', NULL, NULL, 'Літня тераса', NULL, '2019-09-26 13:45:52', '2019-09-26 13:45:52'),
(1017, 509, 'ru', 'Стол молодоженов', NULL, 'Стол молодоженов', NULL, '2019-09-26 13:53:03', '2019-09-30 14:23:39'),
(1018, 509, 'ua', 'Стіл молодят', NULL, 'Стіл молодят', NULL, '2019-09-26 13:53:03', '2019-09-30 14:23:39'),
(1019, 510, 'ru', 'Наш бар', NULL, 'Наш бар', NULL, '2019-09-26 13:53:03', '2019-09-30 14:23:39'),
(1020, 510, 'ua', 'Наш бар', NULL, 'Наш бар', NULL, '2019-09-26 13:53:03', '2019-09-30 14:23:39');
INSERT INTO `gallery_items_langs` (`id`, `gallery_item_id`, `lang`, `title`, `subtitle`, `alt`, `link`, `created_at`, `updated_at`) VALUES
(1021, 511, 'ru', NULL, NULL, 'Банкетный зал', NULL, '2019-09-26 13:53:04', '2019-09-26 13:53:04'),
(1022, 511, 'ua', NULL, NULL, 'Банкетний зал', NULL, '2019-09-26 13:53:04', '2019-09-26 13:53:04'),
(1023, 512, 'ru', 'Банкетный  зал до 60 персон', NULL, 'Банкетный  зал до 60 персон', NULL, '2019-09-26 13:53:04', '2019-09-30 14:23:39'),
(1024, 512, 'ua', 'Банкетний зал до 60 персон', NULL, 'Банкетний зал до 60 персон', NULL, '2019-09-26 13:53:04', '2019-09-30 14:23:39'),
(1025, 513, 'ru', 'Сервировка банкетного стола', NULL, 'Сервировка банкетного стола', NULL, '2019-09-26 13:53:04', '2019-09-30 14:23:39'),
(1026, 513, 'ua', 'Сервіровка банкетного столу', NULL, 'Сервіровка банкетного столу', NULL, '2019-09-26 13:53:04', '2019-09-30 14:23:39'),
(1027, 514, 'ru', 'Место для фотосессии', NULL, 'Место для фотосессии', NULL, '2019-09-26 13:53:04', '2019-09-30 14:23:39'),
(1028, 514, 'ua', 'Місце для фотосесії', NULL, 'Місце для фотосесії', NULL, '2019-09-26 13:53:04', '2019-09-30 14:23:39'),
(1029, 515, 'ru', NULL, NULL, 'Банкетный зал', NULL, '2019-09-26 13:53:04', '2019-09-26 13:53:04'),
(1030, 515, 'ua', NULL, NULL, 'Банкетний зал', NULL, '2019-09-26 13:53:04', '2019-09-26 13:53:04'),
(1031, 516, 'ru', 'Флористическое оформление', NULL, 'Флористическое оформление', NULL, '2019-09-26 13:53:04', '2019-09-30 14:23:39'),
(1032, 516, 'ua', 'Флористичне оформлення', NULL, 'Флористичне оформлення', NULL, '2019-09-26 13:53:04', '2019-09-30 14:23:39'),
(1033, 517, 'ru', NULL, NULL, 'Банкетный зал', NULL, '2019-09-26 13:53:04', '2019-09-26 13:53:04'),
(1034, 517, 'ua', NULL, NULL, 'Банкетний зал', NULL, '2019-09-26 13:53:04', '2019-09-26 13:53:04'),
(1035, 518, 'ru', 'Свадьбы, Юбилеи, Корпоративы', NULL, 'Свадьбы, Юбилеи, Корпоративы', NULL, '2019-09-26 13:53:04', '2019-09-30 14:23:39'),
(1036, 518, 'ua', 'Весілля, Ювілеї, Корпоративи', NULL, 'Весілля, Ювілеї, Корпоративи', NULL, '2019-09-26 13:53:04', '2019-09-30 14:23:39'),
(1037, 519, 'ru', NULL, NULL, 'Банкетный зал', NULL, '2019-09-26 13:53:04', '2019-09-26 13:53:04'),
(1038, 519, 'ua', NULL, NULL, 'Банкетний зал', NULL, '2019-09-26 13:53:04', '2019-09-26 13:53:04'),
(1039, 520, 'ru', 'Банкет на 20 персон', NULL, 'Банкет на 20 персон', NULL, '2019-09-26 13:53:04', '2019-09-30 14:23:39'),
(1040, 520, 'ua', 'Банкет на 20 персон', NULL, 'Банкет на 20 персон', NULL, '2019-09-26 13:53:04', '2019-09-30 14:23:39'),
(1041, 521, 'ru', 'Свадьба в ресторане \"Корона\"', NULL, 'Свадьба в ресторане \"Корона\"', NULL, '2019-09-26 13:53:04', '2019-09-30 14:23:39'),
(1042, 521, 'ua', 'Весілля в ресторані \"Корона\"', NULL, 'Весілля в ресторані \"Корона\"', NULL, '2019-09-26 13:53:04', '2019-09-30 14:23:39'),
(1043, 522, 'ru', 'Банкеты бывают разные...', NULL, 'Банкеты бывают разные...', NULL, '2019-09-26 13:53:04', '2019-09-30 14:23:39'),
(1044, 522, 'ua', 'Банкети бувають різні ...', NULL, 'Банкети бувають різні ...', NULL, '2019-09-26 13:53:04', '2019-09-30 14:23:39'),
(1045, 523, 'ru', 'Искреннее проявление любви))', 'благодаря приятной атмосфере, которую мы с удовольствием для Вас создаём', 'Искреннее проявление любви))', NULL, '2019-09-26 13:54:50', '2019-09-30 14:41:33'),
(1046, 523, 'ua', 'Щирий прояв любові))', 'завдяки приємній атмосфері, яку ми із задоволенням для Вас створюємо', 'Щирий прояв любові))', NULL, '2019-09-26 13:54:50', '2019-09-30 14:41:33'),
(1047, 524, 'ru', NULL, NULL, 'Караоке-зал', NULL, '2019-09-26 13:54:51', '2019-09-26 13:54:51'),
(1048, 524, 'ua', NULL, NULL, 'Караоке-зал', NULL, '2019-09-26 13:54:51', '2019-09-26 13:54:51'),
(1049, 525, 'ru', NULL, NULL, 'Караоке-зал', NULL, '2019-09-26 13:54:51', '2019-09-26 13:54:51'),
(1050, 525, 'ua', NULL, NULL, 'Караоке-зал', NULL, '2019-09-26 13:54:51', '2019-09-26 13:54:51'),
(1051, 526, 'ru', 'Стоимость и время работы Караоке', 'Пн.-Чт. и Вс. - 20:00-4:00 Пт. Сб. - 20:00-5:00; 1 песня-40 грн. Безлимит-600 грн/стол.', 'Стоимость и время работы Караоке', NULL, '2019-09-26 13:54:51', '2019-09-30 14:41:33'),
(1052, 526, 'ua', 'Вартість і час роботи Караоке', 'Пн.-Чт. і НД. - 20: 00-4: 00 Пунктів. Зб. - 20: 00-5: 00; 1 пісня-40 грн. Безліміт-600 грн / стіл.', 'Вартість і час роботи Караоке', NULL, '2019-09-26 13:54:51', '2019-09-30 14:41:33'),
(1053, 527, 'ru', 'Банкет в зале \"Караоке\"', NULL, 'Банкет в зале \"Караоке\"', NULL, '2019-09-26 13:54:51', '2019-09-30 14:41:33'),
(1054, 527, 'ua', 'Банкет в залі \"Караоке\"', NULL, 'Банкет в залі \"Караоке\"', NULL, '2019-09-26 13:54:51', '2019-09-30 14:41:33'),
(1055, 528, 'ru', 'Наши дорогие гости))', NULL, 'Наши дорогие гости))', NULL, '2019-09-26 13:54:51', '2019-09-30 14:41:33'),
(1056, 528, 'ua', 'Наші дорогі гості))', NULL, 'Наші дорогі гості))', NULL, '2019-09-26 13:54:51', '2019-09-30 14:41:33'),
(1057, 529, 'ru', 'Караоке при заказе банкета 400 грн - безлимит', NULL, 'Караоке при заказе банкета 400 грн - безлимит', NULL, '2019-09-26 13:54:51', '2019-09-30 14:41:33'),
(1058, 529, 'ua', 'Караоке при замовленні банкету 400 грн - безліміт', NULL, 'Караоке при замовленні банкету 400 грн - безліміт', NULL, '2019-09-26 13:54:51', '2019-09-30 14:41:33'),
(1059, 530, 'ru', 'Караоке-зал на 30 персон', NULL, 'Караоке-зал на 30 персон', NULL, '2019-09-26 13:54:51', '2019-09-30 14:41:33'),
(1060, 530, 'ua', 'Караоке-зал на 30 персон', NULL, 'Караоке-зал на 30 персон', NULL, '2019-09-26 13:54:51', '2019-09-30 14:41:33'),
(1061, 531, 'ru', 'Мы всегда готовы к встрече гостей', NULL, 'Мы всегда готовы к встрече гостей', NULL, '2019-09-26 13:54:51', '2019-09-30 14:41:33'),
(1062, 531, 'ua', 'Ми завжди готові до зустрічі гостей', NULL, 'Ми завжди готові до зустрічі гостей', NULL, '2019-09-26 13:54:51', '2019-09-30 14:41:33'),
(1063, 532, 'ru', NULL, NULL, 'Караоке-зал', NULL, '2019-09-26 13:54:51', '2019-09-26 13:54:51'),
(1064, 532, 'ua', NULL, NULL, 'Караоке-зал', NULL, '2019-09-26 13:54:51', '2019-09-26 13:54:51'),
(1065, 533, 'ru', NULL, NULL, 'Караоке-зал', NULL, '2019-09-26 13:54:51', '2019-09-26 13:54:51'),
(1066, 533, 'ua', NULL, NULL, 'Караоке-зал', NULL, '2019-09-26 13:54:51', '2019-09-26 13:54:51'),
(1067, 534, 'ru', NULL, NULL, 'Караоке-зал', NULL, '2019-09-26 13:54:51', '2019-09-26 13:54:51'),
(1068, 534, 'ua', NULL, NULL, 'Караоке-зал', NULL, '2019-09-26 13:54:51', '2019-09-26 13:54:51'),
(1069, 535, 'ru', 'Караоке 1 песня-40 грн. Безлимит-600 грн/стол.', NULL, 'Караоке 1 песня-40 грн. Безлимит-600 грн/стол.', NULL, '2019-09-26 13:54:51', '2019-09-30 14:41:33'),
(1070, 535, 'ua', 'Караоке 1 пісня-40 грн. Безліміт-600 грн / стіл.', NULL, 'Караоке 1 пісня-40 грн. Безліміт-600 грн / стіл.', NULL, '2019-09-26 13:54:51', '2019-09-30 14:41:33'),
(1071, 536, 'ru', 'Кальян', NULL, 'Кальян', NULL, '2019-09-26 13:54:51', '2019-09-30 14:41:33'),
(1072, 536, 'ua', 'Кальян', NULL, 'Кальян', NULL, '2019-09-26 13:54:51', '2019-09-30 14:41:33'),
(1073, 537, 'ru', NULL, NULL, 'Караоке-зал', NULL, '2019-09-26 13:54:51', '2019-09-26 13:54:51'),
(1074, 537, 'ua', NULL, NULL, 'Караоке-зал', NULL, '2019-09-26 13:54:51', '2019-09-26 13:54:51'),
(1075, 538, 'ru', NULL, NULL, 'Летняя терраса', NULL, '2019-09-26 13:55:20', '2019-09-26 13:55:20'),
(1076, 538, 'ua', NULL, NULL, 'Літня тераса', NULL, '2019-09-26 13:55:20', '2019-09-26 13:55:20'),
(1077, 539, 'ru', NULL, NULL, 'Летняя терраса', NULL, '2019-09-26 13:55:20', '2019-09-26 13:55:20'),
(1078, 539, 'ua', NULL, NULL, 'Літня тераса', NULL, '2019-09-26 13:55:20', '2019-09-26 13:55:20'),
(1079, 540, 'ru', 'Овощной салат с курицей и сыром \"Фета\"', NULL, 'Ресторан «Корона». Овощной салат с курицей и сыром \"Фета\"', NULL, '2019-09-26 13:56:08', '2019-09-30 13:42:09'),
(1080, 540, 'ua', 'Овочевий салат з куркою і сиром \"Фета\"', NULL, 'Ресторан «Корона». Овочевий салат з куркою і сиром \"Фета\"', NULL, '2019-09-26 13:56:08', '2019-09-30 13:42:09'),
(1083, 542, 'ru', NULL, NULL, 'Ресторан «Корона»', NULL, '2019-09-26 13:56:08', '2019-09-26 13:56:08'),
(1084, 542, 'ua', NULL, NULL, 'Ресторан «Корона»', NULL, '2019-09-26 13:56:08', '2019-09-26 13:56:08'),
(1085, 543, 'ru', 'Банкетный стол', NULL, 'Ресторан «Корона». Банкетный стол', NULL, '2019-09-26 13:56:08', '2019-09-30 13:42:09'),
(1086, 543, 'ua', 'Банкетний стіл', NULL, 'Ресторан «Корона». Банкетний стіл', NULL, '2019-09-26 13:56:08', '2019-09-30 13:42:09'),
(1087, 544, 'ru', 'Салат \"Сельдь под шубой\"', NULL, 'Ресторан «Корона». Салат \"Сельдь под шубой\"', NULL, '2019-09-26 13:56:08', '2019-09-30 13:42:09'),
(1088, 544, 'ua', 'Салат \"Оселедець під шубою\"', NULL, 'Ресторан «Корона». Салат \"Оселедець під шубою\"', NULL, '2019-09-26 13:56:08', '2019-09-30 13:42:09'),
(1091, 546, 'ru', 'Блинчики с сёмгой и икрой', NULL, 'Ресторан «Корона». Блинчики с сёмгой и икрой', NULL, '2019-09-26 13:56:08', '2019-09-30 13:42:09'),
(1092, 546, 'ua', 'Млинці з сьомгою і ікрою', NULL, 'Ресторан «Корона». Млинці з сьомгою і ікрою', NULL, '2019-09-26 13:56:08', '2019-09-30 13:42:09'),
(1093, 547, 'ru', 'Креветки и кольца кальмара', NULL, 'Ресторан «Корона». Креветки и кольца кальмара', NULL, '2019-09-26 13:56:08', '2019-09-30 13:42:09'),
(1094, 547, 'ua', 'Креветки і кільця кальмара', NULL, 'Ресторан «Корона». Креветки і кільця кальмара', NULL, '2019-09-26 13:56:08', '2019-09-30 13:42:09'),
(1095, 548, 'ru', 'Салат с морепродуктами', NULL, 'Ресторан «Корона». Салат с морепродуктами', NULL, '2019-09-26 13:56:08', '2019-09-30 13:42:09'),
(1096, 548, 'ua', 'Салат з морепродуктами', NULL, 'Ресторан «Корона». Салат з морепродуктами', NULL, '2019-09-26 13:56:08', '2019-09-30 13:42:09'),
(1103, 552, 'ru', 'Блюда на фуршет, банкет', NULL, 'Семейный ресторан «Papa Roma». Блюда на фуршет, банкет', NULL, '2019-09-26 14:03:45', '2019-10-01 12:04:39'),
(1104, 552, 'ua', 'Страви на фуршет, банкет', NULL, 'Сімейний ресторан «Papa Roma». Страви на фуршет, банкет', NULL, '2019-09-26 14:03:45', '2019-10-01 12:04:39'),
(1105, 553, 'ru', 'Салат с телятиной, спаржевой фасолью и картофельными чипсами', '112 грн/200г', 'Семейный ресторан «Papa Roma». Салат с телятиной, спаржевой фасолью и картофельными чипсами', NULL, '2019-09-26 14:03:46', '2019-10-01 12:44:40'),
(1106, 553, 'ua', 'Салати з телятиною, спаржевої квасолею і картопляними чіпсами', '112 грн/200г', 'Сімейний ресторан «Papa Roma». Салати з телятиною, спаржевої квасолею і картопляними чіпсами', NULL, '2019-09-26 14:03:46', '2019-10-01 12:44:40'),
(1109, 555, 'ru', 'Мильфей-наполеон с заварным кремом и ягодным соусом', '59грн/110г', 'Семейный ресторан «Papa Roma». Мильфей-наполеон с заварным кремом и ягодным соусом', NULL, '2019-09-26 14:03:46', '2019-10-01 12:44:40'),
(1110, 555, 'ua', 'Мільфей-наполеон із заварним кремом і ягідним соусом', '59грн/110г', 'Сімейний ресторан «Papa Roma». Мільфей-наполеон із заварним кремом і ягідним соусом', NULL, '2019-09-26 14:03:46', '2019-10-01 12:44:40'),
(1111, 556, 'ru', 'Десерты', 'вишневый чизкейк-56 грн/100г,  мильфей-наполеон с заварным кремом и ягодным соусом-59грн/110г', 'Семейный ресторан «Papa Roma». Десерты', NULL, '2019-09-26 14:03:46', '2019-10-01 12:12:05'),
(1112, 556, 'ua', 'Десерти', 'вишневий чізкейк-56 грн / 100г, мільфей-наполеон із заварним кремом і ягідним соусом-59грн / 110г', 'Сімейний ресторан «Papa Roma». Десерти', NULL, '2019-09-26 14:03:46', '2019-10-01 12:12:05'),
(1113, 557, 'ru', 'Профитроли с ягодным мороженым и шоколадным соусом', '53грн/130г', 'Семейный ресторан «Papa Roma». Профитроли с ягодным мороженым и шоколадным соусом', NULL, '2019-09-26 14:03:46', '2019-10-01 12:12:05'),
(1114, 557, 'ua', 'Профітролі з ягідним морозивом і шоколадним соусом', '53грн/130г', 'Сімейний ресторан «Papa Roma». Профітролі з ягідним морозивом і шоколадним соусом', NULL, '2019-09-26 14:03:46', '2019-10-01 12:12:05'),
(1115, 558, 'ru', 'Салаты', 'с телятиной , спаржевой фасолью и картофельными чипсами-112 грн/200г, с уткой и грушей с винно-клюквенным соусом-169грн/200г', 'Семейный ресторан «Papa Roma». Салаты', NULL, '2019-09-26 14:03:46', '2019-10-01 12:12:05'),
(1116, 558, 'ua', 'Салати', 'з телятиною, спаржевої квасолею і картопляними чіпсами-112 грн / 200г, з качкою і грушею з винно-журавлинним соусом-169грн / 200г', 'Сімейний ресторан «Papa Roma». Салати', NULL, '2019-09-26 14:03:46', '2019-10-01 12:12:05'),
(1117, 559, 'ru', 'Блюда на фуршет, банкет', NULL, 'Семейный ресторан «Papa Roma». Блюда на фуршет, банкет', NULL, '2019-09-26 14:03:46', '2019-10-01 12:04:39'),
(1118, 559, 'ua', 'Страви на фуршет, банкет', NULL, 'Сімейний ресторан «Papa Roma». Страви на фуршет, банкет', NULL, '2019-09-26 14:03:46', '2019-10-01 12:04:39'),
(1119, 560, 'ru', 'Блюда на фуршет, банкет', NULL, 'Семейный ресторан «Papa Roma». Блюда на фуршет, банкет', NULL, '2019-09-26 14:03:46', '2019-10-01 12:04:39'),
(1120, 560, 'ua', 'Страви на фуршет, банкет', NULL, 'Сімейний ресторан «Papa Roma». Страви на фуршет, банкет', NULL, '2019-09-26 14:03:46', '2019-10-01 12:04:39'),
(1121, 561, 'ru', 'Блюда на фуршет, банкет', NULL, 'Семейный ресторан «Papa Roma». Блюда на фуршет, банкет', NULL, '2019-09-26 14:03:46', '2019-10-01 12:04:39'),
(1122, 561, 'ua', 'Страви на фуршет, банкет', NULL, 'Сімейний ресторан «Papa Roma». Страви на фуршет, банкет', NULL, '2019-09-26 14:03:46', '2019-10-01 12:04:39'),
(1123, 562, 'ru', 'Банкетный зал на 1 этаже', NULL, 'Банкетный зал на 1 этаже', NULL, '2019-09-26 14:11:41', '2019-10-03 12:30:56'),
(1124, 562, 'ua', 'Банкетний зал на 1 поверсі', NULL, 'Банкетний зал на 1 поверсі', NULL, '2019-09-26 14:11:41', '2019-10-03 12:30:56'),
(1125, 563, 'ru', 'Яркий интерьер', NULL, 'Яркий интерьер', NULL, '2019-09-26 14:11:41', '2019-10-03 12:30:56'),
(1126, 563, 'ua', 'Яскравий інтер\'єр', NULL, 'Яскравий інтер\'єр', NULL, '2019-09-26 14:11:41', '2019-10-03 12:30:56'),
(1127, 564, 'ru', 'Банкеты до 32 персон', NULL, 'Банкеты до 32 персон', NULL, '2019-09-26 14:11:41', '2019-10-03 12:30:56'),
(1128, 564, 'ua', 'Банкеты до 32 персон', NULL, 'Банкеты до 32 персон', NULL, '2019-09-26 14:11:41', '2019-10-03 12:30:56'),
(1129, 565, 'ru', 'Итальянская кухня', NULL, 'Итальянская кухня', NULL, '2019-09-26 14:11:41', '2019-10-03 12:30:56'),
(1130, 565, 'ua', 'Итальянская кухня', NULL, 'Итальянская кухня', NULL, '2019-09-26 14:11:41', '2019-10-03 12:30:56'),
(1131, 566, 'ru', 'У нас Вы можете встретиться с звёздами театра и кино', NULL, 'У нас Вы можете встретиться с звёздами театра и кино', NULL, '2019-09-26 14:11:41', '2019-10-03 12:30:56'),
(1132, 566, 'ua', 'У нас Ви можете зустрітися з зірками театру і кіно', NULL, 'У нас Ви можете зустрітися з зірками театру і кіно', NULL, '2019-09-26 14:11:41', '2019-10-03 12:30:56'),
(1133, 567, 'ru', 'Банкетный зал на 2 этаже', NULL, 'Банкетный зал на 2 этаже', NULL, '2019-09-26 14:12:48', '2019-10-03 12:35:19'),
(1134, 567, 'ua', 'Банкетний зал на 2 поверсі', NULL, 'Банкетний зал на 2 поверсі', NULL, '2019-09-26 14:12:48', '2019-10-03 12:35:19'),
(1135, 568, 'ru', 'Банкеты до 62 персон', NULL, 'Банкеты до 62 персон', NULL, '2019-09-26 14:12:50', '2019-10-03 12:35:19'),
(1136, 568, 'ua', 'Банкети до 62 персон', NULL, 'Банкети до 62 персон', NULL, '2019-09-26 14:12:50', '2019-10-03 12:35:19'),
(1137, 569, 'ru', NULL, NULL, 'Банкетный зал на 2 этаже', NULL, '2019-09-26 14:12:50', '2019-09-26 14:12:50'),
(1138, 569, 'ua', NULL, NULL, 'Банкетний зал на 2 поверсі', NULL, '2019-09-26 14:12:50', '2019-09-26 14:12:50'),
(1139, 570, 'ru', 'Теплый, торжественный стиль ресторана', NULL, 'Теплый, торжественный стиль ресторана', NULL, '2019-09-26 14:12:50', '2019-10-03 12:35:19'),
(1140, 570, 'ua', 'Теплий, урочистий стиль ресторану', NULL, 'Теплий, урочистий стиль ресторану', NULL, '2019-09-26 14:12:50', '2019-10-03 12:35:19'),
(1141, 571, 'ru', 'Вип-зал', NULL, 'Вип-зал', NULL, '2019-09-26 14:12:50', '2019-10-03 12:35:19'),
(1142, 571, 'ua', 'Віп-зал', NULL, 'Віп-зал', NULL, '2019-09-26 14:12:50', '2019-10-03 12:35:19'),
(1143, 572, 'ru', 'Банкет в ресторане \"Папа Рома\"', NULL, 'Банкет в ресторане \"Папа Рома\"', NULL, '2019-09-26 14:12:50', '2019-10-03 12:35:19'),
(1144, 572, 'ua', 'Банкет в ресторані \"Папа Рома\"', NULL, 'Банкет в ресторані \"Папа Рома\"', NULL, '2019-09-26 14:12:50', '2019-10-03 12:35:19'),
(1145, 573, 'ru', NULL, NULL, 'Банкетный зал на 2 этаже', NULL, '2019-09-26 14:12:50', '2019-09-26 14:12:50'),
(1146, 573, 'ua', NULL, NULL, 'Банкетний зал на 2 поверсі', NULL, '2019-09-26 14:12:50', '2019-09-26 14:12:50'),
(1147, 574, 'ru', NULL, NULL, 'Банкетный зал на 2 этаже', NULL, '2019-09-26 14:12:50', '2019-09-26 14:12:50'),
(1148, 574, 'ua', NULL, NULL, 'Банкетний зал на 2 поверсі', NULL, '2019-09-26 14:12:50', '2019-09-26 14:12:50'),
(1149, 575, 'ru', 'Выездная церемония', NULL, 'Выездная церемония', NULL, '2019-09-26 14:14:25', '2019-10-03 12:36:56'),
(1150, 575, 'ua', 'Виїзна церемонія', NULL, 'Виїзна церемонія', NULL, '2019-09-26 14:14:25', '2019-10-03 12:36:56'),
(1151, 576, 'ru', 'Летняя терраса', 'до 30 персон', 'Летняя терраса', NULL, '2019-09-26 14:14:25', '2019-10-03 12:37:18'),
(1152, 576, 'ua', 'Літня тераса', 'до 30 персон', 'Літня тераса', NULL, '2019-09-26 14:14:25', '2019-10-03 12:37:18'),
(1153, 577, 'ru', NULL, NULL, 'Летняя терраса', NULL, '2019-09-26 14:14:25', '2019-09-26 14:14:25'),
(1154, 577, 'ua', NULL, NULL, 'Літня тераса', NULL, '2019-09-26 14:14:25', '2019-09-26 14:14:25'),
(1155, 578, 'ru', NULL, NULL, 'Летняя терраса', NULL, '2019-09-26 14:14:25', '2019-09-26 14:14:25'),
(1156, 578, 'ua', NULL, NULL, 'Літня тераса', NULL, '2019-09-26 14:14:25', '2019-09-26 14:14:25'),
(1163, 582, 'ru', 'Гарантируем хорошее настроение', NULL, 'Гарантируем хорошее настроение', NULL, '2019-09-26 14:14:26', '2019-10-03 12:36:56'),
(1164, 582, 'ua', 'Гарантуємо гарний настрій', NULL, 'Гарантуємо гарний настрій', NULL, '2019-09-26 14:14:26', '2019-10-03 12:36:56'),
(1165, 583, 'ru', NULL, NULL, 'Летняя терраса', NULL, '2019-09-26 14:14:26', '2019-09-26 14:14:26'),
(1166, 583, 'ua', NULL, NULL, 'Літня тераса', NULL, '2019-09-26 14:14:26', '2019-09-26 14:14:26'),
(1169, 585, 'ru', NULL, NULL, 'Рок-кафе «Желтый Цеппелин»', NULL, '2019-09-27 08:17:22', '2019-09-27 08:17:22'),
(1170, 585, 'ua', NULL, NULL, 'Рок-кафе «Желтый Цеппелин»', NULL, '2019-09-27 08:17:22', '2019-09-27 08:17:22'),
(1171, 586, 'ru', NULL, NULL, 'Рок-кафе «Желтый Цеппелин»', NULL, '2019-09-27 08:17:22', '2019-09-27 08:17:22'),
(1172, 586, 'ua', NULL, NULL, 'Рок-кафе «Желтый Цеппелин»', NULL, '2019-09-27 08:17:22', '2019-09-27 08:17:22'),
(1173, 587, 'ru', NULL, NULL, 'Рок-кафе «Желтый Цеппелин»', NULL, '2019-09-27 08:17:22', '2019-09-27 08:17:22'),
(1174, 587, 'ua', NULL, NULL, 'Рок-кафе «Желтый Цеппелин»', NULL, '2019-09-27 08:17:22', '2019-09-27 08:17:22'),
(1175, 588, 'ru', NULL, NULL, 'Рок-кафе «Желтый Цеппелин»', NULL, '2019-09-27 08:17:22', '2019-09-27 08:17:22'),
(1176, 588, 'ua', NULL, NULL, 'Рок-кафе «Желтый Цеппелин»', NULL, '2019-09-27 08:17:22', '2019-09-27 08:17:22'),
(1177, 589, 'ru', NULL, NULL, 'Рок-кафе «Желтый Цеппелин»', NULL, '2019-09-27 08:17:22', '2019-09-27 08:17:22'),
(1178, 589, 'ua', NULL, NULL, 'Рок-кафе «Желтый Цеппелин»', NULL, '2019-09-27 08:17:22', '2019-09-27 08:17:22'),
(1179, 590, 'ru', NULL, NULL, 'Банкетный зал', NULL, '2019-09-27 08:56:02', '2019-09-27 08:56:02'),
(1180, 590, 'ua', NULL, NULL, 'Банкетний зал', NULL, '2019-09-27 08:56:02', '2019-09-27 08:56:02'),
(1181, 591, 'ru', 'Король... Королева...', NULL, 'Король... Королева...', NULL, '2019-09-27 08:56:02', '2019-10-03 12:20:39'),
(1182, 591, 'ua', 'Король... Королева...', NULL, 'Король... Королева...', NULL, '2019-09-27 08:56:02', '2019-10-03 12:20:39'),
(1183, 592, 'ru', 'Ценители настоящей музыки', NULL, 'Ценители настоящей музыки', NULL, '2019-09-27 08:56:02', '2019-10-03 12:20:39'),
(1184, 592, 'ua', 'Цінителі справжньої музики', NULL, 'Цінителі справжньої музики', NULL, '2019-09-27 08:56:02', '2019-10-03 12:20:39'),
(1185, 593, 'ru', NULL, NULL, 'Банкетный зал', NULL, '2019-09-27 08:56:02', '2019-09-27 08:56:02'),
(1186, 593, 'ua', NULL, NULL, 'Банкетний зал', NULL, '2019-09-27 08:56:02', '2019-09-27 08:56:02'),
(1187, 594, 'ru', NULL, NULL, 'Банкетный зал', NULL, '2019-09-27 08:56:02', '2019-09-27 08:56:02'),
(1188, 594, 'ua', NULL, NULL, 'Банкетний зал', NULL, '2019-09-27 08:56:02', '2019-09-27 08:56:02'),
(1189, 595, 'ru', 'Зал до 50 персон', NULL, 'Зал до 50 персон', NULL, '2019-09-27 08:56:02', '2019-10-03 12:20:39'),
(1190, 595, 'ua', 'Зал до 50 персон', NULL, 'Зал до 50 персон', NULL, '2019-09-27 08:56:02', '2019-10-03 12:20:39'),
(1191, 596, 'ru', NULL, NULL, 'Банкетный зал', NULL, '2019-09-27 08:56:02', '2019-09-27 08:56:02'),
(1192, 596, 'ua', NULL, NULL, 'Банкетний зал', NULL, '2019-09-27 08:56:02', '2019-09-27 08:56:02'),
(1193, 597, 'ru', NULL, NULL, 'Банкетный зал', NULL, '2019-09-27 08:56:02', '2019-09-27 08:56:02'),
(1194, 597, 'ua', NULL, NULL, 'Банкетний зал', NULL, '2019-09-27 08:56:02', '2019-09-27 08:56:02'),
(1195, 598, 'ru', 'Лучшие мгновения', NULL, 'Лучшие мгновения', NULL, '2019-09-27 08:56:02', '2019-10-03 12:20:39'),
(1196, 598, 'ua', 'Кращі миті', NULL, 'Кращі миті', NULL, '2019-09-27 08:56:02', '2019-10-03 12:20:39'),
(1197, 599, 'ru', 'Выступления популярных Рок-групп', NULL, 'Выступления популярных Рок-групп', NULL, '2019-09-27 08:56:02', '2019-10-03 12:20:39'),
(1198, 599, 'ua', 'Виступи популярних Рок-груп', NULL, 'Виступи популярних Рок-груп', NULL, '2019-09-27 08:56:02', '2019-10-03 12:20:39'),
(1199, 600, 'ru', 'У нас самые крутые бармены', NULL, 'У нас самые крутые бармены', NULL, '2019-09-27 08:56:02', '2019-10-03 12:20:39'),
(1200, 600, 'ua', 'У нас найкрутіші бармени', NULL, 'У нас найкрутіші бармени', NULL, '2019-09-27 08:56:02', '2019-10-03 12:20:39'),
(1201, 601, 'ru', 'Работаем до 6 утра', NULL, 'Работаем до 6 утра', NULL, '2019-09-27 09:06:17', '2019-09-28 11:23:55'),
(1202, 601, 'ua', 'Працюємо до 6 ранку', NULL, 'Працюємо до 6 ранку', NULL, '2019-09-27 09:06:17', '2019-09-28 11:23:55'),
(1203, 602, 'ru', 'Караоке-зал', NULL, 'Караоке-зал', NULL, '2019-09-27 09:06:17', '2019-09-28 11:23:55'),
(1204, 602, 'ua', 'Караоке-зал', NULL, 'Караоке-зал', NULL, '2019-09-27 09:06:17', '2019-09-28 11:23:55'),
(1205, 603, 'ru', 'Банкеты до 65  персон', NULL, 'Банкеты до 65  персон', NULL, '2019-09-27 09:06:17', '2019-09-28 11:23:55'),
(1206, 603, 'ua', 'Банкети до 65 персон', NULL, 'Банкети до 65 персон', NULL, '2019-09-27 09:06:17', '2019-09-28 11:23:55'),
(1207, 604, 'ru', NULL, NULL, 'Банкетный зал', NULL, '2019-09-27 09:06:17', '2019-09-27 09:06:17'),
(1208, 604, 'ua', NULL, NULL, 'Банкетний зал', NULL, '2019-09-27 09:06:17', '2019-09-27 09:06:17'),
(1209, 605, 'ru', 'Приятный отдых с кальяном', NULL, 'Приятный отдых с кальяном', NULL, '2019-09-27 09:06:17', '2019-09-28 11:23:55'),
(1210, 605, 'ua', 'Приємний відпочинок з кальяном', NULL, 'Приємний відпочинок з кальяном', NULL, '2019-09-27 09:06:17', '2019-09-28 11:23:55'),
(1211, 606, 'ru', NULL, NULL, 'Банкетный зал', NULL, '2019-09-27 09:06:17', '2019-09-27 09:06:17'),
(1212, 606, 'ua', NULL, NULL, 'Банкетний зал', NULL, '2019-09-27 09:06:17', '2019-09-27 09:06:17'),
(1213, 607, 'ru', 'Шоу-программы', NULL, 'Шоу-программы', NULL, '2019-09-27 09:06:17', '2019-09-28 11:23:55'),
(1214, 607, 'ua', 'Шоу-програми', NULL, 'Шоу-програми', NULL, '2019-09-27 09:06:17', '2019-09-28 11:23:55'),
(1215, 608, 'ru', 'Мероприятия \"под ключ\"', NULL, 'Мероприятия \"под ключ\"', NULL, '2019-09-27 09:06:17', '2019-09-28 11:23:55'),
(1216, 608, 'ua', 'Заходи \"під ключ\"', NULL, 'Заходи \"під ключ\"', NULL, '2019-09-27 09:06:17', '2019-09-28 11:23:55'),
(1217, 609, 'ru', NULL, NULL, 'Банкетный зал', NULL, '2019-09-27 09:13:27', '2019-09-27 09:13:27'),
(1218, 609, 'ua', NULL, NULL, 'Банкетний зал', NULL, '2019-09-27 09:13:27', '2019-09-27 09:13:27'),
(1219, 610, 'ru', NULL, NULL, 'Банкетный зал', NULL, '2019-09-27 09:13:28', '2019-09-27 09:13:28'),
(1220, 610, 'ua', NULL, NULL, 'Банкетний зал', NULL, '2019-09-27 09:13:28', '2019-09-27 09:13:28'),
(1221, 611, 'ru', NULL, NULL, 'Банкетный зал', NULL, '2019-09-27 09:13:28', '2019-09-27 09:13:28'),
(1222, 611, 'ua', NULL, NULL, 'Банкетний зал', NULL, '2019-09-27 09:13:28', '2019-09-27 09:13:28'),
(1223, 612, 'ru', NULL, NULL, 'Банкетный зал', NULL, '2019-09-27 09:13:28', '2019-09-27 09:13:28'),
(1224, 612, 'ua', NULL, NULL, 'Банкетний зал', NULL, '2019-09-27 09:13:28', '2019-09-27 09:13:28'),
(1225, 613, 'ru', NULL, NULL, 'Караоке-зал', NULL, '2019-09-27 09:14:10', '2019-09-27 09:14:10'),
(1226, 613, 'ua', NULL, NULL, 'Караоке-зал', NULL, '2019-09-27 09:14:10', '2019-09-27 09:14:10'),
(1227, 614, 'ru', NULL, NULL, 'Караоке-зал', NULL, '2019-09-27 09:14:10', '2019-09-27 09:14:10'),
(1228, 614, 'ua', NULL, NULL, 'Караоке-зал', NULL, '2019-09-27 09:14:10', '2019-09-27 09:14:10'),
(1231, 616, 'ru', NULL, NULL, 'Летняя терраса', NULL, '2019-09-27 09:14:46', '2019-09-27 09:14:46'),
(1232, 616, 'ua', NULL, NULL, 'Літня тераса', NULL, '2019-09-27 09:14:46', '2019-09-27 09:14:46'),
(1233, 617, 'ru', NULL, NULL, 'Летняя терраса', NULL, '2019-09-27 09:14:46', '2019-09-27 09:14:46'),
(1234, 617, 'ua', NULL, NULL, 'Літня тераса', NULL, '2019-09-27 09:14:46', '2019-09-27 09:14:46'),
(1235, 618, 'ru', NULL, NULL, 'Летняя терраса', NULL, '2019-09-27 09:14:46', '2019-09-27 09:14:46'),
(1236, 618, 'ua', NULL, NULL, 'Літня тераса', NULL, '2019-09-27 09:14:46', '2019-09-27 09:14:46'),
(1237, 619, 'ru', 'Банкеты до 50 персон', NULL, 'Банкеты до 50 персон', NULL, '2019-09-27 09:21:17', '2019-09-28 11:13:20'),
(1238, 619, 'ua', 'Банкети до 50 персон', NULL, 'Банкети до 50 персон', NULL, '2019-09-27 09:21:17', '2019-09-28 11:13:20'),
(1239, 620, 'ru', NULL, NULL, 'Банкетный зал', NULL, '2019-09-27 09:21:17', '2019-09-27 09:21:17'),
(1240, 620, 'ua', NULL, NULL, 'Банкетний зал', NULL, '2019-09-27 09:21:17', '2019-09-27 09:21:17'),
(1241, 621, 'ru', NULL, NULL, 'Банкетный зал', NULL, '2019-09-27 09:21:17', '2019-09-27 09:21:17'),
(1242, 621, 'ua', NULL, NULL, 'Банкетний зал', NULL, '2019-09-27 09:21:17', '2019-09-27 09:21:17'),
(1243, 622, 'ru', 'Свадьбы', NULL, 'Свадьбы', NULL, '2019-09-27 09:21:17', '2019-09-28 11:13:20'),
(1244, 622, 'ua', 'Весілля', NULL, 'Весілля', NULL, '2019-09-27 09:21:17', '2019-09-28 11:13:20'),
(1245, 623, 'ru', NULL, NULL, 'Банкетный зал', NULL, '2019-09-27 09:21:17', '2019-09-27 09:21:17'),
(1246, 623, 'ua', NULL, NULL, 'Банкетний зал', NULL, '2019-09-27 09:21:17', '2019-09-27 09:21:17'),
(1247, 624, 'ru', 'Декор зала', NULL, 'Декор зала', NULL, '2019-09-27 09:21:17', '2019-10-03 08:43:46'),
(1248, 624, 'ua', 'Декор залу', NULL, 'Декор залу', NULL, '2019-09-27 09:21:17', '2019-10-03 08:43:46'),
(1249, 625, 'ru', 'Свадебная арка', NULL, 'Свадебная арка', NULL, '2019-09-27 09:21:46', '2019-09-28 11:17:06'),
(1250, 625, 'ua', 'Весільна арка', NULL, 'Весільна арка', NULL, '2019-09-27 09:21:46', '2019-09-28 11:17:06'),
(1251, 626, 'ru', 'Выездная церемония', NULL, 'Выездная церемония', NULL, '2019-09-27 09:21:46', '2019-09-28 11:17:06'),
(1252, 626, 'ua', 'Выездная церемония', NULL, 'Выездная церемония', NULL, '2019-09-27 09:21:46', '2019-09-28 11:17:06'),
(1253, 627, 'ru', 'Летняя терраса', 'до 30 персон', 'Летняя терраса', NULL, '2019-09-27 09:21:46', '2019-09-28 11:17:06'),
(1254, 627, 'ua', 'Літня тераса', 'до 30 персон', 'Літня тераса', NULL, '2019-09-27 09:21:46', '2019-09-28 11:17:06'),
(1255, 628, 'ru', NULL, NULL, 'Летняя терраса', NULL, '2019-09-27 09:21:46', '2019-09-27 09:21:46'),
(1256, 628, 'ua', NULL, NULL, 'Літня тераса', NULL, '2019-09-27 09:21:46', '2019-09-27 09:21:46'),
(1257, 629, 'ru', NULL, NULL, 'Летняя терраса', NULL, '2019-09-27 09:21:46', '2019-09-27 09:21:46'),
(1258, 629, 'ua', NULL, NULL, 'Літня тераса', NULL, '2019-09-27 09:21:46', '2019-09-27 09:21:46'),
(1259, 630, 'ru', 'Шатер на прокат', NULL, 'Шатер на прокат', NULL, '2019-09-27 09:34:32', '2019-10-03 12:08:59'),
(1260, 630, 'ua', 'Шатер на прокат', NULL, 'Шатер на прокат', NULL, '2019-09-27 09:34:32', '2019-10-03 12:08:59'),
(1267, 634, 'ru', 'Выездное обслуживание', NULL, 'Выездное обслуживание', NULL, '2019-09-27 09:34:32', '2019-10-03 12:11:00'),
(1268, 634, 'ua', 'Виїзне обслуговування', NULL, 'Виїзне обслуговування', NULL, '2019-09-27 09:34:32', '2019-10-03 12:11:00'),
(1273, 637, 'ru', 'Кейтеринг', NULL, 'Кейтеринг', NULL, '2019-09-27 09:34:32', '2019-10-03 12:11:00'),
(1274, 637, 'ua', 'Кейтеринг', NULL, 'Кейтеринг', NULL, '2019-09-27 09:34:32', '2019-10-03 12:11:00'),
(1275, 638, 'ru', NULL, NULL, 'Кейтеринг', NULL, '2019-09-27 09:34:32', '2019-09-27 09:34:32'),
(1276, 638, 'ua', NULL, NULL, 'Кейтеринг', NULL, '2019-09-27 09:34:32', '2019-09-27 09:34:32'),
(1277, 639, 'ru', 'Порционные салаты', NULL, 'Кейтеринг кафе «Maksimys». Порционные салаты', NULL, '2019-09-27 09:35:29', '2019-10-03 12:16:02'),
(1278, 639, 'ua', 'Порційні салати', NULL, 'Кейтеринг кафе «Maksimys». Порційні салати', NULL, '2019-09-27 09:35:29', '2019-10-03 12:16:02'),
(1279, 640, 'ru', 'Кейтеринг', NULL, 'Кейтеринг кафе «Maksimys». Кейтеринг', NULL, '2019-09-27 09:35:29', '2019-10-03 12:16:02'),
(1280, 640, 'ua', 'Кейтеринг', NULL, 'Кейтеринг кафе «Maksimys». Кейтеринг', NULL, '2019-09-27 09:35:29', '2019-10-03 12:16:02'),
(1281, 641, 'ru', 'Банкет на дому', NULL, 'Кейтеринг кафе «Maksimys». Банкет на дому', NULL, '2019-09-27 09:35:29', '2019-10-03 12:16:02'),
(1282, 641, 'ua', 'Банкет на дому', NULL, 'Кейтеринг кафе «Maksimys». Банкет на дому', NULL, '2019-09-27 09:35:29', '2019-10-03 12:16:02'),
(1283, 642, 'ru', 'Бизнес-ланчи', NULL, 'Кейтеринг кафе «Maksimys». Бизнес-ланчи', NULL, '2019-09-27 09:35:29', '2019-10-03 12:16:02'),
(1284, 642, 'ua', 'Бізнес-ланчі', NULL, 'Кейтеринг кафе «Maksimys». Бізнес-ланчі', NULL, '2019-09-27 09:35:29', '2019-10-03 12:16:02'),
(1285, 643, 'ru', 'Любое мероприятие в удобном для Вас месте', NULL, 'Кейтеринг кафе «Maksimys». Любое мероприятие в удобном для Вас месте', NULL, '2019-09-27 09:35:29', '2019-10-03 12:16:02'),
(1286, 643, 'ua', 'Будь-який захід в зручному для Вас місці', NULL, 'Кейтеринг кафе «Maksimys». Будь-який захід в зручному для Вас місці', NULL, '2019-09-27 09:35:29', '2019-10-03 12:16:02'),
(1289, 645, 'ru', 'Тарелка элитных сыров', '250 грн/300 гр', 'Ресторан «Ля-Мажор». Тарелка элитных сыров', NULL, '2019-09-27 09:44:51', '2019-10-02 11:17:32'),
(1290, 645, 'ua', 'Тарілка елітних сирів', '250 грн/300 гр', 'Ресторан «Ля-Мажор». Тарілка елітних сирів', NULL, '2019-09-27 09:44:51', '2019-10-02 11:17:32'),
(1291, 646, 'ru', 'Тарелка мясных деликатесов', '250 грн/300 гр.', 'Ресторан «Ля-Мажор». Тарелка мясных деликатесов', NULL, '2019-09-27 09:44:52', '2019-10-02 11:17:32'),
(1292, 646, 'ua', 'Тарілка м\'ясних делікатесів', '250 грн/300 гр.', 'Ресторан «Ля-Мажор». Тарілка м\'ясних делікатесів', NULL, '2019-09-27 09:44:52', '2019-10-02 11:17:32'),
(1293, 647, 'ru', 'Салат \"Морская свежесть\" из морепродуктов', '180 грн/250 гр', 'Ресторан «Ля-Мажор». Салат \"Морская свежесть\" из морепродуктов', NULL, '2019-09-27 09:44:52', '2019-10-02 11:26:57'),
(1294, 647, 'ua', 'Салат \"Морська свіжість\" з морепродуктів', '180 грн/250 гр', 'Ресторан «Ля-Мажор». Салат \"Морська свіжість\" з морепродуктів', NULL, '2019-09-27 09:44:52', '2019-10-02 11:26:57'),
(1295, 648, 'ru', 'Говядина в кецах', '125 грн/300 гр.', 'Ресторан «Ля-Мажор». Говядина в кецах', NULL, '2019-09-27 09:44:52', '2019-10-02 11:26:57'),
(1296, 648, 'ua', 'Яловичина в кецах', '125 грн/300 гр.', 'Ресторан «Ля-Мажор». Яловичина в кецах', NULL, '2019-09-27 09:44:52', '2019-10-02 11:26:57'),
(1297, 649, 'ru', 'Шашлык свиной ошеек на мангале', '60 грн/100 гр', 'Ресторан «Ля-Мажор». Шашлык свиной ошеек на мангале', NULL, '2019-09-27 09:44:52', '2019-10-02 11:20:00'),
(1298, 649, 'ua', 'Шашлик свинячий ошийок на мангалі', '60 грн/100 гр', 'Ресторан «Ля-Мажор». Шашлик свинячий ошийок на мангалі', NULL, '2019-09-27 09:44:52', '2019-10-02 11:20:00'),
(1301, 651, 'ru', 'Стейк из свинины с овощами гриль', '175 грн/ 200/150 гр.', 'Ресторан «Ля-Мажор». Стейк из свинины с овощами гриль', NULL, '2019-09-27 09:44:52', '2019-10-02 11:17:32'),
(1302, 651, 'ua', 'Стейк зі свинини з овочами гриль', '175 грн/ 200/150 гр.', 'Ресторан «Ля-Мажор». Стейк зі свинини з овочами гриль', NULL, '2019-09-27 09:44:52', '2019-10-02 11:17:32'),
(1303, 652, 'ru', 'Фруктовая нарезка', NULL, 'Ресторан «Ля-Мажор». Фруктовая нарезка', NULL, '2019-09-27 09:44:52', '2019-10-02 11:17:32'),
(1304, 652, 'ua', 'Фруктова нарізка', NULL, 'Ресторан «Ля-Мажор». Фруктова нарізка', NULL, '2019-09-27 09:44:52', '2019-10-02 11:17:32'),
(1305, 653, 'ru', 'Банкетная закуска с красной икрой и креветкой', NULL, 'Ресторан «Ля-Мажор». Банкетная закуска с красной икрой и креветкой', NULL, '2019-09-27 09:44:52', '2019-10-02 11:26:57'),
(1306, 653, 'ua', 'Банкетна закуска з червоною ікрою і креветкою', NULL, 'Ресторан «Ля-Мажор». Банкетна закуска з червоною ікрою і креветкою', NULL, '2019-09-27 09:44:52', '2019-10-02 11:26:57'),
(1307, 654, 'ru', 'Банкетный фуршет', NULL, 'Ресторан «Ля-Мажор». Банкетный фуршет', NULL, '2019-09-27 09:44:52', '2019-10-02 11:23:10'),
(1308, 654, 'ua', 'Банкетний фуршет', NULL, 'Ресторан «Ля-Мажор». Банкетний фуршет', NULL, '2019-09-27 09:44:52', '2019-10-02 11:23:10'),
(1309, 655, 'ru', 'Люля кебаб на мангале из курицы и из баранины', NULL, 'Ресторан «Ля-Мажор». Люля кебаб на мангале из курицы и из баранины', NULL, '2019-09-27 09:44:52', '2019-10-02 11:23:10'),
(1310, 655, 'ua', 'Люля кебаб на мангалі з курки і з баранини', NULL, 'Ресторан «Ля-Мажор». Люля кебаб на мангалі з курки і з баранини', NULL, '2019-09-27 09:44:52', '2019-10-02 11:23:10'),
(1311, 656, 'ru', 'Салат \"Цезарь\" с курицей', '120 грн/250 гр', 'Ресторан «Ля-Мажор». Салат \"Цезарь\" с курицей', NULL, '2019-09-27 09:44:52', '2019-10-02 11:20:00'),
(1312, 656, 'ua', 'Салат Цезар з куркою', '120 грн/250 гр', 'Ресторан «Ля-Мажор». Салат Цезар з куркою', NULL, '2019-09-27 09:44:52', '2019-10-02 11:20:00'),
(1313, 657, 'ru', 'Окорок свиной', 'банкетное блюдо - 450 грн/1 кг', 'Ресторан «Ля-Мажор». Окорок свиной', NULL, '2019-09-27 09:44:52', '2019-10-02 11:17:32'),
(1314, 657, 'ua', 'Окіст свинячий', 'банкетне блюдо - 450 грн/1 кг', 'Ресторан «Ля-Мажор». Окіст свинячий', NULL, '2019-09-27 09:44:52', '2019-10-02 11:17:32'),
(1315, 658, 'ru', 'Бочонки  из сёмги с творожно-имбирной начинкой', NULL, 'Ресторан «Ля-Мажор». Бочонки  из сёмги с творожно-имбирной начинкой', NULL, '2019-09-27 09:46:32', '2019-10-02 11:26:57'),
(1316, 658, 'ua', 'Барила із сьомги з сирно-імбирної начинкою', NULL, 'Ресторан «Ля-Мажор». Барила із сьомги з сирно-імбирної начинкою', NULL, '2019-09-27 09:46:32', '2019-10-02 11:26:57'),
(1317, 659, 'ru', 'Лосось на шпинатной подушке', NULL, 'Ресторан «Ля-Мажор». Лосось на шпинатной подушке', NULL, '2019-09-27 09:46:32', '2019-10-02 11:23:10'),
(1318, 659, 'ua', 'Лосось на шпинатній подушці', NULL, 'Ресторан «Ля-Мажор». Лосось на шпинатній подушці', NULL, '2019-09-27 09:46:32', '2019-10-02 11:23:10'),
(1321, 661, 'ru', 'Банкетный-зал на 180 персон', NULL, 'Банкетный-зал на 180 персон', NULL, '2019-09-27 09:56:23', '2019-10-02 12:00:18'),
(1322, 661, 'ua', 'Банкетний зал на 180 персон', NULL, 'Банкетний зал на 180 персон', NULL, '2019-09-27 09:56:23', '2019-10-02 12:00:18'),
(1323, 662, 'ru', 'Свадьбы, Юбилеи, Корпоративы', NULL, 'Свадьбы, Юбилеи, Корпоративы', NULL, '2019-09-27 09:56:23', '2019-10-02 12:00:18'),
(1324, 662, 'ua', 'Весілля, Ювілеї, Корпоративи', NULL, 'Весілля, Ювілеї, Корпоративи', NULL, '2019-09-27 09:56:23', '2019-10-02 12:00:18'),
(1327, 664, 'ru', NULL, NULL, 'Банкетный зал', NULL, '2019-09-27 09:57:06', '2019-09-27 09:57:06'),
(1328, 664, 'ua', NULL, NULL, 'Банкетний зал', NULL, '2019-09-27 09:57:06', '2019-09-27 09:57:06'),
(1337, 669, 'ru', NULL, NULL, 'Банкетный зал', NULL, '2019-09-27 09:57:06', '2019-09-27 09:57:06'),
(1338, 669, 'ua', NULL, NULL, 'Банкетний зал', NULL, '2019-09-27 09:57:06', '2019-09-27 09:57:06'),
(1339, 670, 'ru', 'Банкетный  зал и бар', NULL, 'Банкетный  зал и бар', NULL, '2019-09-27 09:57:06', '2019-10-02 12:00:18'),
(1340, 670, 'ua', 'Банкетний зал і бар', NULL, 'Банкетний зал і бар', NULL, '2019-09-27 09:57:06', '2019-10-02 12:00:18'),
(1341, 671, 'ru', 'Элемент декора', NULL, 'Элемент декора', NULL, '2019-09-27 09:57:06', '2019-10-02 12:00:18'),
(1342, 671, 'ua', 'Елемент декору', NULL, 'Елемент декору', NULL, '2019-09-27 09:57:06', '2019-10-02 12:00:18'),
(1343, 672, 'ru', NULL, NULL, 'Банкетный зал', NULL, '2019-09-27 09:58:01', '2019-09-27 09:58:01'),
(1344, 672, 'ua', NULL, NULL, 'Банкетний зал', NULL, '2019-09-27 09:58:01', '2019-09-27 09:58:01'),
(1345, 673, 'ru', NULL, NULL, 'Банкетный зал', NULL, '2019-09-27 09:58:01', '2019-09-27 09:58:01'),
(1346, 673, 'ua', NULL, NULL, 'Банкетний зал', NULL, '2019-09-27 09:58:01', '2019-09-27 09:58:01'),
(1347, 674, 'ru', NULL, NULL, 'Спорт-паб', NULL, '2019-09-27 09:59:52', '2019-09-27 09:59:52'),
(1348, 674, 'ua', NULL, NULL, 'Спорт-паб', NULL, '2019-09-27 09:59:52', '2019-09-27 09:59:52'),
(1349, 675, 'ru', NULL, NULL, 'Спорт-паб', NULL, '2019-09-27 09:59:52', '2019-09-27 09:59:52'),
(1350, 675, 'ua', NULL, NULL, 'Спорт-паб', NULL, '2019-09-27 09:59:52', '2019-09-27 09:59:52'),
(1351, 676, 'ru', NULL, NULL, 'Спорт-паб', NULL, '2019-09-27 09:59:52', '2019-09-27 09:59:52'),
(1352, 676, 'ua', NULL, NULL, 'Спорт-паб', NULL, '2019-09-27 09:59:52', '2019-09-27 09:59:52'),
(1353, 677, 'ru', 'Спорт-паб', 'до 60 персон', 'Спорт-паб', NULL, '2019-09-27 09:59:52', '2019-10-02 12:25:10'),
(1354, 677, 'ua', 'Спорт-паб', 'до 60 персон', 'Спорт-паб', NULL, '2019-09-27 09:59:52', '2019-10-02 12:25:10'),
(1355, 678, 'ru', NULL, NULL, 'Спорт-паб', NULL, '2019-09-27 09:59:52', '2019-09-27 09:59:52'),
(1356, 678, 'ua', NULL, NULL, 'Спорт-паб', NULL, '2019-09-27 09:59:52', '2019-09-27 09:59:52'),
(1357, 679, 'ru', 'Дружеская компания', NULL, 'Дружеская компания', NULL, '2019-09-27 09:59:52', '2019-10-02 12:30:00'),
(1358, 679, 'ua', 'Дружня компанія', NULL, 'Дружня компанія', NULL, '2019-09-27 09:59:52', '2019-10-02 12:30:00'),
(1359, 680, 'ru', NULL, NULL, 'Спорт-паб', NULL, '2019-09-27 09:59:52', '2019-09-27 09:59:52'),
(1360, 680, 'ua', NULL, NULL, 'Спорт-паб', NULL, '2019-09-27 09:59:52', '2019-09-27 09:59:52'),
(1361, 681, 'ru', NULL, NULL, 'Спорт-паб', NULL, '2019-09-27 09:59:52', '2019-09-27 09:59:52'),
(1362, 681, 'ua', NULL, NULL, 'Спорт-паб', NULL, '2019-09-27 09:59:52', '2019-09-27 09:59:52'),
(1369, 685, 'ru', 'У нас можно не только посмотреть, но и поиграть в футбол', NULL, 'У нас можно не только посмотреть, но и поиграть в футбол', NULL, '2019-09-27 10:12:26', '2019-10-02 12:30:00'),
(1370, 685, 'ua', 'У нас можна не тільки подивитися, але і пограти в футбол', NULL, 'У нас можна не тільки подивитися, але і пограти в футбол', NULL, '2019-09-27 10:12:26', '2019-10-02 12:30:00'),
(1371, 686, 'ru', NULL, NULL, 'Спорт-паб', NULL, '2019-09-27 10:12:26', '2019-09-27 10:12:26'),
(1372, 686, 'ua', NULL, NULL, 'Спорт-паб', NULL, '2019-09-27 10:12:26', '2019-09-27 10:12:26'),
(1373, 687, 'ru', NULL, NULL, 'Спорт-паб', NULL, '2019-09-27 10:12:26', '2019-09-27 10:12:26'),
(1374, 687, 'ua', NULL, NULL, 'Спорт-паб', NULL, '2019-09-27 10:12:26', '2019-09-27 10:12:26'),
(1375, 688, 'ru', NULL, NULL, 'Спорт-паб', NULL, '2019-09-27 10:12:26', '2019-09-27 10:12:26'),
(1376, 688, 'ua', NULL, NULL, 'Спорт-паб', NULL, '2019-09-27 10:12:26', '2019-09-27 10:12:26'),
(1377, 689, 'ru', NULL, NULL, 'Спорт-паб', NULL, '2019-09-27 10:12:26', '2019-09-27 10:12:26'),
(1378, 689, 'ua', NULL, NULL, 'Спорт-паб', NULL, '2019-09-27 10:12:26', '2019-09-27 10:12:26'),
(1379, 690, 'ru', NULL, NULL, 'Спорт-паб', NULL, '2019-09-27 10:12:26', '2019-09-27 10:12:26'),
(1380, 690, 'ua', NULL, NULL, 'Спорт-паб', NULL, '2019-09-27 10:12:26', '2019-09-27 10:12:26'),
(1381, 691, 'ru', NULL, NULL, 'Спорт-паб', NULL, '2019-09-27 10:12:26', '2019-09-27 10:12:26'),
(1382, 691, 'ua', NULL, NULL, 'Спорт-паб', NULL, '2019-09-27 10:12:26', '2019-09-27 10:12:26'),
(1383, 692, 'ru', 'Элемент декора', NULL, 'Элемент декора', NULL, '2019-09-27 10:31:17', '2019-10-02 12:00:18'),
(1384, 692, 'ua', 'Елемент декору', NULL, 'Елемент декору', NULL, '2019-09-27 10:31:17', '2019-10-02 12:00:18'),
(1385, 693, 'ru', 'Элемент декора', NULL, 'Элемент декора', NULL, '2019-09-27 10:31:17', '2019-10-02 12:00:18'),
(1386, 693, 'ua', 'Елемент декору', NULL, 'Елемент декору', NULL, '2019-09-27 10:31:17', '2019-10-02 12:00:18'),
(1387, 694, 'ru', NULL, NULL, 'Банкетный зал', NULL, '2019-09-27 10:31:17', '2019-09-27 10:31:17'),
(1388, 694, 'ua', NULL, NULL, 'Банкетний зал', NULL, '2019-09-27 10:31:17', '2019-09-27 10:31:17'),
(1389, 695, 'ru', NULL, NULL, 'Банкетный зал', NULL, '2019-09-27 10:31:17', '2019-09-27 10:31:17'),
(1390, 695, 'ua', NULL, NULL, 'Банкетний зал', NULL, '2019-09-27 10:31:17', '2019-09-27 10:31:17'),
(1391, 696, 'ru', 'Наличие проектора', NULL, 'Наличие проектора', NULL, '2019-09-27 10:31:17', '2019-10-02 12:00:18'),
(1392, 696, 'ua', 'Наявність проектора', NULL, 'Наявність проектора', NULL, '2019-09-27 10:31:17', '2019-10-02 12:00:18'),
(1393, 697, 'ru', 'Наш бар', NULL, 'Наш бар', NULL, '2019-09-27 10:31:17', '2019-10-02 12:00:18'),
(1394, 697, 'ua', 'Наш бар', NULL, 'Наш бар', NULL, '2019-09-27 10:31:17', '2019-10-02 12:00:18'),
(1395, 698, 'ru', 'Работаем ежедневно с 20:00 - до последнего клиента', NULL, 'Работаем ежедневно с 20:00 - до последнего клиента', NULL, '2019-09-27 10:45:19', '2019-10-02 12:40:28'),
(1396, 698, 'ua', 'Працюємо щодня з 20:00 - до останнього клієнта', NULL, 'Працюємо щодня з 20:00 - до останнього клієнта', NULL, '2019-09-27 10:45:19', '2019-10-02 12:40:28'),
(1397, 699, 'ru', NULL, NULL, 'Караоке-зал', NULL, '2019-09-27 10:45:19', '2019-09-27 10:45:19'),
(1398, 699, 'ua', NULL, NULL, 'Караоке-зал', NULL, '2019-09-27 10:45:19', '2019-09-27 10:45:19'),
(1399, 700, 'ru', '20 грнпесня, 100 грн вне очереди, 2 песни со стола, всегда', NULL, '20 грнпесня, 100 грн вне очереди, 2 песни со стола, всегда', NULL, '2019-09-27 10:45:19', '2019-10-02 12:40:28'),
(1400, 700, 'ua', '20 грн  пісня, 100 грн позачергово, 2 пісні зі столу, завжди', NULL, '20 грн  пісня, 100 грн позачергово, 2 пісні зі столу, завжди', NULL, '2019-09-27 10:45:19', '2019-10-02 12:40:28'),
(1401, 701, 'ru', 'Качественная аппаратура', NULL, 'Качественная аппаратура', NULL, '2019-09-27 10:45:19', '2019-10-02 12:40:28'),
(1402, 701, 'ua', 'Якісна апаратура', NULL, 'Якісна апаратура', NULL, '2019-09-27 10:45:19', '2019-10-02 12:40:28'),
(1403, 702, 'ru', 'Хороший звук', NULL, 'Хороший звук', NULL, '2019-09-27 10:45:19', '2019-10-02 12:40:28'),
(1404, 702, 'ua', 'Хороший звук', NULL, 'Хороший звук', NULL, '2019-09-27 10:45:19', '2019-10-02 12:40:28'),
(1405, 703, 'ru', NULL, NULL, 'Пивной-паб', NULL, '2019-09-27 10:49:27', '2019-09-27 10:49:27'),
(1406, 703, 'ua', NULL, NULL, 'Пивний-паб', NULL, '2019-09-27 10:49:27', '2019-09-27 10:49:27'),
(1407, 704, 'ru', NULL, NULL, 'Пивной-паб', NULL, '2019-09-27 10:49:27', '2019-09-27 10:49:27'),
(1408, 704, 'ua', NULL, NULL, 'Пивний-паб', NULL, '2019-09-27 10:49:27', '2019-09-27 10:49:27'),
(1409, 705, 'ru', NULL, NULL, 'Пивной-паб', NULL, '2019-09-27 10:49:27', '2019-09-27 10:49:27'),
(1410, 705, 'ua', NULL, NULL, 'Пивний-паб', NULL, '2019-09-27 10:49:27', '2019-09-27 10:49:27'),
(1411, 706, 'ru', NULL, NULL, 'Пивной-паб', NULL, '2019-09-27 10:49:27', '2019-09-27 10:49:27'),
(1412, 706, 'ua', NULL, NULL, 'Пивний-паб', NULL, '2019-09-27 10:49:27', '2019-09-27 10:49:27'),
(1413, 707, 'ru', NULL, NULL, 'Пивной-паб', NULL, '2019-09-27 10:49:27', '2019-09-27 10:49:27'),
(1414, 707, 'ua', NULL, NULL, 'Пивний-паб', NULL, '2019-09-27 10:49:27', '2019-09-27 10:49:27'),
(1415, 708, 'ru', 'Большая территория летней площадки', NULL, 'Большая территория летней площадки', NULL, '2019-09-27 11:04:13', '2019-10-02 12:44:25'),
(1416, 708, 'ua', 'Велика територія літнього майданчика', NULL, 'Велика територія літнього майданчика', NULL, '2019-09-27 11:04:13', '2019-10-02 12:44:25'),
(1417, 709, 'ru', 'Летняя терраса до 120 персон', NULL, 'Летняя терраса до 120 персон', NULL, '2019-09-27 11:04:13', '2019-10-02 12:43:09'),
(1418, 709, 'ua', 'Літня тераса до 120 персон', NULL, 'Літня тераса до 120 персон', NULL, '2019-09-27 11:04:13', '2019-10-02 12:43:09'),
(1419, 710, 'ru', NULL, NULL, 'Летняя терраса', NULL, '2019-09-27 11:04:13', '2019-09-27 11:04:13'),
(1420, 710, 'ua', NULL, NULL, 'Літня тераса', NULL, '2019-09-27 11:04:13', '2019-09-27 11:04:13'),
(1421, 711, 'ru', 'Приятная музыка', NULL, 'Приятная музыка', NULL, '2019-09-27 11:04:14', '2019-10-02 12:43:09'),
(1422, 711, 'ua', 'Приємна музика', NULL, 'Приємна музика', NULL, '2019-09-27 11:04:14', '2019-10-02 12:43:09'),
(1423, 712, 'ru', 'Наличие проектора разнообразит ваш досуг', NULL, 'Наличие проектора разнообразит ваш досуг', NULL, '2019-09-27 11:04:14', '2019-10-02 12:45:19'),
(1424, 712, 'ua', 'Наявність проектора урізноманітнює ваше дозвілля', NULL, 'Наявність проектора урізноманітнює ваше дозвілля', NULL, '2019-09-27 11:04:14', '2019-10-02 12:45:19'),
(1425, 713, 'ru', NULL, NULL, 'Летняя терраса', NULL, '2019-09-27 11:04:14', '2019-09-27 11:04:14'),
(1426, 713, 'ua', NULL, NULL, 'Літня тераса', NULL, '2019-09-27 11:04:14', '2019-09-27 11:04:14'),
(1427, 714, 'ru', NULL, NULL, 'Летняя терраса', NULL, '2019-09-27 11:04:14', '2019-09-27 11:04:14'),
(1428, 714, 'ua', NULL, NULL, 'Літня тераса', NULL, '2019-09-27 11:04:14', '2019-09-27 11:04:14'),
(1429, 715, 'ru', 'Комфортный отдых', NULL, 'Комфортный отдых', NULL, '2019-09-27 11:04:14', '2019-10-02 12:43:09'),
(1430, 715, 'ua', 'Комфортний відпочинок', NULL, 'Комфортний відпочинок', NULL, '2019-09-27 11:04:14', '2019-10-02 12:43:09'),
(1431, 716, 'ru', NULL, NULL, 'Летняя терраса', NULL, '2019-09-27 11:04:14', '2019-09-27 11:04:14'),
(1432, 716, 'ua', NULL, NULL, 'Літня тераса', NULL, '2019-09-27 11:04:14', '2019-09-27 11:04:14'),
(1433, 717, 'ru', 'Зона летней террасы для банкетов', NULL, 'Зона летней террасы для банкетов', NULL, '2019-09-27 11:04:14', '2019-10-02 12:44:25'),
(1434, 717, 'ua', 'Зона літньої тераси для банкетів', NULL, 'Зона літньої тераси для банкетів', NULL, '2019-09-27 11:04:14', '2019-10-02 12:44:25'),
(1435, 718, 'ru', NULL, NULL, 'Основной зал', NULL, '2019-09-27 11:14:51', '2019-09-27 11:14:51'),
(1436, 718, 'ua', NULL, NULL, 'Основний зал', NULL, '2019-09-27 11:14:51', '2019-09-27 11:14:51'),
(1437, 719, 'ru', NULL, NULL, 'Основной зал', NULL, '2019-09-27 11:14:51', '2019-09-27 11:14:51'),
(1438, 719, 'ua', NULL, NULL, 'Основний зал', NULL, '2019-09-27 11:14:51', '2019-09-27 11:14:51'),
(1439, 720, 'ru', NULL, NULL, 'Основной зал', NULL, '2019-09-27 11:14:51', '2019-09-27 11:14:51'),
(1440, 720, 'ua', NULL, NULL, 'Основний зал', NULL, '2019-09-27 11:14:51', '2019-09-27 11:14:51'),
(1441, 721, 'ru', NULL, NULL, 'Основной зал', NULL, '2019-09-27 11:14:51', '2019-09-27 11:14:51'),
(1442, 721, 'ua', NULL, NULL, 'Основний зал', NULL, '2019-09-27 11:14:51', '2019-09-27 11:14:51'),
(1443, 722, 'ru', NULL, NULL, 'Основной зал', NULL, '2019-09-27 11:14:52', '2019-09-27 11:14:52'),
(1444, 722, 'ua', NULL, NULL, 'Основний зал', NULL, '2019-09-27 11:14:52', '2019-09-27 11:14:52'),
(1445, 723, 'ru', NULL, NULL, 'Основной зал', NULL, '2019-09-27 11:14:52', '2019-09-27 11:14:52'),
(1446, 723, 'ua', NULL, NULL, 'Основний зал', NULL, '2019-09-27 11:14:52', '2019-09-27 11:14:52'),
(1447, 724, 'ru', NULL, NULL, 'Зал \"Бирюза\"', NULL, '2019-09-27 11:16:10', '2019-09-27 11:16:10'),
(1448, 724, 'ua', NULL, NULL, 'Зал \"Бірюза\"', NULL, '2019-09-27 11:16:10', '2019-09-27 11:16:10'),
(1449, 725, 'ru', NULL, NULL, 'Зал \"Бирюза\"', NULL, '2019-09-27 11:16:11', '2019-09-27 11:16:11'),
(1450, 725, 'ua', NULL, NULL, 'Зал \"Бірюза\"', NULL, '2019-09-27 11:16:11', '2019-09-27 11:16:11'),
(1451, 726, 'ru', NULL, NULL, 'Зал \"Бирюза\"', NULL, '2019-09-27 11:16:11', '2019-09-27 11:16:11'),
(1452, 726, 'ua', NULL, NULL, 'Зал \"Бірюза\"', NULL, '2019-09-27 11:16:11', '2019-09-27 11:16:11'),
(1459, 730, 'ru', 'Это стоит попробовать!..', NULL, 'Ресторан «Панское село». Это стоит попробовать!..', NULL, '2019-09-27 12:11:10', '2019-10-02 08:08:56'),
(1460, 730, 'ua', 'Це варто спробувати! ..', NULL, 'Ресторан \"Панське село\". Це варто спробувати! ..', NULL, '2019-09-27 12:11:10', '2019-10-02 08:08:56'),
(1473, 737, 'ru', 'Ананас на гриле с перцем чили', '70,00 грн. /100гр.', 'Ресторан «Панское село». Ананас на гриле с перцем чили', NULL, '2019-09-27 12:13:07', '2019-10-02 08:08:56'),
(1474, 737, 'ua', 'Ананас на грилі з перцем чілі', '70,00 грн. /100гр.', 'Ресторан \"Панське село\". Ананас на грилі з перцем чілі', NULL, '2019-09-27 12:13:07', '2019-10-02 08:08:56'),
(1475, 738, 'ru', 'Свиная корейка на гриле', '150,00 грн. /250гр.', 'Ресторан «Панское село». Свиная корейка на гриле', NULL, '2019-09-27 12:13:07', '2019-10-02 08:08:56'),
(1476, 738, 'ua', 'Свиняча корейка на грилі', '150,00 грн. /250гр.', 'Ресторан \"Панське село\". Свиняча корейка на грилі', NULL, '2019-09-27 12:13:07', '2019-10-02 08:08:56'),
(1477, 739, 'ru', 'Скумбрия на гриле', '40,00 грн. /100гр.', 'Ресторан «Панское село». Скумбрия на гриле', NULL, '2019-09-27 12:13:07', '2019-10-02 08:08:56'),
(1478, 739, 'ua', 'Скумбрія на грилі', '40,00 грн. /100гр.', 'Ресторан \"Панське село\". Скумбрія на грилі', NULL, '2019-09-27 12:13:07', '2019-10-02 08:08:56'),
(1479, 740, 'ru', 'Бульон с клёцками', NULL, 'Ресторан «Панское село». Бульон с клёцками', NULL, '2019-09-27 12:13:07', '2019-10-02 08:08:56'),
(1480, 740, 'ua', 'Бульйон з галушками', NULL, 'Ресторан \"Панське село\". Бульйон з галушками', NULL, '2019-09-27 12:13:07', '2019-10-02 08:08:57'),
(1481, 741, 'ru', 'Ароматный борщ', 'приготовленный с учетом украинских традиций', 'Ресторан «Панское село». Ароматный борщ', NULL, '2019-09-27 12:13:07', '2019-10-02 08:08:57'),
(1482, 741, 'ua', 'Ароматний борщ', 'приготований з урахуванням українських традицій', 'Ресторан \"Панське село\". Ароматний борщ', NULL, '2019-09-27 12:13:07', '2019-10-02 08:08:57'),
(1483, 742, 'ru', 'Картошечка с салом', NULL, 'Ресторан «Панское село». Картошечка с салом', NULL, '2019-09-27 12:13:07', '2019-10-02 08:08:57'),
(1484, 742, 'ua', 'Картопелька з салом', NULL, 'Ресторан \"Панське село\". Картопелька з салом', NULL, '2019-09-27 12:13:07', '2019-10-02 08:08:57'),
(1485, 743, 'ru', 'Шашлык из свиного ошейка', NULL, 'Ресторан «Панское село». Шашлык из свиного ошейка', NULL, '2019-09-27 12:13:07', '2019-10-02 08:08:57'),
(1486, 743, 'ua', 'Шашлик зі свинячого ошийка', NULL, 'Ресторан \"Панське село\". Шашлик зі свинячого ошийка', NULL, '2019-09-27 12:13:07', '2019-10-02 08:08:57'),
(1491, 746, 'ru', 'Хачапури по-аджарски с сыром', '110,00 грн./1шт. (400гр.)', 'Ресторан «Панское село». Хачапури по-аджарски с сыром', NULL, '2019-09-27 12:13:09', '2019-10-02 08:08:57');
INSERT INTO `gallery_items_langs` (`id`, `gallery_item_id`, `lang`, `title`, `subtitle`, `alt`, `link`, `created_at`, `updated_at`) VALUES
(1492, 746, 'ua', 'Хачапурі по-аджарський з сиром', '110,00 грн./1шт. (400гр.)', 'Ресторан \"Панське село\". Хачапурі по-аджарський з сиром', NULL, '2019-09-27 12:13:09', '2019-10-02 08:08:57'),
(1493, 747, 'ru', NULL, NULL, 'Ресторан «Панское село»', NULL, '2019-09-27 12:15:18', '2019-09-27 12:15:18'),
(1494, 747, 'ua', NULL, NULL, 'Ресторан \"Панське село\"', NULL, '2019-09-27 12:15:18', '2019-09-27 12:15:18'),
(1495, 748, 'ru', NULL, NULL, 'Ресторан «Панское село»', NULL, '2019-09-27 12:15:18', '2019-09-27 12:15:18'),
(1496, 748, 'ua', NULL, NULL, 'Ресторан \"Панське село\"', NULL, '2019-09-27 12:15:18', '2019-09-27 12:15:18'),
(1497, 749, 'ru', NULL, NULL, 'Ресторан «Панское село»', NULL, '2019-09-27 12:15:18', '2019-09-27 12:15:18'),
(1498, 749, 'ua', NULL, NULL, 'Ресторан \"Панське село\"', NULL, '2019-09-27 12:15:18', '2019-09-27 12:15:18'),
(1499, 750, 'ru', 'Большой терем', NULL, 'Большой терем', NULL, '2019-09-27 12:24:48', '2019-10-02 10:14:56'),
(1500, 750, 'ua', 'Великий терем', NULL, 'Великий терем', NULL, '2019-09-27 12:24:48', '2019-10-02 10:14:56'),
(1501, 751, 'ru', 'Вместимость до 100 персон', NULL, 'Вместимость до 100 персон', NULL, '2019-09-27 12:24:48', '2019-10-02 10:14:56'),
(1502, 751, 'ua', 'Місткість до 100 персон', NULL, 'Місткість до 100 персон', NULL, '2019-09-27 12:24:48', '2019-10-02 10:14:56'),
(1505, 753, 'ru', 'Проводим любые мероприятия', NULL, 'Проводим любые мероприятия', NULL, '2019-09-27 12:26:03', '2019-10-02 10:14:56'),
(1506, 753, 'ua', 'Проводимо будь-які заходи', NULL, 'Проводимо будь-які заходи', NULL, '2019-09-27 12:26:03', '2019-10-02 10:14:56'),
(1507, 754, 'ru', 'Стол молодоженов', NULL, 'Стол молодоженов', NULL, '2019-09-27 12:26:57', '2019-10-02 10:14:56'),
(1508, 754, 'ua', 'Стіл молодят', NULL, 'Стіл молодят', NULL, '2019-09-27 12:26:57', '2019-10-02 10:14:56'),
(1509, 755, 'ru', 'Ждем Вас в гости!', NULL, 'Ждем Вас в гости!', NULL, '2019-09-27 12:26:57', '2019-10-02 10:14:56'),
(1510, 755, 'ua', 'Чекаємо Вас у гості!', NULL, 'Чекаємо Вас у гості!', NULL, '2019-09-27 12:26:57', '2019-10-02 10:14:56'),
(1511, 756, 'ru', NULL, NULL, 'Терем большой', NULL, '2019-09-27 12:27:01', '2019-09-27 12:27:01'),
(1512, 756, 'ua', NULL, NULL, 'Терем великий', NULL, '2019-09-27 12:27:01', '2019-09-27 12:27:01'),
(1515, 758, 'ru', 'Терем малый', 'до 30 персон', 'Терем малый', NULL, '2019-09-27 12:28:09', '2019-10-02 10:36:42'),
(1516, 758, 'ua', 'Терем малий', 'до 30 персон', 'Терем малий', NULL, '2019-09-27 12:28:09', '2019-10-02 10:36:42'),
(1517, 759, 'ru', 'Праздничная сервировка', NULL, 'Праздничная сервировка', NULL, '2019-09-27 12:28:09', '2019-10-02 10:36:42'),
(1518, 759, 'ua', 'Праздничная сервировка', NULL, 'Праздничная сервировка', NULL, '2019-09-27 12:28:09', '2019-10-02 10:36:42'),
(1519, 760, 'ru', 'Подарки для гостей', NULL, 'Подарки для гостей', NULL, '2019-09-27 12:28:35', '2019-10-02 10:36:42'),
(1520, 760, 'ua', 'Подарки для гостей', NULL, 'Подарки для гостей', NULL, '2019-09-27 12:28:35', '2019-10-02 10:36:42'),
(1521, 761, 'ru', NULL, NULL, 'Терем малый', NULL, '2019-09-27 12:28:35', '2019-09-27 12:28:35'),
(1522, 761, 'ua', NULL, NULL, 'Терем малий', NULL, '2019-09-27 12:28:35', '2019-09-27 12:28:35'),
(1525, 763, 'ru', 'Каминный зал', NULL, 'Каминный зал', NULL, '2019-09-27 12:30:34', '2019-10-02 10:48:54'),
(1526, 763, 'ua', 'Каминный зал', NULL, 'Каминный зал', NULL, '2019-09-27 12:30:34', '2019-10-02 10:48:54'),
(1529, 765, 'ru', 'Зал до 30 персон', NULL, 'Зал до 30 персон', NULL, '2019-09-27 12:30:34', '2019-10-02 10:48:54'),
(1530, 765, 'ua', 'Зал до 30 персон', NULL, 'Зал до 30 персон', NULL, '2019-09-27 12:30:34', '2019-10-02 10:48:54'),
(1531, 766, 'ru', 'Украинская кухня', NULL, 'Украинская кухня', NULL, '2019-09-27 12:30:34', '2019-10-02 10:48:54'),
(1532, 766, 'ua', 'Українська кухня', NULL, 'Українська кухня', NULL, '2019-09-27 12:30:34', '2019-10-02 10:48:54'),
(1535, 768, 'ru', NULL, NULL, 'Каминный зал', NULL, '2019-09-27 12:31:18', '2019-09-27 12:31:18'),
(1536, 768, 'ua', NULL, NULL, 'Камінний зал', NULL, '2019-09-27 12:31:18', '2019-09-27 12:31:18'),
(1537, 769, 'ru', 'Летняя терраса до 100 персон', NULL, 'Летняя терраса до 100 персон', NULL, '2019-09-27 12:31:56', '2019-10-03 14:03:45'),
(1538, 769, 'ua', 'Літня тераса до 100 персон', NULL, 'Літня тераса до 100 персон', NULL, '2019-09-27 12:31:56', '2019-10-03 14:03:45'),
(1539, 770, 'ru', 'Свадьбы, Юбилеи', NULL, 'Свадьбы, Юбилеи', NULL, '2019-09-27 12:31:56', '2019-10-03 14:03:45'),
(1540, 770, 'ua', 'Весілля, Ювілеї', NULL, 'Весілля, Ювілеї', NULL, '2019-09-27 12:31:56', '2019-10-03 14:03:45'),
(1541, 771, 'ru', 'Место для фотосессии', NULL, 'Место для фотосессии', NULL, '2019-09-27 12:31:56', '2019-10-03 14:03:45'),
(1542, 771, 'ua', 'Місце для фотосесії', NULL, 'Місце для фотосесії', NULL, '2019-09-27 12:31:56', '2019-10-03 14:03:45'),
(1543, 772, 'ru', NULL, NULL, 'Летняя терраса', NULL, '2019-09-27 12:31:56', '2019-09-27 12:31:56'),
(1544, 772, 'ua', NULL, NULL, 'Літня тераса', NULL, '2019-09-27 12:31:56', '2019-09-27 12:31:56'),
(1545, 773, 'ru', NULL, NULL, 'Летняя терраса', NULL, '2019-09-27 12:32:07', '2019-09-27 12:32:07'),
(1546, 773, 'ua', NULL, NULL, 'Літня тераса', NULL, '2019-09-27 12:32:07', '2019-09-27 12:32:07'),
(1547, 774, 'ru', 'Свадьба в украинском стиле', NULL, 'Свадьба в украинском стиле', NULL, '2019-09-27 12:32:07', '2019-10-03 14:03:45'),
(1548, 774, 'ua', 'Весілля в українському стилі', NULL, 'Весілля в українському стилі', NULL, '2019-09-27 12:32:07', '2019-10-03 14:03:45'),
(1549, 775, 'ru', NULL, NULL, 'Летняя терраса', NULL, '2019-09-27 12:32:32', '2019-09-27 12:32:32'),
(1550, 775, 'ua', NULL, NULL, 'Літня тераса', NULL, '2019-09-27 12:32:32', '2019-09-27 12:32:32'),
(1551, 776, 'ru', NULL, NULL, 'Летняя терраса', NULL, '2019-09-27 12:33:20', '2019-09-27 12:33:20'),
(1552, 776, 'ua', NULL, NULL, 'Літня тераса', NULL, '2019-09-27 12:33:20', '2019-09-27 12:33:20'),
(1553, 777, 'ru', NULL, NULL, 'Летняя терраса', NULL, '2019-09-27 12:33:20', '2019-09-27 12:33:20'),
(1554, 777, 'ua', NULL, NULL, 'Літня тераса', NULL, '2019-09-27 12:33:20', '2019-09-27 12:33:20'),
(1555, 778, 'ru', NULL, NULL, 'Летняя терраса', NULL, '2019-09-27 12:33:20', '2019-09-27 12:33:20'),
(1556, 778, 'ua', NULL, NULL, 'Літня тераса', NULL, '2019-09-27 12:33:20', '2019-09-27 12:33:20'),
(1559, 780, 'ru', 'Вареник с брынзой', '95 грн/300 г', 'Арт-cafe «Пластилиновая vorona». Вареник с брынзой', NULL, '2019-09-27 12:45:24', '2019-10-01 10:39:09'),
(1560, 780, 'ua', 'Вареник з бринзою', '95 грн/300 г', 'Арт-cafe «Пластилінова vorona». Вареник з бринзою', NULL, '2019-09-27 12:45:24', '2019-10-01 10:39:09'),
(1561, 781, 'ru', 'Борщ', '75 грн/300/50г', 'Арт-cafe «Пластилиновая vorona». Борщ', NULL, '2019-09-27 12:45:24', '2019-10-01 10:39:09'),
(1562, 781, 'ua', 'Борщ', '75 грн/300/50г', 'Арт-cafe «Пластилінова vorona». Борщ', NULL, '2019-09-27 12:45:24', '2019-10-01 10:39:09'),
(1563, 782, 'ru', 'Банош', NULL, 'Арт-cafe «Пластилиновая vorona». Банош', NULL, '2019-09-27 12:45:24', '2019-10-01 10:39:09'),
(1564, 782, 'ua', 'Банош', NULL, 'Арт-cafe «Пластилінова vorona». Банош', NULL, '2019-09-27 12:45:24', '2019-10-01 10:39:09'),
(1565, 783, 'ru', 'Закарпатский вареник с вишней', '95 грн/300г', 'Арт-cafe «Пластилиновая vorona». Закарпатский вареник с вишней', NULL, '2019-09-27 12:45:24', '2019-10-01 10:39:09'),
(1566, 783, 'ua', 'Закарпатський вареник з вишнею', '95 грн/300г', 'Арт-cafe «Пластилінова vorona». Закарпатський вареник з вишнею', NULL, '2019-09-27 12:45:24', '2019-10-01 10:39:09'),
(1567, 784, 'ru', 'Салат \"Старогалицкий\"', '185 грн/300 г', 'Арт-cafe «Пластилиновая vorona». Салат \"Старогалицкий\"', NULL, '2019-09-27 12:45:24', '2019-10-01 11:03:52'),
(1568, 784, 'ua', 'Салат \"Старогаліцкій\"', '185 грн/300 г', 'Арт-cafe «Пластилінова vorona». Салат \"Старогаліцкій\"', NULL, '2019-09-27 12:45:24', '2019-10-01 11:03:52'),
(1573, 787, 'ru', 'Бограч', '99 грн/300 г', 'Арт-cafe «Пластилиновая vorona». Бограч', NULL, '2019-09-27 12:45:24', '2019-10-01 11:03:52'),
(1574, 787, 'ua', 'Бограч', '99 грн/300 г', 'Арт-cafe «Пластилінова vorona». Бограч', NULL, '2019-09-27 12:45:24', '2019-10-01 11:03:52'),
(1575, 788, 'ru', 'Салат \"Закарпатский цезарэ\"', '119 грн/280 г', 'Арт-cafe «Пластилиновая vorona». Салат \"Закарпатский цезарэ\"', NULL, '2019-09-27 12:45:24', '2019-10-01 11:03:52'),
(1576, 788, 'ua', 'Салат \"Закарпатський цезаре\"', '119 грн/280 г', 'Арт-cafe «Пластилінова vorona». Салат \"Закарпатський цезаре\"', NULL, '2019-09-27 12:45:24', '2019-10-01 11:03:52'),
(1577, 789, 'ru', 'Салат \"Рондель\"', '98 грн/ 270 г', 'Арт-cafe «Пластилиновая vorona». Салат \"Рондель\"', NULL, '2019-09-27 12:45:24', '2019-10-01 11:03:52'),
(1578, 789, 'ua', 'Салат \"Рондель\"', '98 грн/ 270 г', 'Арт-cafe «Пластилінова vorona». Салат \"Рондель\"', NULL, '2019-09-27 12:45:24', '2019-10-01 11:03:52'),
(1579, 790, 'ru', 'Рыба \"Тогла\"', '288 грн/180/50 г', 'Арт-cafe «Пластилиновая vorona». Рыба \"Тогла\"', NULL, '2019-09-27 12:45:24', '2019-10-01 11:03:52'),
(1580, 790, 'ua', 'Риба \"Тогла\"', '288 грн/180/50 г', 'Арт-cafe «Пластилінова vorona». Риба \"Тогла\"', NULL, '2019-09-27 12:45:24', '2019-10-01 11:03:52'),
(1581, 791, 'ru', 'Мясной кумпель', '189 грн/230 г', 'Арт-cafe «Пластилиновая vorona». Мясной кумпель', NULL, '2019-09-27 12:45:24', '2019-10-01 11:03:52'),
(1582, 791, 'ua', 'М\'ясний кумпель', '189 грн/230 г', 'Арт-cafe «Пластилінова vorona». М\'ясний кумпель', NULL, '2019-09-27 12:45:24', '2019-10-01 11:03:52'),
(1583, 792, 'ru', 'Овощной кумпель', '89 грн/300 г', 'Арт-cafe «Пластилиновая vorona». Овощной кумпель', NULL, '2019-09-27 12:45:24', '2019-10-01 11:03:52'),
(1584, 792, 'ua', 'Овочевий кумпель', '89 грн/300 г', 'Арт-cafe «Пластилінова vorona». Овочевий кумпель', NULL, '2019-09-27 12:45:24', '2019-10-01 11:03:52'),
(1585, 793, 'ru', 'Наша команда со звездным гостем))', NULL, 'Наша команда со звездным гостем))', NULL, '2019-09-27 12:46:58', '2019-10-01 11:11:16'),
(1586, 793, 'ua', 'Наша команда із зірковим гостем))', NULL, 'Наша команда із зірковим гостем))', NULL, '2019-09-27 12:46:58', '2019-10-01 11:11:16'),
(1587, 794, 'ru', 'Улыбки наших гостей - самая дорогая награда для нас)))', NULL, 'Улыбки наших гостей - самая дорогая награда для нас)))', NULL, '2019-09-27 12:46:58', '2019-10-01 11:11:16'),
(1588, 794, 'ua', 'Посмішки наших гостей - найдорожча нагорода для нас)))', NULL, 'Посмішки наших гостей - найдорожча нагорода для нас)))', NULL, '2019-09-27 12:46:58', '2019-10-01 11:11:16'),
(1589, 795, 'ru', 'Зажигательные вечеринки в пятницу и субботу', NULL, 'Зажигательные вечеринки в пятницу и субботу', NULL, '2019-09-27 12:46:58', '2019-10-01 11:11:16'),
(1590, 795, 'ua', 'Запальні вечірки в п\'ятницю і суботу', NULL, 'Запальні вечірки в п\'ятницю і суботу', NULL, '2019-09-27 12:46:58', '2019-10-01 11:11:16'),
(1591, 796, 'ru', NULL, NULL, 'Банкетные залы', NULL, '2019-09-27 12:46:58', '2019-09-27 12:46:58'),
(1592, 796, 'ua', NULL, NULL, 'Банкетні зали', NULL, '2019-09-27 12:46:58', '2019-09-27 12:46:58'),
(1593, 797, 'ru', NULL, NULL, 'Банкетные залы', NULL, '2019-09-27 12:46:58', '2019-09-27 12:46:58'),
(1594, 797, 'ua', NULL, NULL, 'Банкетні зали', NULL, '2019-09-27 12:46:58', '2019-09-27 12:46:58'),
(1595, 798, 'ru', 'Наши любимые гости!', NULL, 'Наши любимые гости!', NULL, '2019-09-27 12:46:58', '2019-10-01 11:11:16'),
(1596, 798, 'ua', 'Наші улюблені гості!', NULL, 'Наші улюблені гості!', NULL, '2019-09-27 12:46:58', '2019-10-01 11:11:16'),
(1597, 799, 'ru', '\"Кинотека\" до 56 персон', NULL, '\"Кинотека\" до 56 персон', NULL, '2019-09-27 12:46:58', '2019-10-01 11:11:16'),
(1598, 799, 'ua', '\"Кінотека\" до 56 персон', NULL, '\"Кінотека\" до 56 персон', NULL, '2019-09-27 12:46:58', '2019-10-01 11:11:16'),
(1599, 800, 'ru', 'Зал \"Концертный\" до 65 персон', NULL, 'Зал \"Концертный\" до 65 персон', NULL, '2019-09-27 12:46:58', '2019-10-01 11:11:16'),
(1600, 800, 'ua', 'Зал \"Концертний\" до 65 персон', NULL, 'Зал \"Концертний\" до 65 персон', NULL, '2019-09-27 12:46:58', '2019-10-01 11:11:16'),
(1601, 801, 'ru', 'Дверь в \"Тайную комнату\"', NULL, 'Дверь в \"Тайную комнату\"', NULL, '2019-09-27 12:46:58', '2019-10-01 11:11:16'),
(1602, 801, 'ua', 'Двері в \"Таємну кімнату\"', NULL, 'Двері в \"Таємну кімнату\"', NULL, '2019-09-27 12:46:58', '2019-10-01 11:11:16'),
(1603, 802, 'ru', 'Тайная комната до 32 персон', NULL, 'Тайная комната до 32 персон', NULL, '2019-09-27 12:46:58', '2019-10-01 11:11:16'),
(1604, 802, 'ua', 'Таємна кімната до 32 персон', NULL, 'Таємна кімната до 32 персон', NULL, '2019-09-27 12:46:58', '2019-10-01 11:11:16'),
(1607, 804, 'ru', 'Зал \"Юбилейный\" до 20 персон', NULL, 'Зал \"Юбилейный\" до 20 персон', NULL, '2019-09-27 12:46:58', '2019-10-01 11:11:16'),
(1608, 804, 'ua', 'Зал \"Ювілейний\" до 20 персон', NULL, 'Зал \"Ювілейний\" до 20 персон', NULL, '2019-09-27 12:46:58', '2019-10-01 11:11:16'),
(1609, 805, 'ru', '\"Воронье гнездо\" до 24 персон', NULL, '\"Воронье гнездо\" до 24 персон', NULL, '2019-09-27 12:46:58', '2019-10-01 11:11:16'),
(1610, 805, 'ua', '\"Вороняче гніздо\" до 24 персон', NULL, '\"Вороняче гніздо\" до 24 персон', NULL, '2019-09-27 12:46:58', '2019-10-01 11:11:16'),
(1613, 807, 'ru', 'Сырная палитра', NULL, 'Ресторан «M-Royal». Сырная палитра', NULL, '2019-09-27 13:01:11', '2019-10-03 10:22:58'),
(1614, 807, 'ua', 'Сирна палітра', NULL, 'Ресторан «M-Royal». Сирна палітра', NULL, '2019-09-27 13:01:11', '2019-10-03 10:22:58'),
(1617, 809, 'ru', 'Мясное ассорти', NULL, 'Ресторан «M-Royal». Мясное ассорти', NULL, '2019-09-27 13:01:11', '2019-10-03 10:22:58'),
(1618, 809, 'ua', 'М\'ясне асорті', NULL, 'Ресторан «M-Royal». М\'ясне асорті', NULL, '2019-09-27 13:01:11', '2019-10-03 10:22:58'),
(1621, 811, 'ru', NULL, NULL, 'Ресторан «M-Royal»', NULL, '2019-09-27 13:01:11', '2019-09-27 13:01:11'),
(1622, 811, 'ua', NULL, NULL, 'Ресторан «M-Royal»', NULL, '2019-09-27 13:01:11', '2019-09-27 13:01:11'),
(1623, 812, 'ru', 'Фирменный бургер', NULL, 'Ресторан «M-Royal». Фирменный бургер', NULL, '2019-09-27 13:01:11', '2019-10-03 10:22:58'),
(1624, 812, 'ua', 'Фірмовий бургер', NULL, 'Ресторан «M-Royal». Фірмовий бургер', NULL, '2019-09-27 13:01:11', '2019-10-03 10:22:58'),
(1625, 813, 'ru', 'Салат \"Греческий\"', NULL, 'Ресторан «M-Royal». Салат \"Греческий\"', NULL, '2019-09-27 13:01:11', '2019-10-03 10:22:58'),
(1626, 813, 'ua', 'Салат \"Грецький\"', NULL, 'Ресторан «M-Royal». Салат \"Грецький\"', NULL, '2019-09-27 13:01:11', '2019-10-03 10:22:58'),
(1627, 814, 'ru', NULL, NULL, 'Ресторан «M-Royal»', NULL, '2019-09-27 13:01:11', '2019-09-27 13:01:11'),
(1628, 814, 'ua', NULL, NULL, 'Ресторан «M-Royal»', NULL, '2019-09-27 13:01:11', '2019-09-27 13:01:11'),
(1629, 815, 'ru', NULL, NULL, 'Ресторан «M-Royal»', NULL, '2019-09-27 13:01:11', '2019-09-27 13:01:11'),
(1630, 815, 'ua', NULL, NULL, 'Ресторан «M-Royal»', NULL, '2019-09-27 13:01:11', '2019-09-27 13:01:11'),
(1631, 816, 'ru', NULL, NULL, 'Ресторан «M-Royal»', NULL, '2019-09-27 13:01:11', '2019-09-27 13:01:11'),
(1632, 816, 'ua', NULL, NULL, 'Ресторан «M-Royal»', NULL, '2019-09-27 13:01:11', '2019-09-27 13:01:11'),
(1633, 817, 'ru', 'Медальоны из телятины', NULL, 'Ресторан «M-Royal». Медальоны из телятины', NULL, '2019-09-27 13:01:11', '2019-10-03 10:22:58'),
(1634, 817, 'ua', 'Медальйони з телятини', NULL, 'Ресторан «M-Royal». Медальйони з телятини', NULL, '2019-09-27 13:01:11', '2019-10-03 10:22:58'),
(1635, 818, 'ru', NULL, NULL, 'Ресторан «M-Royal»', NULL, '2019-09-27 13:01:11', '2019-09-27 13:01:11'),
(1636, 818, 'ua', NULL, NULL, 'Ресторан «M-Royal»', NULL, '2019-09-27 13:01:11', '2019-09-27 13:01:11'),
(1637, 819, 'ru', 'Соления', NULL, 'Ресторан «M-Royal». Соления', NULL, '2019-09-27 13:01:11', '2019-10-03 10:22:58'),
(1638, 819, 'ua', 'Соління', NULL, 'Ресторан «M-Royal». Соління', NULL, '2019-09-27 13:01:11', '2019-10-03 10:22:58'),
(1639, 820, 'ru', 'Колбаски на гриле с ароматом дыма и нотками чеснока', NULL, 'Ресторан «M-Royal». Колбаски на гриле с ароматом дыма и нотками чеснока', NULL, '2019-09-27 13:01:11', '2019-10-03 10:22:58'),
(1640, 820, 'ua', 'Ковбаски на грилі з ароматом диму і нотками часнику', NULL, 'Ресторан «M-Royal». Ковбаски на грилі з ароматом диму і нотками часнику', NULL, '2019-09-27 13:01:11', '2019-10-03 10:22:58'),
(1647, 824, 'ru', NULL, NULL, 'Ресторан «M-Royal»', NULL, '2019-09-27 13:05:03', '2019-09-27 13:05:03'),
(1648, 824, 'ua', NULL, NULL, 'Ресторан «M-Royal»', NULL, '2019-09-27 13:05:03', '2019-09-27 13:05:03'),
(1651, 826, 'ru', 'Наш фирменный \"Чизкейк\"', NULL, 'Ресторан «M-Royal». Наш фирменный \"Чизкейк\"', NULL, '2019-09-27 13:05:03', '2019-10-03 10:22:58'),
(1652, 826, 'ua', 'Наш фірмовий \"Чізкейк\"', NULL, 'Ресторан «M-Royal». Наш фірмовий \"Чізкейк\"', NULL, '2019-09-27 13:05:03', '2019-10-03 10:22:58'),
(1655, 828, 'ru', 'Салат с морепродуктами', NULL, 'Ресторан «M-Royal». Салат с морепродуктами', NULL, '2019-09-27 13:05:03', '2019-10-03 10:22:58'),
(1656, 828, 'ua', 'Салат з морепродуктами', NULL, 'Ресторан «M-Royal». Салат з морепродуктами', NULL, '2019-09-27 13:05:03', '2019-10-03 10:22:58'),
(1659, 830, 'ru', NULL, NULL, 'Ресторан «M-Royal»', NULL, '2019-09-27 13:05:03', '2019-09-27 13:05:03'),
(1660, 830, 'ua', NULL, NULL, 'Ресторан «M-Royal»', NULL, '2019-09-27 13:05:03', '2019-09-27 13:05:03'),
(1661, 831, 'ru', 'Рыцарский зал', 'зал до 60 персон', 'Рыцарский зал', NULL, '2019-09-27 13:46:07', '2019-10-03 10:38:09'),
(1662, 831, 'ua', 'Лицарський зал', 'зал до 60 персон', 'Лицарський зал', NULL, '2019-09-27 13:46:07', '2019-10-03 10:38:09'),
(1663, 832, 'ru', 'Мы проводим любые мероприятия на высшем уровне', NULL, 'Мы проводим любые мероприятия на высшем уровне', NULL, '2019-09-27 13:46:07', '2019-10-03 10:38:09'),
(1664, 832, 'ua', 'Ми проводимо будь-які заходи на вищому рівні', NULL, 'Ми проводимо будь-які заходи на вищому рівні', NULL, '2019-09-27 13:46:07', '2019-10-03 10:38:09'),
(1665, 833, 'ru', 'Свадьба в ресторане \"М Роял\"', NULL, 'Свадьба в ресторане \"М Роял\"', NULL, '2019-09-27 13:46:07', '2019-10-03 10:38:09'),
(1666, 833, 'ua', 'Весілля в ресторані \"М Роял\"', NULL, 'Весілля в ресторані \"М Роял\"', NULL, '2019-09-27 13:46:07', '2019-10-03 10:38:09'),
(1667, 834, 'ru', 'Юбилеи, Корпоративы, Свадьбы', NULL, 'Юбилеи, Корпоративы, Свадьбы', NULL, '2019-09-27 13:46:28', '2019-10-03 10:38:09'),
(1668, 834, 'ua', 'Ювілеї, Корпоративи, Весілля', NULL, 'Ювілеї, Корпоративи, Весілля', NULL, '2019-09-27 13:46:28', '2019-10-03 10:38:09'),
(1669, 835, 'ru', NULL, NULL, 'Рыцарский зал', NULL, '2019-09-27 13:46:28', '2019-09-27 13:46:28'),
(1670, 835, 'ua', NULL, NULL, 'Лицарський зал', NULL, '2019-09-27 13:46:28', '2019-09-27 13:46:28'),
(1673, 837, 'ru', 'Барный зал до 20 персон', NULL, 'Барный зал до 20 персон', NULL, '2019-09-27 13:48:12', '2019-10-03 10:47:29'),
(1674, 837, 'ua', 'Барний зал до 20 персон', NULL, 'Барний зал до 20 персон', NULL, '2019-09-27 13:48:12', '2019-10-03 10:47:29'),
(1679, 840, 'ru', 'Телевизор для просмотра футбольных матчей и не только', NULL, 'Телевизор для просмотра футбольных матчей и не только', NULL, '2019-09-27 13:48:57', '2019-10-03 10:47:29'),
(1680, 840, 'ua', 'Телевізор для перегляду футбольних матчів і не тільки', NULL, 'Телевізор для перегляду футбольних матчів і не тільки', NULL, '2019-09-27 13:48:57', '2019-10-03 10:47:29'),
(1681, 841, 'ru', 'У нас самое вкусное пиво', NULL, 'У нас самое вкусное пиво', NULL, '2019-09-27 13:48:57', '2019-10-03 10:47:29'),
(1682, 841, 'ua', 'У нас найсмачніше пиво', NULL, 'У нас найсмачніше пиво', NULL, '2019-09-27 13:48:57', '2019-10-03 10:47:29'),
(1683, 842, 'ru', 'Великолепный интерьер', NULL, 'Великолепный интерьер', NULL, '2019-09-27 13:48:57', '2019-10-03 10:47:29'),
(1684, 842, 'ua', 'Чудовий інтер\'єр', NULL, 'Чудовий інтер\'єр', NULL, '2019-09-27 13:48:57', '2019-10-03 10:47:29'),
(1685, 843, 'ru', 'Вип-зал \"большой\" на 16 персон', NULL, 'Вип-зал \"большой\" на 16 персон', NULL, '2019-09-27 13:50:18', '2019-10-03 10:51:28'),
(1686, 843, 'ua', 'Віп-зал \"великий\" на 16 персон', NULL, 'Віп-зал \"великий\" на 16 персон', NULL, '2019-09-27 13:50:18', '2019-10-03 10:51:28'),
(1691, 846, 'ru', 'Вип-зал \"меленький\" до 6 персон', NULL, 'Вип-зал \"меленький\" до 6 персон', NULL, '2019-09-27 13:52:04', '2019-10-03 10:52:20'),
(1692, 846, 'ua', 'Віп-зал \"малий\" на 6 персон', NULL, 'Віп-зал \"малий\" на 6 персон', NULL, '2019-09-27 13:52:04', '2019-10-03 10:52:20'),
(1693, 847, 'ru', 'Королевский зал', NULL, 'Королевский зал', NULL, '2019-09-27 13:52:34', '2019-10-03 10:54:19'),
(1694, 847, 'ua', 'Королівський зал', NULL, 'Королівський зал', NULL, '2019-09-27 13:52:34', '2019-10-03 10:54:19'),
(1695, 848, 'ru', 'Изысканный интерьер', 'зал до 40 персон', 'Изысканный интерьер', NULL, '2019-09-27 13:52:34', '2019-10-03 10:54:19'),
(1696, 848, 'ua', 'Вишуканий інтер\'єр', 'зал до 40 персон', 'Вишуканий інтер\'єр', NULL, '2019-09-27 13:52:34', '2019-10-03 10:54:19'),
(1697, 849, 'ru', 'Банкет на 20 персон', NULL, 'Банкет на 20 персон', NULL, '2019-09-28 10:06:54', '2019-09-28 10:35:13'),
(1698, 849, 'ua', 'Банкет на 20 персон', NULL, 'Банкет на 20 персон', NULL, '2019-09-28 10:06:54', '2019-09-28 10:35:13'),
(1703, 852, 'ru', 'Юбилей в \"Ирис\"', NULL, 'Юбилей в \"Ирис\"', NULL, '2019-09-28 10:07:33', '2019-09-28 10:35:13'),
(1704, 852, 'ua', 'Ювілей в \"Ірис\"', NULL, 'Ювілей в \"Ірис\"', NULL, '2019-09-28 10:07:33', '2019-09-28 10:35:13'),
(1707, 854, 'ru', 'Чили кон карне', '117 грн', 'Ресторан «Mani». Чили кон карне', NULL, '2019-09-28 14:00:29', '2019-09-28 14:13:36'),
(1708, 854, 'ua', 'Чилі кон карне', '117 грн', 'Ресторан «Mani». Чилі кон карне', NULL, '2019-09-28 14:00:29', '2019-09-28 14:13:36'),
(1709, 855, 'ru', 'Салат \"Филадельфия с сёмгой\"', '135 грн', 'Ресторан «Mani». Салат \"Филадельфия с сёмгой\"', NULL, '2019-09-28 14:00:30', '2019-09-28 14:13:36'),
(1710, 855, 'ua', 'Салат \"Філадельфія з сьомгою\"', '135 грн', 'Ресторан «Mani». Салат \"Філадельфія з сьомгою\"', NULL, '2019-09-28 14:00:30', '2019-09-28 14:13:36'),
(1711, 856, 'ru', 'Салат с утиной грудкой \"Су-Вид\"', '117 грн', 'Ресторан «Mani». Салат с утиной грудкой \"Су-Вид\"', NULL, '2019-09-28 14:00:30', '2019-09-28 14:13:36'),
(1712, 856, 'ua', 'Салат з качиної грудкою \"Су-Від\"', '117 грн', 'Ресторан «Mani». Салат з качиної грудкою \"Су-Від\"', NULL, '2019-09-28 14:00:30', '2019-09-28 14:13:36'),
(1713, 857, 'ru', 'Мороженное в ассортименте', '74 грн', 'Ресторан «Mani». Мороженное в ассортименте', NULL, '2019-09-28 14:00:30', '2019-09-28 14:13:36'),
(1714, 857, 'ua', 'Морозиво в асортименті', '74 грн', 'Ресторан «Mani». Морозиво в асортименті', NULL, '2019-09-28 14:00:30', '2019-09-28 14:13:36'),
(1715, 858, 'ru', 'Тигровые креветки с кремом из авокадо', '185 грн', 'Ресторан «Mani». Тигровые креветки с кремом из авокадо', NULL, '2019-09-28 14:00:30', '2019-09-28 14:13:36'),
(1716, 858, 'ua', 'Тигрові креветки з кремом з авокадо', '185 грн', 'Ресторан «Mani». Тигрові креветки з кремом з авокадо', NULL, '2019-09-28 14:00:30', '2019-09-28 14:13:36'),
(1717, 859, 'ru', 'Коктейль \"Шкода\"', '98 грн', 'Ресторан «Mani». Коктейль \"Шкода\"', NULL, '2019-09-28 14:00:30', '2019-09-28 14:13:36'),
(1718, 859, 'ua', 'Коктейль \"Шкода\"', '98 грн', 'Ресторан «Mani». Коктейль \"Шкода\"', NULL, '2019-09-28 14:00:30', '2019-09-28 14:13:36'),
(1719, 860, 'ru', 'Ждем Вас в гости!', NULL, 'Ждем Вас в гости!', NULL, '2019-09-28 14:17:45', '2019-09-28 14:19:34'),
(1720, 860, 'ua', 'Чекаємо Вас у гості!', NULL, 'Чекаємо Вас у гості!', NULL, '2019-09-28 14:17:45', '2019-09-28 14:19:34'),
(1721, 861, 'ru', 'Банкет на 20 персон', NULL, 'Банкет на 20 персон', NULL, '2019-09-28 14:17:45', '2019-09-28 14:19:34'),
(1722, 861, 'ua', 'Банкет на 20 персон', NULL, 'Банкет на 20 персон', NULL, '2019-09-28 14:17:45', '2019-09-28 14:19:34'),
(1723, 862, 'ru', 'Судак в тесте «фило» с овощным салатом', '192 грн/230г', 'Семейный ресторан «Papa Roma». Судак в тесте «фило» с овощным салатом', NULL, '2019-10-01 11:37:46', '2019-10-01 11:51:59'),
(1724, 862, 'ua', 'Судак в тісті «філо» з овочевим салатом', '192 грн/230г', 'Сімейний ресторан «Papa Roma». Судак в тісті «філо» з овочевим салатом', NULL, '2019-10-01 11:37:46', '2019-10-01 11:51:59'),
(1725, 863, 'ru', 'Брускетты', 'на зерновом багете с томатами-45 грн/шт, с печёным перцем сливочным сыром и прошутто на зерновом багете-63грн/шт, с лососем, сливочным сыром и маслинами на зерновом багете-75грн/шт', 'Семейный ресторан «Papa Roma». Брускетты', NULL, '2019-10-01 11:52:34', '2019-10-01 12:04:39'),
(1726, 863, 'ua', 'Брускетти', 'на зерновому багеті з томатами-45 грн / шт, з печеним перцем вершковим сиром і прошутто на зерновому багеті-63грн / шт, з лососем, вершковим сиром і маслинами на зерновому багеті-75грн / шт', 'Сімейний ресторан «Papa Roma». Брускетти', NULL, '2019-10-01 11:52:34', '2019-10-01 12:04:39'),
(1727, 864, 'ru', 'Гаспаччо с тар-таром из огурца, мини моцареллой и гренкой с песто', '77 грн/250мл.', 'Семейный ресторан «Papa Roma». Гаспаччо с тар-таром из огурца, мини моцареллой и гренкой с песто', NULL, '2019-10-01 11:52:34', '2019-10-01 12:04:40'),
(1728, 864, 'ua', 'Гаспаччо з тар-таром з огірка, міні моцарелою і грінкою з песто', '77 грн/250мл.', 'Сімейний ресторан «Papa Roma». Гаспаччо з тар-таром з огірка, міні моцарелою і грінкою з песто', NULL, '2019-10-01 11:52:34', '2019-10-01 12:04:40'),
(1729, 865, 'ru', 'Блюда на фуршет, банкет', NULL, 'Семейный ресторан «Papa Roma». Блюда на фуршет, банкет', NULL, '2019-10-01 11:52:34', '2019-10-01 12:04:40'),
(1730, 865, 'ua', 'Страви на фуршет, банкет', NULL, 'Сімейний ресторан «Papa Roma». Страви на фуршет, банкет', NULL, '2019-10-01 11:52:34', '2019-10-01 12:04:40'),
(1731, 866, 'ru', 'Мясное изобилие', '463грн/1300г', 'Семейный ресторан «Papa Roma». Мясное изобилие', NULL, '2019-10-01 11:52:34', '2019-10-01 12:44:40'),
(1732, 866, 'ua', 'М\'ясне асорті', '463грн/1300г', 'Сімейний ресторан «Papa Roma». М\'ясне асорті', NULL, '2019-10-01 11:52:34', '2019-10-01 12:44:40'),
(1733, 867, 'ru', 'Рыбное ассорти', '420грн/750г', 'Семейный ресторан «Papa Roma». Рыбное ассорти', NULL, '2019-10-01 11:52:34', '2019-10-01 12:44:40'),
(1734, 867, 'ua', 'Рибне асорті', '420грн/750г', 'Сімейний ресторан «Papa Roma». Рибне асорті', NULL, '2019-10-01 11:52:34', '2019-10-01 12:44:40'),
(1735, 868, 'ru', 'Ассорти сыров с грушей, мёдом и орехами', '149грн/100г', 'Семейный ресторан «Papa Roma». Ассорти сыров с грушей, мёдом и орехами', NULL, '2019-10-01 11:52:34', '2019-10-01 12:44:40'),
(1736, 868, 'ua', 'Асорті сирів з грушею, медом і горіхами', '149грн/100г', 'Сімейний ресторан «Papa Roma». Асорті сирів з грушею, медом і горіхами', NULL, '2019-10-01 11:52:34', '2019-10-01 12:44:40'),
(1737, 869, 'ru', 'Коктейль «Зелёная Фея»', '138грн/400мл', 'Семейный ресторан «Papa Roma». Коктейль «Зелёная Фея»', NULL, '2019-10-01 11:52:34', '2019-10-01 12:44:40'),
(1738, 869, 'ua', 'Коктейль «Зелена Фея»', '138грн/400мл', 'Сімейний ресторан «Papa Roma». Коктейль «Зелена Фея»', NULL, '2019-10-01 11:52:34', '2019-10-01 12:44:40'),
(1739, 870, 'ru', 'Коктейль «Похмелье»', '129грн/330/50 мл', 'Семейный ресторан «Papa Roma». Коктейль «Похмелье»', NULL, '2019-10-01 11:52:34', '2019-10-01 12:44:40'),
(1740, 870, 'ua', 'Коктейль «Похмілля»', '129грн/330/50 мл', 'Сімейний ресторан «Papa Roma». Коктейль «Похмілля»', NULL, '2019-10-01 11:52:34', '2019-10-01 12:44:40'),
(1741, 871, 'ru', 'Коктейль «Ураган»', '114грн/325 мл', 'Семейный ресторан «Papa Roma». Коктейль «Ураган»', NULL, '2019-10-01 11:52:34', '2019-10-01 12:44:40'),
(1742, 871, 'ua', 'Коктейль «Ураган»', '114грн/325 мл', 'Сімейний ресторан «Papa Roma». Коктейль «Ураган»', NULL, '2019-10-01 11:52:34', '2019-10-01 12:44:40'),
(1743, 872, 'ru', 'Капучино с  рисунком на пене', '35грн/120мл', 'Семейный ресторан «Papa Roma». Капучино с  рисунком на пене', NULL, '2019-10-01 11:52:34', '2019-10-01 12:44:40'),
(1744, 872, 'ua', 'Капучино з малюнком на піні', '35грн/120мл', 'Сімейний ресторан «Papa Roma». Капучино з малюнком на піні', NULL, '2019-10-01 11:52:34', '2019-10-01 12:44:40'),
(1745, 873, 'ru', 'Пицца - «4 сезона»', '109грн/30см', 'Семейный ресторан «Papa Roma». Пицца - «4 сезона»', NULL, '2019-10-01 11:52:34', '2019-10-01 12:44:40'),
(1746, 873, 'ua', 'Піца - «4 сезони»', '109грн/30см', 'Сімейний ресторан «Papa Roma». Піца - «4 сезони»', NULL, '2019-10-01 11:52:34', '2019-10-01 12:44:40'),
(1747, 874, 'ru', 'Сыр халуми-гриль с зеленью', '79грн/80 г', 'Семейный ресторан «Papa Roma». Сыр халуми-гриль с зеленью', NULL, '2019-10-01 11:52:34', '2019-10-01 12:44:40'),
(1748, 874, 'ua', 'Сир халумі-гриль із зеленню', '79грн/80 г', 'Сімейний ресторан «Papa Roma». Сир халумі-гриль із зеленню', NULL, '2019-10-01 11:52:34', '2019-10-01 12:44:40'),
(1749, 875, 'ru', 'Коктейль Papa Roma', '79грн/330мл', 'Семейный ресторан «Papa Roma». Коктейль Papa Roma', NULL, '2019-10-01 11:52:34', '2019-10-01 12:44:40'),
(1750, 875, 'ua', 'Коктейль Papa Roma', '79грн/330мл', 'Сімейний ресторан «Papa Roma». Коктейль Papa Roma', NULL, '2019-10-01 11:52:34', '2019-10-01 12:44:40'),
(1751, 876, 'ru', 'Спагетти «Карбанара»', '97 грн/260 г', 'Семейный ресторан «Papa Roma». Спагетти «Карбанара»', NULL, '2019-10-01 11:52:34', '2019-10-01 12:44:40'),
(1752, 876, 'ua', 'Спагеті «Карбанара»', '97 грн/260 г', 'Сімейний ресторан «Papa Roma». Спагеті «Карбанара»', NULL, '2019-10-01 11:52:34', '2019-10-01 12:44:40'),
(1757, 879, 'ru', 'Коктейль Crema Frizzante', '122грн/250 мл', 'Семейный ресторан «Papa Roma». Коктейль Crema Frizzante', NULL, '2019-10-01 11:52:34', '2019-10-01 12:44:40'),
(1758, 879, 'ua', 'Коктейль Crema Frizzante', '122грн/250 мл', 'Сімейний ресторан «Papa Roma». Коктейль Crema Frizzante', NULL, '2019-10-01 11:52:34', '2019-10-01 12:44:40'),
(1759, 880, 'ru', 'Кебаб из индейки в виноградных листьях с маринованными луком и сливами', '119грн/220г', 'Семейный ресторан «Papa Roma». Кебаб из индейки в виноградных листьях с маринованными луком и сливами', NULL, '2019-10-01 11:52:34', '2019-10-01 12:44:40'),
(1760, 880, 'ua', 'Кебаб з індички в виноградному листі з маринованими цибулею і сливами', '119грн/220г', 'Сімейний ресторан «Papa Roma». Кебаб з індички в виноградному листі з маринованими цибулею і сливами', NULL, '2019-10-01 11:52:34', '2019-10-01 12:44:40'),
(1761, 881, 'ru', 'Пенне \"4 сыра\"', '117грн/250г', 'Семейный ресторан «Papa Roma». Пенне \"4 сыра\"', NULL, '2019-10-01 11:52:34', '2019-10-01 12:44:40'),
(1762, 881, 'ua', 'Пенне \"4 сиру\"', '117грн/250г', 'Сімейний ресторан «Papa Roma». Пенне \"4 сиру\"', NULL, '2019-10-01 11:52:34', '2019-10-01 12:44:40'),
(1763, 882, 'ru', 'Сет рыбных закусок', '175 грн/250 гр', 'Ресторан «Ля-Мажор». Сет рыбных закусок', NULL, '2019-10-02 11:05:53', '2019-10-02 11:28:19'),
(1764, 882, 'ua', 'Сет рибних закусок', '175 грн/250 гр', 'Ресторан «Ля-Мажор». Сет рибних закусок', NULL, '2019-10-02 11:05:53', '2019-10-02 11:28:19'),
(1765, 883, 'ru', 'Свинина в кецах', '125 грн/300 гр.', 'Ресторан «Ля-Мажор». Свинина в кецах', NULL, '2019-10-02 11:08:04', '2019-10-02 11:17:32'),
(1766, 883, 'ua', 'Свинина в кецах', '125 грн/300 гр.', 'Ресторан «Ля-Мажор». Свинина в кецах', NULL, '2019-10-02 11:08:04', '2019-10-02 11:17:32'),
(1767, 884, 'ru', 'Коктейль \"Май Тай\"', '85 грн/270 гр.', 'Ресторан «Ля-Мажор». Коктейль \"Май Тай\"', NULL, '2019-10-02 11:14:01', '2019-10-02 11:17:15'),
(1768, 884, 'ua', 'Коктейль \"Май Тай\"', '85 грн/270 гр.', 'Ресторан «Ля-Мажор». Коктейль \"Май Тай\"', NULL, '2019-10-02 11:14:01', '2019-10-02 11:17:15'),
(1769, 885, 'ru', 'Рулька по-Ирландски', '300 грн/1 шт.', 'Ресторан «Ля-Мажор». Рулька по-Ирландски', NULL, '2019-10-02 11:23:16', '2019-10-02 11:26:57'),
(1770, 885, 'ua', 'Рулька по-ірландськи', '300 грн/1 шт.', 'Ресторан «Ля-Мажор». Рулька по-ірландськи', NULL, '2019-10-02 11:23:16', '2019-10-02 11:26:57'),
(1771, 886, 'ru', 'Мясные деликатесы из Италии', '240грн/160/20/20г', 'Ресторанный комплекс «Традиция Resto Park». Мясные деликатесы из Италии', NULL, '2019-10-03 13:12:27', '2019-10-03 13:32:18'),
(1772, 886, 'ua', 'М\'ясні делікатеси з Італії', '240грн/160/20/20г', 'Ресторанний комплекс «Традиція Resto Park». М\'ясні делікатеси з Італії', NULL, '2019-10-03 13:12:27', '2019-10-03 13:32:18'),
(1775, 888, 'ru', 'Стейк куриный на мангале', '58грн/100г', 'Ресторанный комплекс «Традиция Resto Park». Стейк куриный на мангале', NULL, '2019-10-03 13:12:27', '2019-10-03 13:34:54'),
(1776, 888, 'ua', 'Стейк курячий на мангалі', '58грн/100г', 'Ресторанний комплекс «Традиція Resto Park». Стейк курячий на мангалі', NULL, '2019-10-03 13:12:27', '2019-10-03 13:34:54'),
(1777, 889, 'ru', 'Тар-тар из тунца', '280грн/170г', 'Ресторанный комплекс «Традиция Resto Park». Тар-тар из тунца', NULL, '2019-10-03 13:12:27', '2019-10-03 13:36:30'),
(1778, 889, 'ua', 'Тар-тар з тунця', '280грн/170г', 'Ресторанний комплекс «Традиція Resto Park». Тар-тар з тунця', NULL, '2019-10-03 13:12:27', '2019-10-03 13:36:30'),
(1779, 890, 'ru', NULL, NULL, 'Ресторан \"Bernardazzi\"', NULL, '2019-10-07 12:39:34', '2019-10-07 12:39:34'),
(1780, 890, 'ua', NULL, NULL, 'Ресторан \"Bernardazzi\"', NULL, '2019-10-07 12:39:34', '2019-10-07 12:39:34'),
(1781, 891, 'ru', NULL, NULL, 'Ресторан \"Bernardazzi\"', NULL, '2019-10-07 12:39:34', '2019-10-07 12:39:34'),
(1782, 891, 'ua', NULL, NULL, 'Ресторан \"Bernardazzi\"', NULL, '2019-10-07 12:39:34', '2019-10-07 12:39:34'),
(1783, 892, 'ru', NULL, NULL, 'Ресторан \"Bernardazzi\"', NULL, '2019-10-07 12:39:34', '2019-10-07 12:39:34'),
(1784, 892, 'ua', NULL, NULL, 'Ресторан \"Bernardazzi\"', NULL, '2019-10-07 12:39:34', '2019-10-07 12:39:34'),
(1785, 893, 'ru', NULL, NULL, 'Ресторан \"Bernardazzi\"', NULL, '2019-10-07 12:39:34', '2019-10-07 12:39:34'),
(1786, 893, 'ua', NULL, NULL, 'Ресторан \"Bernardazzi\"', NULL, '2019-10-07 12:39:34', '2019-10-07 12:39:34'),
(1787, 894, 'ru', NULL, NULL, 'Ресторан \"Bernardazzi\"', NULL, '2019-10-07 12:39:34', '2019-10-07 12:39:34'),
(1788, 894, 'ua', NULL, NULL, 'Ресторан \"Bernardazzi\"', NULL, '2019-10-07 12:39:34', '2019-10-07 12:39:34'),
(1789, 895, 'ru', NULL, NULL, 'Ресторан \"Tavernetta\"', NULL, '2019-10-07 13:11:08', '2019-10-07 13:11:08'),
(1790, 895, 'ua', NULL, NULL, 'Ресторан \"Tavernetta\"', NULL, '2019-10-07 13:11:08', '2019-10-07 13:11:08'),
(1791, 896, 'ru', NULL, NULL, 'Ресторан \"Tavernetta\"', NULL, '2019-10-07 13:11:08', '2019-10-07 13:11:08'),
(1792, 896, 'ua', NULL, NULL, 'Ресторан \"Tavernetta\"', NULL, '2019-10-07 13:11:08', '2019-10-07 13:11:08'),
(1793, 897, 'ru', NULL, NULL, 'Ресторан \"Tavernetta\"', NULL, '2019-10-07 13:11:08', '2019-10-07 13:11:08'),
(1794, 897, 'ua', NULL, NULL, 'Ресторан \"Tavernetta\"', NULL, '2019-10-07 13:11:08', '2019-10-07 13:11:08'),
(1795, 898, 'ru', NULL, NULL, 'Ресторан \"Tavernetta\"', NULL, '2019-10-07 13:11:08', '2019-10-07 13:11:08'),
(1796, 898, 'ua', NULL, NULL, 'Ресторан \"Tavernetta\"', NULL, '2019-10-07 13:11:08', '2019-10-07 13:11:08'),
(1797, 899, 'ru', NULL, NULL, 'Ресторан \"Tavernetta\"', NULL, '2019-10-07 13:11:08', '2019-10-07 13:11:08'),
(1798, 899, 'ua', NULL, NULL, 'Ресторан \"Tavernetta\"', NULL, '2019-10-07 13:11:08', '2019-10-07 13:11:08'),
(1799, 900, 'ru', NULL, NULL, 'Ресторан \"Sophie Café\"', NULL, '2019-10-07 13:53:13', '2019-10-07 13:53:13'),
(1800, 900, 'ua', NULL, NULL, 'Ресторан \"Sophie Café\"', NULL, '2019-10-07 13:53:13', '2019-10-07 13:53:13'),
(1801, 901, 'ru', NULL, NULL, 'Ресторан \"Sophie Café\"', NULL, '2019-10-07 13:53:13', '2019-10-07 13:53:13'),
(1802, 901, 'ua', NULL, NULL, 'Ресторан \"Sophie Café\"', NULL, '2019-10-07 13:53:13', '2019-10-07 13:53:13'),
(1803, 902, 'ru', NULL, NULL, 'Ресторан \"Sophie Café\"', NULL, '2019-10-07 13:53:13', '2019-10-07 13:53:13'),
(1804, 902, 'ua', NULL, NULL, 'Ресторан \"Sophie Café\"', NULL, '2019-10-07 13:53:13', '2019-10-07 13:53:13'),
(1805, 903, 'ru', NULL, NULL, 'Ресторан \"Sophie Café\"', NULL, '2019-10-07 13:53:13', '2019-10-07 13:53:13'),
(1806, 903, 'ua', NULL, NULL, 'Ресторан \"Sophie Café\"', NULL, '2019-10-07 13:53:13', '2019-10-07 13:53:13'),
(1809, 905, 'ru', NULL, NULL, 'Кафе \"Штрудель\"', NULL, '2019-10-07 14:10:45', '2019-10-07 14:10:45'),
(1810, 905, 'ua', NULL, NULL, 'Кафе \"Штрудель\"', NULL, '2019-10-07 14:10:45', '2019-10-07 14:10:45'),
(1811, 906, 'ru', NULL, NULL, 'Кафе \"Штрудель\"', NULL, '2019-10-07 14:10:45', '2019-10-07 14:10:45'),
(1812, 906, 'ua', NULL, NULL, 'Кафе \"Штрудель\"', NULL, '2019-10-07 14:10:45', '2019-10-07 14:10:45'),
(1813, 907, 'ru', NULL, NULL, 'Ресторан \"Диканька\"', NULL, '2019-10-07 14:37:07', '2019-10-07 14:37:07'),
(1814, 907, 'ua', NULL, NULL, 'Ресторан \"Диканька\"', NULL, '2019-10-07 14:37:07', '2019-10-07 14:37:07'),
(1815, 908, 'ru', NULL, NULL, 'Ресторан \"Диканька\"', NULL, '2019-10-07 14:37:07', '2019-10-07 14:37:07'),
(1816, 908, 'ua', NULL, NULL, 'Ресторан \"Диканька\"', NULL, '2019-10-07 14:37:07', '2019-10-07 14:37:07'),
(1817, 909, 'ru', NULL, NULL, 'Ресторан \"Диканька\"', NULL, '2019-10-07 14:37:07', '2019-10-07 14:37:07'),
(1818, 909, 'ua', NULL, NULL, 'Ресторан \"Диканька\"', NULL, '2019-10-07 14:37:07', '2019-10-07 14:37:07'),
(1819, 910, 'ru', NULL, NULL, 'Ресторан \"Диканька\"', NULL, '2019-10-07 14:37:07', '2019-10-07 14:37:07'),
(1820, 910, 'ua', NULL, NULL, 'Ресторан \"Диканька\"', NULL, '2019-10-07 14:37:07', '2019-10-07 14:37:07'),
(1821, 911, 'ru', NULL, NULL, 'Ресторан \"Чачапури\"', NULL, '2019-10-07 14:59:06', '2019-10-07 14:59:06'),
(1822, 911, 'ua', NULL, NULL, 'Ресторан \"Чачапурі\"', NULL, '2019-10-07 14:59:06', '2019-10-07 14:59:06'),
(1823, 912, 'ru', NULL, NULL, 'Ресторан \"Чачапури\"', NULL, '2019-10-07 14:59:06', '2019-10-07 14:59:06'),
(1824, 912, 'ua', NULL, NULL, 'Ресторан \"Чачапурі\"', NULL, '2019-10-07 14:59:06', '2019-10-07 14:59:06'),
(1825, 913, 'ru', NULL, NULL, 'Ресторан \"Чачапури\"', NULL, '2019-10-07 14:59:06', '2019-10-07 14:59:06'),
(1826, 913, 'ua', NULL, NULL, 'Ресторан \"Чачапурі\"', NULL, '2019-10-07 14:59:06', '2019-10-07 14:59:06'),
(1827, 914, 'ru', NULL, NULL, 'Ресторан \"Чачапури\"', NULL, '2019-10-07 14:59:06', '2019-10-07 14:59:06'),
(1828, 914, 'ua', NULL, NULL, 'Ресторан \"Чачапурі\"', NULL, '2019-10-07 14:59:06', '2019-10-07 14:59:06'),
(1829, 915, 'ru', NULL, NULL, 'Ресторан \"Чачапури\"', NULL, '2019-10-07 14:59:06', '2019-10-07 14:59:06'),
(1830, 915, 'ua', NULL, NULL, 'Ресторан \"Чачапурі\"', NULL, '2019-10-07 14:59:06', '2019-10-07 14:59:06'),
(1831, 916, 'ru', NULL, NULL, 'Ресторан \"Comme il Faut\"', NULL, '2019-10-07 15:06:06', '2019-10-07 15:06:06'),
(1832, 916, 'ua', NULL, NULL, 'Ресторан \"Comme il Faut\"', NULL, '2019-10-07 15:06:06', '2019-10-07 15:06:06'),
(1833, 917, 'ru', NULL, NULL, 'Ресторан \"Comme il Faut\"', NULL, '2019-10-07 15:06:06', '2019-10-07 15:06:06'),
(1834, 917, 'ua', NULL, NULL, 'Ресторан \"Comme il Faut\"', NULL, '2019-10-07 15:06:06', '2019-10-07 15:06:06'),
(1835, 918, 'ru', NULL, NULL, 'Ресторан \"Comme il Faut\"', NULL, '2019-10-07 15:06:07', '2019-10-07 15:06:07'),
(1836, 918, 'ua', NULL, NULL, 'Ресторан \"Comme il Faut\"', NULL, '2019-10-07 15:06:07', '2019-10-07 15:06:07'),
(1837, 919, 'ru', NULL, NULL, 'Ресторан \"Comme il Faut\"', NULL, '2019-10-07 15:06:07', '2019-10-07 15:06:07'),
(1838, 919, 'ua', NULL, NULL, 'Ресторан \"Comme il Faut\"', NULL, '2019-10-07 15:06:07', '2019-10-07 15:06:07'),
(1839, 920, 'ru', NULL, NULL, 'Ресторан \"Comme il Faut\"', NULL, '2019-10-07 15:06:07', '2019-10-07 15:06:07'),
(1840, 920, 'ua', NULL, NULL, 'Ресторан \"Comme il Faut\"', NULL, '2019-10-07 15:06:07', '2019-10-07 15:06:07'),
(1841, 921, 'ru', NULL, NULL, 'Ресторан \"Odessa\"', NULL, '2019-10-07 15:11:57', '2019-10-07 15:11:57'),
(1842, 921, 'ua', NULL, NULL, 'Ресторан \"Odessa\"', NULL, '2019-10-07 15:11:57', '2019-10-07 15:11:57'),
(1843, 922, 'ru', NULL, NULL, 'Ресторан \"Odessa\"', NULL, '2019-10-07 15:11:57', '2019-10-07 15:11:57'),
(1844, 922, 'ua', NULL, NULL, 'Ресторан \"Odessa\"', NULL, '2019-10-07 15:11:57', '2019-10-07 15:11:57'),
(1845, 923, 'ru', NULL, NULL, 'Ресторан \"Odessa\"', NULL, '2019-10-07 15:11:57', '2019-10-07 15:11:57'),
(1846, 923, 'ua', NULL, NULL, 'Ресторан \"Odessa\"', NULL, '2019-10-07 15:11:57', '2019-10-07 15:11:57'),
(1847, 924, 'ru', NULL, NULL, 'Ресторан \"Odessa\"', NULL, '2019-10-07 15:11:57', '2019-10-07 15:11:57'),
(1848, 924, 'ua', NULL, NULL, 'Ресторан \"Odessa\"', NULL, '2019-10-07 15:11:57', '2019-10-07 15:11:57'),
(1849, 925, 'ru', NULL, NULL, 'Ресторан \"Odessa\"', NULL, '2019-10-07 15:11:57', '2019-10-07 15:11:57'),
(1850, 925, 'ua', NULL, NULL, 'Ресторан \"Odessa\"', NULL, '2019-10-07 15:11:57', '2019-10-07 15:11:57'),
(1851, 926, 'ru', NULL, NULL, 'Ресторан \"Odessa\"', NULL, '2019-10-07 15:11:57', '2019-10-07 15:11:57'),
(1852, 926, 'ua', NULL, NULL, 'Ресторан \"Odessa\"', NULL, '2019-10-07 15:11:57', '2019-10-07 15:11:57'),
(1853, 927, 'ru', NULL, NULL, 'Ресторан \"Whisky Corner\"', NULL, '2019-10-07 15:18:45', '2019-10-07 15:18:45'),
(1854, 927, 'ua', NULL, NULL, 'Ресторан \"Whisky Corner\"', NULL, '2019-10-07 15:18:45', '2019-10-07 15:18:45'),
(1855, 928, 'ru', NULL, NULL, 'Ресторан \"Whisky Corner\"', NULL, '2019-10-07 15:18:45', '2019-10-07 15:18:45'),
(1856, 928, 'ua', NULL, NULL, 'Ресторан \"Whisky Corner\"', NULL, '2019-10-07 15:18:45', '2019-10-07 15:18:45'),
(1857, 929, 'ru', NULL, NULL, 'Ресторан \"Whisky Corner\"', NULL, '2019-10-07 15:18:45', '2019-10-07 15:18:45'),
(1858, 929, 'ua', NULL, NULL, 'Ресторан \"Whisky Corner\"', NULL, '2019-10-07 15:18:45', '2019-10-07 15:18:45'),
(1859, 930, 'ru', NULL, NULL, 'Ресторан \"Whisky Corner\"', NULL, '2019-10-07 15:18:45', '2019-10-07 15:18:45'),
(1860, 930, 'ua', NULL, NULL, 'Ресторан \"Whisky Corner\"', NULL, '2019-10-07 15:18:45', '2019-10-07 15:18:45'),
(1861, 931, 'ru', NULL, NULL, 'Ресторан \"Whisky Corner\"', NULL, '2019-10-07 15:18:45', '2019-10-07 15:18:45'),
(1862, 931, 'ua', NULL, NULL, 'Ресторан \"Whisky Corner\"', NULL, '2019-10-07 15:18:45', '2019-10-07 15:18:45'),
(1863, 932, 'ru', NULL, NULL, 'Ресторан \"Whisky Corner\"', NULL, '2019-10-07 15:18:45', '2019-10-07 15:18:45'),
(1864, 932, 'ua', NULL, NULL, 'Ресторан \"Whisky Corner\"', NULL, '2019-10-07 15:18:45', '2019-10-07 15:18:45'),
(1865, 933, 'ru', NULL, NULL, 'Ресторан \"Whisky Corner\"', NULL, '2019-10-07 15:18:45', '2019-10-07 15:18:45'),
(1866, 933, 'ua', NULL, NULL, 'Ресторан \"Whisky Corner\"', NULL, '2019-10-07 15:18:45', '2019-10-07 15:18:45'),
(1867, 934, 'ru', NULL, NULL, 'Кафе \"Папа Карла\"', NULL, '2019-10-09 09:46:36', '2019-10-09 09:46:36'),
(1868, 934, 'ua', NULL, NULL, 'Кафе \"Папа Карла\"', NULL, '2019-10-09 09:46:36', '2019-10-09 09:46:36'),
(1869, 935, 'ru', NULL, NULL, 'Кафе \"Папа Карла\"', NULL, '2019-10-09 09:46:36', '2019-10-09 09:46:36'),
(1870, 935, 'ua', NULL, NULL, 'Кафе \"Папа Карла\"', NULL, '2019-10-09 09:46:36', '2019-10-09 09:46:36'),
(1871, 936, 'ru', NULL, NULL, 'Кафе \"Папа Карла\"', NULL, '2019-10-09 09:46:36', '2019-10-09 09:46:36'),
(1872, 936, 'ua', NULL, NULL, 'Кафе \"Папа Карла\"', NULL, '2019-10-09 09:46:36', '2019-10-09 09:46:36'),
(1873, 937, 'ru', NULL, NULL, 'Кафе \"Папа Карла\"', NULL, '2019-10-09 09:46:36', '2019-10-09 09:46:36'),
(1874, 937, 'ua', NULL, NULL, 'Кафе \"Папа Карла\"', NULL, '2019-10-09 09:46:36', '2019-10-09 09:46:36'),
(1875, 938, 'ru', NULL, NULL, 'Кафе \"Папа Карла\"', NULL, '2019-10-09 09:46:36', '2019-10-09 09:46:36'),
(1876, 938, 'ua', NULL, NULL, 'Кафе \"Папа Карла\"', NULL, '2019-10-09 09:46:36', '2019-10-09 09:46:36'),
(1877, 939, 'ru', NULL, NULL, 'Кафе \"Папа Карла\"', NULL, '2019-10-09 09:46:36', '2019-10-09 09:46:36'),
(1878, 939, 'ua', NULL, NULL, 'Кафе \"Папа Карла\"', NULL, '2019-10-09 09:46:36', '2019-10-09 09:46:36'),
(1879, 940, 'ru', NULL, NULL, 'Кафе \"Папа Карла\"', NULL, '2019-10-09 09:46:36', '2019-10-09 09:46:36'),
(1880, 940, 'ua', NULL, NULL, 'Кафе \"Папа Карла\"', NULL, '2019-10-09 09:46:36', '2019-10-09 09:46:36'),
(1881, 941, 'ru', NULL, NULL, 'Кафе \"Папа Карла\"', NULL, '2019-10-09 09:46:36', '2019-10-09 09:46:36'),
(1882, 941, 'ua', NULL, NULL, 'Кафе \"Папа Карла\"', NULL, '2019-10-09 09:46:36', '2019-10-09 09:46:36'),
(1883, 942, 'ru', NULL, NULL, 'Кафе \"Папа Карла\"', NULL, '2019-10-09 09:46:36', '2019-10-09 09:46:36'),
(1884, 942, 'ua', NULL, NULL, 'Кафе \"Папа Карла\"', NULL, '2019-10-09 09:46:36', '2019-10-09 09:46:36'),
(1885, 943, 'ru', NULL, NULL, 'Пивной ресторан \"Бирхаус\"', NULL, '2019-10-09 10:02:29', '2019-10-09 10:02:29'),
(1886, 943, 'ua', NULL, NULL, 'Пивний ресторан \"Бирхаус\"', NULL, '2019-10-09 10:02:29', '2019-10-09 10:02:29'),
(1887, 944, 'ru', NULL, NULL, 'Пивной ресторан \"Бирхаус\"', NULL, '2019-10-09 10:02:29', '2019-10-09 10:02:29'),
(1888, 944, 'ua', NULL, NULL, 'Пивний ресторан \"Бирхаус\"', NULL, '2019-10-09 10:02:29', '2019-10-09 10:02:29'),
(1889, 945, 'ru', NULL, NULL, 'Пивной ресторан \"Бирхаус\"', NULL, '2019-10-09 10:02:29', '2019-10-09 10:02:29'),
(1890, 945, 'ua', NULL, NULL, 'Пивний ресторан \"Бирхаус\"', NULL, '2019-10-09 10:02:29', '2019-10-09 10:02:29'),
(1891, 946, 'ru', NULL, NULL, 'Пивной ресторан \"Бирхаус\"', NULL, '2019-10-09 10:02:29', '2019-10-09 10:02:29'),
(1892, 946, 'ua', NULL, NULL, 'Пивний ресторан \"Бирхаус\"', NULL, '2019-10-09 10:02:29', '2019-10-09 10:02:29'),
(1893, 947, 'ru', NULL, NULL, 'Пивной ресторан \"Бирхаус\"', NULL, '2019-10-09 10:02:29', '2019-10-09 10:02:29'),
(1894, 947, 'ua', NULL, NULL, 'Пивний ресторан \"Бирхаус\"', NULL, '2019-10-09 10:02:29', '2019-10-09 10:02:29'),
(1895, 948, 'ru', NULL, NULL, 'Ресторан \"Артист\"', NULL, '2019-10-09 12:22:05', '2019-10-09 12:22:05'),
(1896, 948, 'ua', NULL, NULL, 'Ресторан \"Артист\"', NULL, '2019-10-09 12:22:05', '2019-10-09 12:22:05'),
(1897, 949, 'ru', NULL, NULL, 'Ресторан \"Артист\"', NULL, '2019-10-09 12:22:05', '2019-10-09 12:22:05'),
(1898, 949, 'ua', NULL, NULL, 'Ресторан \"Артист\"', NULL, '2019-10-09 12:22:05', '2019-10-09 12:22:05'),
(1899, 950, 'ru', NULL, NULL, 'Ресторан \"Артист\"', NULL, '2019-10-09 12:22:05', '2019-10-09 12:22:05'),
(1900, 950, 'ua', NULL, NULL, 'Ресторан \"Артист\"', NULL, '2019-10-09 12:22:05', '2019-10-09 12:22:05'),
(1901, 951, 'ru', NULL, NULL, 'Ресторан \"Артист\"', NULL, '2019-10-09 12:22:05', '2019-10-09 12:22:05'),
(1902, 951, 'ua', NULL, NULL, 'Ресторан \"Артист\"', NULL, '2019-10-09 12:22:05', '2019-10-09 12:22:05'),
(1903, 952, 'ru', NULL, NULL, 'Ресторан \"Артист\"', NULL, '2019-10-09 12:22:05', '2019-10-09 12:22:05'),
(1904, 952, 'ua', NULL, NULL, 'Ресторан \"Артист\"', NULL, '2019-10-09 12:22:05', '2019-10-09 12:22:05'),
(1905, 953, 'ru', NULL, NULL, 'Ресторан \"Артист\"', NULL, '2019-10-09 12:22:05', '2019-10-09 12:22:05'),
(1906, 953, 'ua', NULL, NULL, 'Ресторан \"Артист\"', NULL, '2019-10-09 12:22:05', '2019-10-09 12:22:05'),
(1907, 954, 'ru', NULL, NULL, 'Ресторан \"Артист\"', NULL, '2019-10-09 12:22:05', '2019-10-09 12:22:05'),
(1908, 954, 'ua', NULL, NULL, 'Ресторан \"Артист\"', NULL, '2019-10-09 12:22:05', '2019-10-09 12:22:05'),
(1909, 955, 'ru', NULL, NULL, 'Ресторан \"Артист\"', NULL, '2019-10-09 12:22:06', '2019-10-09 12:22:06'),
(1910, 955, 'ua', NULL, NULL, 'Ресторан \"Артист\"', NULL, '2019-10-09 12:22:06', '2019-10-09 12:22:06'),
(1911, 956, 'ru', NULL, NULL, 'Ресторан \"Felicita\"', NULL, '2019-10-09 12:37:14', '2019-10-09 12:37:14'),
(1912, 956, 'ua', NULL, NULL, 'Ресторан \"Felicita\"', NULL, '2019-10-09 12:37:14', '2019-10-09 12:37:14'),
(1913, 957, 'ru', NULL, NULL, 'Ресторан \"Felicita\"', NULL, '2019-10-09 12:37:14', '2019-10-09 12:37:14'),
(1914, 957, 'ua', NULL, NULL, 'Ресторан \"Felicita\"', NULL, '2019-10-09 12:37:14', '2019-10-09 12:37:14'),
(1915, 958, 'ru', NULL, NULL, 'Ресторан \"Felicita\"', NULL, '2019-10-09 12:37:14', '2019-10-09 12:37:14'),
(1916, 958, 'ua', NULL, NULL, 'Ресторан \"Felicita\"', NULL, '2019-10-09 12:37:14', '2019-10-09 12:37:14'),
(1917, 959, 'ru', NULL, NULL, 'Ресторан \"Felicita\"', NULL, '2019-10-09 12:37:14', '2019-10-09 12:37:14'),
(1918, 959, 'ua', NULL, NULL, 'Ресторан \"Felicita\"', NULL, '2019-10-09 12:37:14', '2019-10-09 12:37:14'),
(1919, 960, 'ru', NULL, NULL, 'Ресторан \"Felicita\"', NULL, '2019-10-09 12:37:14', '2019-10-09 12:37:14'),
(1920, 960, 'ua', NULL, NULL, 'Ресторан \"Felicita\"', NULL, '2019-10-09 12:37:14', '2019-10-09 12:37:14'),
(1921, 961, 'ru', NULL, NULL, 'Ресторан \"Felicita\"', NULL, '2019-10-09 12:37:14', '2019-10-09 12:37:14'),
(1922, 961, 'ua', NULL, NULL, 'Ресторан \"Felicita\"', NULL, '2019-10-09 12:37:14', '2019-10-09 12:37:14'),
(1923, 962, 'ru', NULL, NULL, 'Ресторан \"Felicita\"', NULL, '2019-10-09 12:37:14', '2019-10-09 12:37:14'),
(1924, 962, 'ua', NULL, NULL, 'Ресторан \"Felicita\"', NULL, '2019-10-09 12:37:14', '2019-10-09 12:37:14'),
(1925, 963, 'ru', NULL, NULL, 'Ресторан \"Felicita\"', NULL, '2019-10-09 12:37:14', '2019-10-09 12:37:14'),
(1926, 963, 'ua', NULL, NULL, 'Ресторан \"Felicita\"', NULL, '2019-10-09 12:37:14', '2019-10-09 12:37:14'),
(1927, 964, 'ru', NULL, NULL, 'Банкетный холл \"Корона\"', NULL, '2019-10-09 13:16:30', '2019-10-09 13:16:30'),
(1928, 964, 'ua', NULL, NULL, 'Банкетний хол \"Корона\"', NULL, '2019-10-09 13:16:30', '2019-10-09 13:16:30'),
(1929, 965, 'ru', NULL, NULL, 'Банкетный холл \"Корона\"', NULL, '2019-10-09 13:16:30', '2019-10-09 13:16:30'),
(1930, 965, 'ua', NULL, NULL, 'Банкетний хол \"Корона\"', NULL, '2019-10-09 13:16:30', '2019-10-09 13:16:30'),
(1931, 966, 'ru', NULL, NULL, 'Банкетный холл \"Корона\"', NULL, '2019-10-09 13:16:30', '2019-10-09 13:16:30'),
(1932, 966, 'ua', NULL, NULL, 'Банкетний хол \"Корона\"', NULL, '2019-10-09 13:16:30', '2019-10-09 13:16:30'),
(1933, 967, 'ru', NULL, NULL, 'Банкетный холл \"Корона\"', NULL, '2019-10-09 13:16:30', '2019-10-09 13:16:30'),
(1934, 967, 'ua', NULL, NULL, 'Банкетний хол \"Корона\"', NULL, '2019-10-09 13:16:30', '2019-10-09 13:16:30'),
(1935, 968, 'ru', NULL, NULL, 'Банкетный холл \"Корона\"', NULL, '2019-10-09 13:16:30', '2019-10-09 13:16:30'),
(1936, 968, 'ua', NULL, NULL, 'Банкетний хол \"Корона\"', NULL, '2019-10-09 13:16:30', '2019-10-09 13:16:30'),
(1937, 969, 'ru', NULL, NULL, 'Банкетный холл \"Корона\"', NULL, '2019-10-09 13:16:30', '2019-10-09 13:16:30'),
(1938, 969, 'ua', NULL, NULL, 'Банкетний хол \"Корона\"', NULL, '2019-10-09 13:16:30', '2019-10-09 13:16:30'),
(1939, 970, 'ru', NULL, NULL, 'Ресторация \"Бачевских\"', NULL, '2019-10-09 14:10:04', '2019-10-09 14:10:04'),
(1940, 970, 'ua', NULL, NULL, 'Ресторація \"Бачевських\"', NULL, '2019-10-09 14:10:04', '2019-10-09 14:10:04'),
(1941, 971, 'ru', NULL, NULL, 'Ресторация \"Бачевских\"', NULL, '2019-10-09 14:10:04', '2019-10-09 14:10:04'),
(1942, 971, 'ua', NULL, NULL, 'Ресторація \"Бачевських\"', NULL, '2019-10-09 14:10:04', '2019-10-09 14:10:04');
INSERT INTO `gallery_items_langs` (`id`, `gallery_item_id`, `lang`, `title`, `subtitle`, `alt`, `link`, `created_at`, `updated_at`) VALUES
(1943, 972, 'ru', NULL, NULL, 'Ресторация \"Бачевских\"', NULL, '2019-10-09 14:10:04', '2019-10-09 14:10:04'),
(1944, 972, 'ua', NULL, NULL, 'Ресторація \"Бачевських\"', NULL, '2019-10-09 14:10:04', '2019-10-09 14:10:04'),
(1945, 973, 'ru', NULL, NULL, 'Ресторация \"Бачевских\"', NULL, '2019-10-09 14:10:04', '2019-10-09 14:10:04'),
(1946, 973, 'ua', NULL, NULL, 'Ресторація \"Бачевських\"', NULL, '2019-10-09 14:10:04', '2019-10-09 14:10:04'),
(1947, 974, 'ru', NULL, NULL, 'Ресторация \"Бачевских\"', NULL, '2019-10-09 14:10:04', '2019-10-09 14:10:04'),
(1948, 974, 'ua', NULL, NULL, 'Ресторація \"Бачевських\"', NULL, '2019-10-09 14:10:04', '2019-10-09 14:10:04'),
(1949, 975, 'ru', NULL, NULL, 'Ресторация \"Бачевских\"', NULL, '2019-10-09 14:10:04', '2019-10-09 14:10:04'),
(1950, 975, 'ua', NULL, NULL, 'Ресторація \"Бачевських\"', NULL, '2019-10-09 14:10:04', '2019-10-09 14:10:04'),
(1951, 976, 'ru', NULL, NULL, 'Ресторация \"Бачевских\"', NULL, '2019-10-09 14:10:04', '2019-10-09 14:10:04'),
(1952, 976, 'ua', NULL, NULL, 'Ресторація \"Бачевських\"', NULL, '2019-10-09 14:10:04', '2019-10-09 14:10:04'),
(1953, 977, 'ru', NULL, NULL, '\"Самый дорогой ресторан Галиции\"', NULL, '2019-10-09 15:10:56', '2019-10-09 15:10:56'),
(1954, 977, 'ua', NULL, NULL, '\"Найдорожча ресторація Галичини\"', NULL, '2019-10-09 15:10:56', '2019-10-09 15:10:56'),
(1955, 978, 'ru', NULL, NULL, '\"Самый дорогой ресторан Галиции\"', NULL, '2019-10-09 15:10:56', '2019-10-09 15:10:56'),
(1956, 978, 'ua', NULL, NULL, '\"Найдорожча ресторація Галичини\"', NULL, '2019-10-09 15:10:56', '2019-10-09 15:10:56'),
(1957, 979, 'ru', NULL, NULL, '\"Самый дорогой ресторан Галиции\"', NULL, '2019-10-09 15:10:56', '2019-10-09 15:10:56'),
(1958, 979, 'ua', NULL, NULL, '\"Найдорожча ресторація Галичини\"', NULL, '2019-10-09 15:10:56', '2019-10-09 15:10:56'),
(1959, 980, 'ru', NULL, NULL, '\"Самый дорогой ресторан Галиции\"', NULL, '2019-10-09 15:10:56', '2019-10-09 15:10:56'),
(1960, 980, 'ua', NULL, NULL, '\"Найдорожча ресторація Галичини\"', NULL, '2019-10-09 15:10:56', '2019-10-09 15:10:56'),
(1961, 981, 'ru', NULL, NULL, '\"Самый дорогой ресторан Галиции\"', NULL, '2019-10-09 15:10:56', '2019-10-09 15:10:56'),
(1962, 981, 'ua', NULL, NULL, '\"Найдорожча ресторація Галичини\"', NULL, '2019-10-09 15:10:56', '2019-10-09 15:10:56'),
(1963, 982, 'ru', NULL, NULL, 'Ресторан \"Дом легенд\"', NULL, '2019-10-10 09:50:23', '2019-10-10 09:50:23'),
(1964, 982, 'ua', NULL, NULL, 'Ресторан \"Дім легенд\"', NULL, '2019-10-10 09:50:23', '2019-10-10 09:50:23'),
(1965, 983, 'ru', NULL, NULL, 'Ресторан \"Дом легенд\"', NULL, '2019-10-10 09:50:23', '2019-10-10 09:50:23'),
(1966, 983, 'ua', NULL, NULL, 'Ресторан \"Дім легенд\"', NULL, '2019-10-10 09:50:23', '2019-10-10 09:50:23'),
(1967, 984, 'ru', NULL, NULL, 'Ресторан \"Дом легенд\"', NULL, '2019-10-10 09:50:23', '2019-10-10 09:50:23'),
(1968, 984, 'ua', NULL, NULL, 'Ресторан \"Дім легенд\"', NULL, '2019-10-10 09:50:23', '2019-10-10 09:50:23'),
(1969, 985, 'ru', NULL, NULL, 'Ресторан \"Дом легенд\"', NULL, '2019-10-10 09:50:23', '2019-10-10 09:50:23'),
(1970, 985, 'ua', NULL, NULL, 'Ресторан \"Дім легенд\"', NULL, '2019-10-10 09:50:23', '2019-10-10 09:50:23'),
(1971, 986, 'ru', NULL, NULL, 'Ресторан \"Дом легенд\"', NULL, '2019-10-10 09:50:23', '2019-10-10 09:50:23'),
(1972, 986, 'ua', NULL, NULL, 'Ресторан \"Дім легенд\"', NULL, '2019-10-10 09:50:23', '2019-10-10 09:50:23'),
(1973, 987, 'ru', NULL, NULL, 'Ресторан \"Дом легенд\"', NULL, '2019-10-10 09:50:23', '2019-10-10 09:50:23'),
(1974, 987, 'ua', NULL, NULL, 'Ресторан \"Дім легенд\"', NULL, '2019-10-10 09:50:23', '2019-10-10 09:50:23'),
(1975, 988, 'ru', NULL, NULL, 'Ресторан \"Дом легенд\"', NULL, '2019-10-10 09:50:23', '2019-10-10 09:50:23'),
(1976, 988, 'ua', NULL, NULL, 'Ресторан \"Дім легенд\"', NULL, '2019-10-10 09:50:23', '2019-10-10 09:50:23'),
(1979, 990, 'ru', NULL, NULL, 'Ресторан \"Дом легенд\"', NULL, '2019-10-10 09:50:23', '2019-10-10 09:50:23'),
(1980, 990, 'ua', NULL, NULL, 'Ресторан \"Дім легенд\"', NULL, '2019-10-10 09:50:23', '2019-10-10 09:50:23'),
(1981, 991, 'ru', NULL, NULL, 'Ресторан \"Дом легенд\"', NULL, '2019-10-10 09:50:23', '2019-10-10 09:50:23'),
(1982, 991, 'ua', NULL, NULL, 'Ресторан \"Дім легенд\"', NULL, '2019-10-10 09:50:23', '2019-10-10 09:50:23'),
(1983, 992, 'ru', NULL, NULL, 'Ресторан \"Mon Chef\"', NULL, '2019-10-10 10:02:08', '2019-10-10 10:02:08'),
(1984, 992, 'ua', NULL, NULL, 'Ресторан \"Mon Chef\"', NULL, '2019-10-10 10:02:08', '2019-10-10 10:02:08'),
(1985, 993, 'ru', NULL, NULL, 'Ресторан \"Mon Chef\"', NULL, '2019-10-10 10:02:08', '2019-10-10 10:02:08'),
(1986, 993, 'ua', NULL, NULL, 'Ресторан \"Mon Chef\"', NULL, '2019-10-10 10:02:08', '2019-10-10 10:02:08'),
(1987, 994, 'ru', NULL, NULL, 'Ресторан \"Mon Chef\"', NULL, '2019-10-10 10:02:08', '2019-10-10 10:02:08'),
(1988, 994, 'ua', NULL, NULL, 'Ресторан \"Mon Chef\"', NULL, '2019-10-10 10:02:08', '2019-10-10 10:02:08'),
(1989, 995, 'ru', NULL, NULL, 'Ресторан \"Mon Chef\"', NULL, '2019-10-10 10:02:08', '2019-10-10 10:02:08'),
(1990, 995, 'ua', NULL, NULL, 'Ресторан \"Mon Chef\"', NULL, '2019-10-10 10:02:08', '2019-10-10 10:02:08'),
(1991, 996, 'ru', NULL, NULL, 'Ресторан \"Mon Chef\"', NULL, '2019-10-10 10:02:08', '2019-10-10 10:02:08'),
(1992, 996, 'ua', NULL, NULL, 'Ресторан \"Mon Chef\"', NULL, '2019-10-10 10:02:08', '2019-10-10 10:02:08'),
(1993, 997, 'ru', NULL, NULL, 'Ресторан \"Mon Chef\"', NULL, '2019-10-10 10:02:08', '2019-10-10 10:02:08'),
(1994, 997, 'ua', NULL, NULL, 'Ресторан \"Mon Chef\"', NULL, '2019-10-10 10:02:08', '2019-10-10 10:02:08'),
(1995, 998, 'ru', NULL, NULL, 'Ресторан \"Mon Chef\"', NULL, '2019-10-10 10:02:08', '2019-10-10 10:02:08'),
(1996, 998, 'ua', NULL, NULL, 'Ресторан \"Mon Chef\"', NULL, '2019-10-10 10:02:08', '2019-10-10 10:02:08'),
(1997, 999, 'ru', NULL, NULL, 'Семейный ресторан \"Love & Lviv\"', NULL, '2019-10-10 11:47:24', '2019-10-10 11:47:24'),
(1998, 999, 'ua', NULL, NULL, 'Сімейний ресторан \"Love & Lviv\"', NULL, '2019-10-10 11:47:24', '2019-10-10 11:47:24'),
(1999, 1000, 'ru', NULL, NULL, 'Семейный ресторан \"Love & Lviv\"', NULL, '2019-10-10 11:47:24', '2019-10-10 11:47:24'),
(2000, 1000, 'ua', NULL, NULL, 'Сімейний ресторан \"Love & Lviv\"', NULL, '2019-10-10 11:47:24', '2019-10-10 11:47:24'),
(2001, 1001, 'ru', NULL, NULL, 'Семейный ресторан \"Love & Lviv\"', NULL, '2019-10-10 11:47:24', '2019-10-10 11:47:24'),
(2002, 1001, 'ua', NULL, NULL, 'Сімейний ресторан \"Love & Lviv\"', NULL, '2019-10-10 11:47:24', '2019-10-10 11:47:24'),
(2003, 1002, 'ru', NULL, NULL, 'Семейный ресторан \"Love & Lviv\"', NULL, '2019-10-10 11:47:24', '2019-10-10 11:47:24'),
(2004, 1002, 'ua', NULL, NULL, 'Сімейний ресторан \"Love & Lviv\"', NULL, '2019-10-10 11:47:24', '2019-10-10 11:47:24'),
(2005, 1003, 'ru', NULL, NULL, 'Семейный ресторан \"Love & Lviv\"', NULL, '2019-10-10 11:47:24', '2019-10-10 11:47:24'),
(2006, 1003, 'ua', NULL, NULL, 'Сімейний ресторан \"Love & Lviv\"', NULL, '2019-10-10 11:47:24', '2019-10-10 11:47:24'),
(2007, 1004, 'ru', NULL, NULL, 'Семейный ресторан \"Love & Lviv\"', NULL, '2019-10-10 11:47:24', '2019-10-10 11:47:24'),
(2008, 1004, 'ua', NULL, NULL, 'Сімейний ресторан \"Love & Lviv\"', NULL, '2019-10-10 11:47:24', '2019-10-10 11:47:24'),
(2009, 1005, 'ru', NULL, NULL, 'Ресторан \"Сенатор\"', NULL, '2019-10-10 13:01:26', '2019-10-10 13:01:26'),
(2010, 1005, 'ua', NULL, NULL, 'Ресторан \"Сенатор\"', NULL, '2019-10-10 13:01:26', '2019-10-10 13:01:26'),
(2011, 1006, 'ru', NULL, NULL, 'Ресторан \"Сенатор\"', NULL, '2019-10-10 13:01:26', '2019-10-10 13:01:26'),
(2012, 1006, 'ua', NULL, NULL, 'Ресторан \"Сенатор\"', NULL, '2019-10-10 13:01:26', '2019-10-10 13:01:26'),
(2013, 1007, 'ru', NULL, NULL, 'Ресторан \"Сенатор\"', NULL, '2019-10-10 13:01:26', '2019-10-10 13:01:26'),
(2014, 1007, 'ua', NULL, NULL, 'Ресторан \"Сенатор\"', NULL, '2019-10-10 13:01:26', '2019-10-10 13:01:26'),
(2015, 1008, 'ru', NULL, NULL, 'Ресторан \"Сенатор\"', NULL, '2019-10-10 13:01:26', '2019-10-10 13:01:26'),
(2016, 1008, 'ua', NULL, NULL, 'Ресторан \"Сенатор\"', NULL, '2019-10-10 13:01:26', '2019-10-10 13:01:26'),
(2017, 1009, 'ru', NULL, NULL, 'Ресторан \"Сенатор\"', NULL, '2019-10-10 13:01:26', '2019-10-10 13:01:26'),
(2018, 1009, 'ua', NULL, NULL, 'Ресторан \"Сенатор\"', NULL, '2019-10-10 13:01:26', '2019-10-10 13:01:26'),
(2019, 1010, 'ru', NULL, NULL, 'Ресторан \"Сенатор\"', NULL, '2019-10-10 13:01:26', '2019-10-10 13:01:26'),
(2020, 1010, 'ua', NULL, NULL, 'Ресторан \"Сенатор\"', NULL, '2019-10-10 13:01:26', '2019-10-10 13:01:26'),
(2021, 1011, 'ru', NULL, NULL, 'Ресторан \"Колыба\"', NULL, '2019-10-10 13:13:30', '2019-10-10 13:13:30'),
(2022, 1011, 'ua', NULL, NULL, 'Ресторан \"Колиба\"', NULL, '2019-10-10 13:13:30', '2019-10-10 13:13:30'),
(2023, 1012, 'ru', NULL, NULL, 'Ресторан \"Колыба\"', NULL, '2019-10-10 13:13:30', '2019-10-10 13:13:30'),
(2024, 1012, 'ua', NULL, NULL, 'Ресторан \"Колиба\"', NULL, '2019-10-10 13:13:30', '2019-10-10 13:13:30'),
(2025, 1013, 'ru', NULL, NULL, 'Ресторан \"Колыба\"', NULL, '2019-10-10 13:13:30', '2019-10-10 13:13:30'),
(2026, 1013, 'ua', NULL, NULL, 'Ресторан \"Колиба\"', NULL, '2019-10-10 13:13:30', '2019-10-10 13:13:30'),
(2027, 1014, 'ru', NULL, NULL, 'Ресторан \"Колыба\"', NULL, '2019-10-10 13:13:30', '2019-10-10 13:13:30'),
(2028, 1014, 'ua', NULL, NULL, 'Ресторан \"Колиба\"', NULL, '2019-10-10 13:13:30', '2019-10-10 13:13:30'),
(2029, 1015, 'ru', NULL, NULL, 'Ресторан \"Колыба\"', NULL, '2019-10-10 13:13:30', '2019-10-10 13:13:30'),
(2030, 1015, 'ua', NULL, NULL, 'Ресторан \"Колиба\"', NULL, '2019-10-10 13:13:30', '2019-10-10 13:13:30'),
(2031, 1016, 'ru', NULL, NULL, 'Ресторан \"Колыба\"', NULL, '2019-10-10 13:13:30', '2019-10-10 13:13:30'),
(2032, 1016, 'ua', NULL, NULL, 'Ресторан \"Колиба\"', NULL, '2019-10-10 13:13:30', '2019-10-10 13:13:30'),
(2033, 1017, 'ru', NULL, NULL, 'Ресторан \"Колыба\"', NULL, '2019-10-10 13:13:30', '2019-10-10 13:13:30'),
(2034, 1017, 'ua', NULL, NULL, 'Ресторан \"Колиба\"', NULL, '2019-10-10 13:13:30', '2019-10-10 13:13:30'),
(2035, 1018, 'ru', NULL, NULL, 'Ресторан \"Альфонсо\"', NULL, '2019-10-10 13:23:00', '2019-10-10 13:23:00'),
(2036, 1018, 'ua', NULL, NULL, 'Ресторан \"Альфонсо\"', NULL, '2019-10-10 13:23:00', '2019-10-10 13:23:00'),
(2037, 1019, 'ru', NULL, NULL, 'Ресторан \"Альфонсо\"', NULL, '2019-10-10 13:23:00', '2019-10-10 13:23:00'),
(2038, 1019, 'ua', NULL, NULL, 'Ресторан \"Альфонсо\"', NULL, '2019-10-10 13:23:00', '2019-10-10 13:23:00'),
(2039, 1020, 'ru', NULL, NULL, 'Ресторан \"Альфонсо\"', NULL, '2019-10-10 13:23:00', '2019-10-10 13:23:00'),
(2040, 1020, 'ua', NULL, NULL, 'Ресторан \"Альфонсо\"', NULL, '2019-10-10 13:23:00', '2019-10-10 13:23:00'),
(2043, 1022, 'ru', NULL, NULL, 'Ресторан \"Альфонсо\"', NULL, '2019-10-10 13:23:00', '2019-10-10 13:23:00'),
(2044, 1022, 'ua', NULL, NULL, 'Ресторан \"Альфонсо\"', NULL, '2019-10-10 13:23:00', '2019-10-10 13:23:00'),
(2045, 1023, 'ru', NULL, NULL, 'Ресторан \"Альфонсо\"', NULL, '2019-10-10 13:23:00', '2019-10-10 13:23:00'),
(2046, 1023, 'ua', NULL, NULL, 'Ресторан \"Альфонсо\"', NULL, '2019-10-10 13:23:00', '2019-10-10 13:23:00'),
(2047, 1024, 'ru', NULL, NULL, 'Ресторан \"Альфонсо\"', NULL, '2019-10-10 13:23:00', '2019-10-10 13:23:00'),
(2048, 1024, 'ua', NULL, NULL, 'Ресторан \"Альфонсо\"', NULL, '2019-10-10 13:23:00', '2019-10-10 13:23:00'),
(2049, 1025, 'ru', NULL, NULL, 'Ресторан \"Банкетхолл\"', NULL, '2019-10-10 13:31:57', '2019-10-10 13:31:57'),
(2050, 1025, 'ua', NULL, NULL, 'Ресторан \"Банкетхолл\"', NULL, '2019-10-10 13:31:57', '2019-10-10 13:31:57'),
(2051, 1026, 'ru', NULL, NULL, 'Ресторан \"Банкетхолл\"', NULL, '2019-10-10 13:31:58', '2019-10-10 13:31:58'),
(2052, 1026, 'ua', NULL, NULL, 'Ресторан \"Банкетхолл\"', NULL, '2019-10-10 13:31:58', '2019-10-10 13:31:58'),
(2053, 1027, 'ru', NULL, NULL, 'Ресторан \"Банкетхолл\"', NULL, '2019-10-10 13:31:58', '2019-10-10 13:31:58'),
(2054, 1027, 'ua', NULL, NULL, 'Ресторан \"Банкетхолл\"', NULL, '2019-10-10 13:31:58', '2019-10-10 13:31:58'),
(2055, 1028, 'ru', NULL, NULL, 'Ресторан \"Банкетхолл\"', NULL, '2019-10-10 13:31:58', '2019-10-10 13:31:58'),
(2056, 1028, 'ua', NULL, NULL, 'Ресторан \"Банкетхолл\"', NULL, '2019-10-10 13:31:58', '2019-10-10 13:31:58'),
(2057, 1029, 'ru', NULL, NULL, 'Ресторан \"Банкетхолл\"', NULL, '2019-10-10 13:31:58', '2019-10-10 13:31:58'),
(2058, 1029, 'ua', NULL, NULL, 'Ресторан \"Банкетхолл\"', NULL, '2019-10-10 13:31:58', '2019-10-10 13:31:58'),
(2059, 1030, 'ru', NULL, NULL, 'Ресторан \"Банкетхолл\"', NULL, '2019-10-10 13:31:58', '2019-10-10 13:31:58'),
(2060, 1030, 'ua', NULL, NULL, 'Ресторан \"Банкетхолл\"', NULL, '2019-10-10 13:31:58', '2019-10-10 13:31:58'),
(2061, 1031, 'ru', NULL, NULL, 'Ресторан \"Банкетхолл\"', NULL, '2019-10-10 13:31:58', '2019-10-10 13:31:58'),
(2062, 1031, 'ua', NULL, NULL, 'Ресторан \"Банкетхолл\"', NULL, '2019-10-10 13:31:58', '2019-10-10 13:31:58'),
(2063, 1032, 'ru', NULL, NULL, 'Ресторан \"Старый Чернигов\"', NULL, '2019-10-10 13:45:08', '2019-10-10 13:45:08'),
(2064, 1032, 'ua', NULL, NULL, 'Ресторан \"Старий Чернігів\"', NULL, '2019-10-10 13:45:08', '2019-10-10 13:45:08'),
(2065, 1033, 'ru', NULL, NULL, 'Ресторан \"Старый Чернигов\"', NULL, '2019-10-10 13:45:08', '2019-10-10 13:45:08'),
(2066, 1033, 'ua', NULL, NULL, 'Ресторан \"Старий Чернігів\"', NULL, '2019-10-10 13:45:08', '2019-10-10 13:45:08'),
(2067, 1034, 'ru', NULL, NULL, 'Ресторан \"Старый Чернигов\"', NULL, '2019-10-10 13:45:08', '2019-10-10 13:45:08'),
(2068, 1034, 'ua', NULL, NULL, 'Ресторан \"Старий Чернігів\"', NULL, '2019-10-10 13:45:08', '2019-10-10 13:45:08'),
(2069, 1035, 'ru', NULL, NULL, 'Ресторан \"Старый Чернигов\"', NULL, '2019-10-10 13:45:08', '2019-10-10 13:45:08'),
(2070, 1035, 'ua', NULL, NULL, 'Ресторан \"Старий Чернігів\"', NULL, '2019-10-10 13:45:08', '2019-10-10 13:45:08'),
(2071, 1036, 'ru', NULL, NULL, 'Ресторан \"Старый Чернигов\"', NULL, '2019-10-10 13:45:08', '2019-10-10 13:45:08'),
(2072, 1036, 'ua', NULL, NULL, 'Ресторан \"Старий Чернігів\"', NULL, '2019-10-10 13:45:08', '2019-10-10 13:45:08'),
(2073, 1037, 'ru', NULL, NULL, 'Ресторан \"Старый Чернигов\"', NULL, '2019-10-10 13:45:08', '2019-10-10 13:45:08'),
(2074, 1037, 'ua', NULL, NULL, 'Ресторан \"Старий Чернігів\"', NULL, '2019-10-10 13:45:08', '2019-10-10 13:45:08'),
(2075, 1038, 'ru', NULL, NULL, 'Ресторан \"Старый Чернигов\"', NULL, '2019-10-10 13:45:08', '2019-10-10 13:45:08'),
(2076, 1038, 'ua', NULL, NULL, 'Ресторан \"Старий Чернігів\"', NULL, '2019-10-10 13:45:08', '2019-10-10 13:45:08'),
(2077, 1039, 'ru', NULL, NULL, 'Ресторанно-отельный комплекс \"Подкова\"', NULL, '2019-10-11 13:33:08', '2019-10-11 13:33:08'),
(2078, 1039, 'ua', NULL, NULL, 'Ресторанно-готельний комплекс \"Підкова\"', NULL, '2019-10-11 13:33:08', '2019-10-11 13:33:08'),
(2079, 1040, 'ru', NULL, NULL, 'Ресторанно-отельный комплекс \"Подкова\"', NULL, '2019-10-11 13:33:08', '2019-10-11 13:33:08'),
(2080, 1040, 'ua', NULL, NULL, 'Ресторанно-готельний комплекс \"Підкова\"', NULL, '2019-10-11 13:33:08', '2019-10-11 13:33:08'),
(2081, 1041, 'ru', NULL, NULL, 'Ресторанно-отельный комплекс \"Подкова\"', NULL, '2019-10-11 13:33:08', '2019-10-11 13:33:08'),
(2082, 1041, 'ua', NULL, NULL, 'Ресторанно-готельний комплекс \"Підкова\"', NULL, '2019-10-11 13:33:08', '2019-10-11 13:33:08'),
(2083, 1042, 'ru', NULL, NULL, 'Ресторанно-отельный комплекс \"Подкова\"', NULL, '2019-10-11 13:33:08', '2019-10-11 13:33:08'),
(2084, 1042, 'ua', NULL, NULL, 'Ресторанно-готельний комплекс \"Підкова\"', NULL, '2019-10-11 13:33:08', '2019-10-11 13:33:08'),
(2085, 1043, 'ru', NULL, NULL, 'Ресторанно-отельный комплекс \"Подкова\"', NULL, '2019-10-11 13:33:08', '2019-10-11 13:33:08'),
(2086, 1043, 'ua', NULL, NULL, 'Ресторанно-готельний комплекс \"Підкова\"', NULL, '2019-10-11 13:33:08', '2019-10-11 13:33:08'),
(2087, 1044, 'ru', NULL, NULL, 'Ресторанно-отельный комплекс \"Подкова\"', NULL, '2019-10-11 13:33:08', '2019-10-11 13:33:08'),
(2088, 1044, 'ua', NULL, NULL, 'Ресторанно-готельний комплекс \"Підкова\"', NULL, '2019-10-11 13:33:08', '2019-10-11 13:33:08'),
(2089, 1045, 'ru', NULL, NULL, 'Ресторанно-отельный комплекс \"Подкова\"', NULL, '2019-10-11 13:33:08', '2019-10-11 13:33:08'),
(2090, 1045, 'ua', NULL, NULL, 'Ресторанно-готельний комплекс \"Підкова\"', NULL, '2019-10-11 13:33:08', '2019-10-11 13:33:08'),
(2091, 1046, 'ru', NULL, NULL, 'Ресторанно-отельный комплекс \"Подкова\"', NULL, '2019-10-11 13:33:08', '2019-10-11 13:33:08'),
(2092, 1046, 'ua', NULL, NULL, 'Ресторанно-готельний комплекс \"Підкова\"', NULL, '2019-10-11 13:33:08', '2019-10-11 13:33:08'),
(2093, 1047, 'ru', NULL, NULL, 'Ресторанно-отельный комплекс \"Подкова\"', NULL, '2019-10-11 13:33:08', '2019-10-11 13:33:08'),
(2094, 1047, 'ua', NULL, NULL, 'Ресторанно-готельний комплекс \"Підкова\"', NULL, '2019-10-11 13:33:08', '2019-10-11 13:33:08'),
(2095, 1048, 'ru', NULL, NULL, 'Ресторан \"La Riva\"', NULL, '2019-10-11 14:16:26', '2019-10-11 14:16:26'),
(2096, 1048, 'ua', NULL, NULL, 'Ресторан \"La Riva\"', NULL, '2019-10-11 14:16:26', '2019-10-11 14:16:26'),
(2097, 1049, 'ru', NULL, NULL, 'Ресторан \"La Riva\"', NULL, '2019-10-11 14:16:26', '2019-10-11 14:16:26'),
(2098, 1049, 'ua', NULL, NULL, 'Ресторан \"La Riva\"', NULL, '2019-10-11 14:16:26', '2019-10-11 14:16:26'),
(2099, 1050, 'ru', NULL, NULL, 'Ресторан \"La Riva\"', NULL, '2019-10-11 14:16:26', '2019-10-11 14:16:26'),
(2100, 1050, 'ua', NULL, NULL, 'Ресторан \"La Riva\"', NULL, '2019-10-11 14:16:26', '2019-10-11 14:16:26'),
(2101, 1051, 'ru', NULL, NULL, 'Ресторан \"La Riva\"', NULL, '2019-10-11 14:16:26', '2019-10-11 14:16:26'),
(2102, 1051, 'ua', NULL, NULL, 'Ресторан \"La Riva\"', NULL, '2019-10-11 14:16:26', '2019-10-11 14:16:26'),
(2103, 1052, 'ru', NULL, NULL, 'Ресторан \"La Riva\"', NULL, '2019-10-11 14:16:26', '2019-10-11 14:16:26'),
(2104, 1052, 'ua', NULL, NULL, 'Ресторан \"La Riva\"', NULL, '2019-10-11 14:16:26', '2019-10-11 14:16:26'),
(2105, 1053, 'ru', NULL, NULL, 'Ресторан \"La Riva\"', NULL, '2019-10-11 14:16:26', '2019-10-11 14:16:26'),
(2106, 1053, 'ua', NULL, NULL, 'Ресторан \"La Riva\"', NULL, '2019-10-11 14:16:26', '2019-10-11 14:16:26'),
(2107, 1054, 'ru', NULL, NULL, 'Ресторан \"Фламинго\"', NULL, '2019-10-11 14:37:26', '2019-10-11 14:37:26'),
(2108, 1054, 'ua', NULL, NULL, 'Ресторан \"Фламінго\"', NULL, '2019-10-11 14:37:26', '2019-10-11 14:37:26'),
(2109, 1055, 'ru', NULL, NULL, 'Ресторан \"Фламинго\"', NULL, '2019-10-11 14:37:26', '2019-10-11 14:37:26'),
(2110, 1055, 'ua', NULL, NULL, 'Ресторан \"Фламінго\"', NULL, '2019-10-11 14:37:26', '2019-10-11 14:37:26'),
(2111, 1056, 'ru', NULL, NULL, 'Ресторан \"Фламинго\"', NULL, '2019-10-11 14:37:26', '2019-10-11 14:37:26'),
(2112, 1056, 'ua', NULL, NULL, 'Ресторан \"Фламінго\"', NULL, '2019-10-11 14:37:26', '2019-10-11 14:37:26'),
(2113, 1057, 'ru', NULL, NULL, 'Ресторан \"Фламинго\"', NULL, '2019-10-11 14:37:26', '2019-10-11 14:37:26'),
(2114, 1057, 'ua', NULL, NULL, 'Ресторан \"Фламінго\"', NULL, '2019-10-11 14:37:26', '2019-10-11 14:37:26'),
(2115, 1058, 'ru', NULL, NULL, 'Ресторан \"Фламинго\"', NULL, '2019-10-11 14:37:26', '2019-10-11 14:37:26'),
(2116, 1058, 'ua', NULL, NULL, 'Ресторан \"Фламінго\"', NULL, '2019-10-11 14:37:26', '2019-10-11 14:37:26'),
(2117, 1059, 'ru', NULL, NULL, 'Ресторан \"Фламинго\"', NULL, '2019-10-11 14:37:26', '2019-10-11 14:37:26'),
(2118, 1059, 'ua', NULL, NULL, 'Ресторан \"Фламінго\"', NULL, '2019-10-11 14:37:26', '2019-10-11 14:37:26'),
(2119, 1060, 'ru', NULL, NULL, 'Ресторан \"Фламинго\"', NULL, '2019-10-11 14:37:26', '2019-10-11 14:37:26'),
(2120, 1060, 'ua', NULL, NULL, 'Ресторан \"Фламінго\"', NULL, '2019-10-11 14:37:26', '2019-10-11 14:37:26'),
(2121, 1061, 'ru', NULL, NULL, 'Ресторан \"Фламинго\"', NULL, '2019-10-11 14:37:26', '2019-10-11 14:37:26'),
(2122, 1061, 'ua', NULL, NULL, 'Ресторан \"Фламінго\"', NULL, '2019-10-11 14:37:26', '2019-10-11 14:37:26'),
(2123, 1062, 'ru', NULL, NULL, 'Ресторан \"Фламинго\"', NULL, '2019-10-11 14:37:26', '2019-10-11 14:37:26'),
(2124, 1062, 'ua', NULL, NULL, 'Ресторан \"Фламінго\"', NULL, '2019-10-11 14:37:26', '2019-10-11 14:37:26'),
(2125, 1063, 'ru', NULL, NULL, 'Ресторан \"Фламинго\"', NULL, '2019-10-11 14:37:26', '2019-10-11 14:37:26'),
(2126, 1063, 'ua', NULL, NULL, 'Ресторан \"Фламінго\"', NULL, '2019-10-11 14:37:26', '2019-10-11 14:37:26'),
(2127, 1064, 'ru', NULL, NULL, 'Ресторан \"Фламинго\"', NULL, '2019-10-11 14:37:26', '2019-10-11 14:37:26'),
(2128, 1064, 'ua', NULL, NULL, 'Ресторан \"Фламінго\"', NULL, '2019-10-11 14:37:26', '2019-10-11 14:37:26'),
(2129, 1065, 'ru', NULL, NULL, 'Ресторан \"Фламинго\"', NULL, '2019-10-11 14:37:26', '2019-10-11 14:37:26'),
(2130, 1065, 'ua', NULL, NULL, 'Ресторан \"Фламінго\"', NULL, '2019-10-11 14:37:26', '2019-10-11 14:37:26'),
(2131, 1066, 'ru', NULL, NULL, 'Ресторан \"Фламинго\"', NULL, '2019-10-11 14:37:26', '2019-10-11 14:37:26'),
(2132, 1066, 'ua', NULL, NULL, 'Ресторан \"Фламінго\"', NULL, '2019-10-11 14:37:26', '2019-10-11 14:37:26'),
(2133, 1067, 'ru', NULL, NULL, 'Ресторан \"Меланж\"', NULL, '2019-10-11 14:58:49', '2019-10-11 14:58:49'),
(2134, 1067, 'ua', NULL, NULL, 'Ресторан \"Меланж\"', NULL, '2019-10-11 14:58:49', '2019-10-11 14:58:49'),
(2135, 1068, 'ru', NULL, NULL, 'Ресторан \"Меланж\"', NULL, '2019-10-11 14:58:49', '2019-10-11 14:58:49'),
(2136, 1068, 'ua', NULL, NULL, 'Ресторан \"Меланж\"', NULL, '2019-10-11 14:58:49', '2019-10-11 14:58:49'),
(2137, 1069, 'ru', NULL, NULL, 'Ресторан \"Меланж\"', NULL, '2019-10-11 14:58:49', '2019-10-11 14:58:49'),
(2138, 1069, 'ua', NULL, NULL, 'Ресторан \"Меланж\"', NULL, '2019-10-11 14:58:49', '2019-10-11 14:58:49'),
(2139, 1070, 'ru', NULL, NULL, 'Ресторан \"Меланж\"', NULL, '2019-10-11 14:58:49', '2019-10-11 14:58:49'),
(2140, 1070, 'ua', NULL, NULL, 'Ресторан \"Меланж\"', NULL, '2019-10-11 14:58:49', '2019-10-11 14:58:49'),
(2141, 1071, 'ru', NULL, NULL, 'Ресторан \"Меланж\"', NULL, '2019-10-11 14:58:49', '2019-10-11 14:58:49'),
(2142, 1071, 'ua', NULL, NULL, 'Ресторан \"Меланж\"', NULL, '2019-10-11 14:58:49', '2019-10-11 14:58:49'),
(2143, 1072, 'ru', NULL, NULL, 'Ресторан \"Меланж\"', NULL, '2019-10-11 14:58:49', '2019-10-11 14:58:49'),
(2144, 1072, 'ua', NULL, NULL, 'Ресторан \"Меланж\"', NULL, '2019-10-11 14:58:49', '2019-10-11 14:58:49'),
(2145, 1073, 'ru', NULL, NULL, 'Ресторан \"Меланж\"', NULL, '2019-10-11 14:58:49', '2019-10-11 14:58:49'),
(2146, 1073, 'ua', NULL, NULL, 'Ресторан \"Меланж\"', NULL, '2019-10-11 14:58:49', '2019-10-11 14:58:49'),
(2147, 1074, 'ru', NULL, NULL, 'Ресторан \"Dvir\"', NULL, '2019-10-11 15:08:46', '2019-10-11 15:08:46'),
(2148, 1074, 'ua', NULL, NULL, 'Ресторан \"Dvir\"', NULL, '2019-10-11 15:08:46', '2019-10-11 15:08:46'),
(2149, 1075, 'ru', NULL, NULL, 'Ресторан \"Dvir\"', NULL, '2019-10-11 15:08:46', '2019-10-11 15:08:46'),
(2150, 1075, 'ua', NULL, NULL, 'Ресторан \"Dvir\"', NULL, '2019-10-11 15:08:46', '2019-10-11 15:08:46'),
(2151, 1076, 'ru', NULL, NULL, 'Ресторан \"Dvir\"', NULL, '2019-10-11 15:08:46', '2019-10-11 15:08:46'),
(2152, 1076, 'ua', NULL, NULL, 'Ресторан \"Dvir\"', NULL, '2019-10-11 15:08:46', '2019-10-11 15:08:46'),
(2153, 1077, 'ru', NULL, NULL, 'Ресторан \"Dvir\"', NULL, '2019-10-11 15:08:46', '2019-10-11 15:08:46'),
(2154, 1077, 'ua', NULL, NULL, 'Ресторан \"Dvir\"', NULL, '2019-10-11 15:08:46', '2019-10-11 15:08:46'),
(2155, 1078, 'ru', NULL, NULL, 'Ресторан \"Dvir\"', NULL, '2019-10-11 15:08:46', '2019-10-11 15:08:46'),
(2156, 1078, 'ua', NULL, NULL, 'Ресторан \"Dvir\"', NULL, '2019-10-11 15:08:46', '2019-10-11 15:08:46'),
(2157, 1079, 'ru', NULL, NULL, 'Ресторан \"Dvir\"', NULL, '2019-10-11 15:08:46', '2019-10-11 15:08:46'),
(2158, 1079, 'ua', NULL, NULL, 'Ресторан \"Dvir\"', NULL, '2019-10-11 15:08:46', '2019-10-11 15:08:46'),
(2159, 1080, 'ru', NULL, NULL, 'Ресторан \"Nairi Patio\"', NULL, '2019-10-11 15:31:45', '2019-10-11 15:31:45'),
(2160, 1080, 'ua', NULL, NULL, 'Ресторан \"Nairi Patio\"', NULL, '2019-10-11 15:31:45', '2019-10-11 15:31:45'),
(2161, 1081, 'ru', NULL, NULL, 'Ресторан \"Nairi Patio\"', NULL, '2019-10-11 15:31:45', '2019-10-11 15:31:45'),
(2162, 1081, 'ua', NULL, NULL, 'Ресторан \"Nairi Patio\"', NULL, '2019-10-11 15:31:45', '2019-10-11 15:31:45'),
(2163, 1082, 'ru', NULL, NULL, 'Ресторан \"Nairi Patio\"', NULL, '2019-10-11 15:31:45', '2019-10-11 15:31:45'),
(2164, 1082, 'ua', NULL, NULL, 'Ресторан \"Nairi Patio\"', NULL, '2019-10-11 15:31:45', '2019-10-11 15:31:45'),
(2165, 1083, 'ru', NULL, NULL, 'Ресторан \"Nairi Patio\"', NULL, '2019-10-11 15:31:45', '2019-10-11 15:31:45'),
(2166, 1083, 'ua', NULL, NULL, 'Ресторан \"Nairi Patio\"', NULL, '2019-10-11 15:31:45', '2019-10-11 15:31:45'),
(2167, 1084, 'ru', NULL, NULL, 'Ресторан \"Nairi Patio\"', NULL, '2019-10-11 15:31:46', '2019-10-11 15:31:46'),
(2168, 1084, 'ua', NULL, NULL, 'Ресторан \"Nairi Patio\"', NULL, '2019-10-11 15:31:46', '2019-10-11 15:31:46'),
(2169, 1085, 'ru', NULL, NULL, 'Ресторан \"Nairi Patio\"', NULL, '2019-10-11 15:31:46', '2019-10-11 15:31:46'),
(2170, 1085, 'ua', NULL, NULL, 'Ресторан \"Nairi Patio\"', NULL, '2019-10-11 15:31:46', '2019-10-11 15:31:46'),
(2171, 1086, 'ru', NULL, NULL, 'Ресторан \"Nairi Patio\"', NULL, '2019-10-11 15:31:46', '2019-10-11 15:31:46'),
(2172, 1086, 'ua', NULL, NULL, 'Ресторан \"Nairi Patio\"', NULL, '2019-10-11 15:31:46', '2019-10-11 15:31:46'),
(2173, 1087, 'ru', NULL, NULL, 'Ресторан \"Nairi Patio\"', NULL, '2019-10-11 15:31:46', '2019-10-11 15:31:46'),
(2174, 1087, 'ua', NULL, NULL, 'Ресторан \"Nairi Patio\"', NULL, '2019-10-11 15:31:46', '2019-10-11 15:31:46'),
(2175, 1088, 'ru', NULL, NULL, 'Ресторан \"Nairi Patio\"', NULL, '2019-10-11 15:31:46', '2019-10-11 15:31:46'),
(2176, 1088, 'ua', NULL, NULL, 'Ресторан \"Nairi Patio\"', NULL, '2019-10-11 15:31:46', '2019-10-11 15:31:46'),
(2177, 1089, 'ru', NULL, NULL, 'Ресторан \"Aristocrate\"', NULL, '2019-10-11 15:43:58', '2019-10-11 15:43:58'),
(2178, 1089, 'ua', NULL, NULL, 'Ресторан \"Aristocrate\"', NULL, '2019-10-11 15:43:58', '2019-10-11 15:43:58'),
(2179, 1090, 'ru', NULL, NULL, 'Ресторан \"Aristocrate\"', NULL, '2019-10-11 15:43:58', '2019-10-11 15:43:58'),
(2180, 1090, 'ua', NULL, NULL, 'Ресторан \"Aristocrate\"', NULL, '2019-10-11 15:43:58', '2019-10-11 15:43:58'),
(2181, 1091, 'ru', NULL, NULL, 'Ресторан \"Aristocrate\"', NULL, '2019-10-11 15:43:58', '2019-10-11 15:43:58'),
(2182, 1091, 'ua', NULL, NULL, 'Ресторан \"Aristocrate\"', NULL, '2019-10-11 15:43:58', '2019-10-11 15:43:58'),
(2183, 1092, 'ru', NULL, NULL, 'Ресторан \"Aristocrate\"', NULL, '2019-10-11 15:43:58', '2019-10-11 15:43:58'),
(2184, 1092, 'ua', NULL, NULL, 'Ресторан \"Aristocrate\"', NULL, '2019-10-11 15:43:58', '2019-10-11 15:43:58'),
(2185, 1093, 'ru', NULL, NULL, 'Ресторан грузинской кухни \"OneGogi\"', NULL, '2019-10-15 10:07:01', '2019-10-15 10:07:01'),
(2186, 1093, 'ua', NULL, NULL, 'Ресторан грузинської кухни \"OneGogi\"', NULL, '2019-10-15 10:07:01', '2019-10-15 10:07:01'),
(2187, 1094, 'ru', NULL, NULL, 'Ресторан грузинской кухни \"OneGogi\"', NULL, '2019-10-15 10:07:01', '2019-10-15 10:07:01'),
(2188, 1094, 'ua', NULL, NULL, 'Ресторан грузинської кухни \"OneGogi\"', NULL, '2019-10-15 10:07:01', '2019-10-15 10:07:01'),
(2189, 1095, 'ru', NULL, NULL, 'Ресторан грузинской кухни \"OneGogi\"', NULL, '2019-10-15 10:07:01', '2019-10-15 10:07:01'),
(2190, 1095, 'ua', NULL, NULL, 'Ресторан грузинської кухни \"OneGogi\"', NULL, '2019-10-15 10:07:01', '2019-10-15 10:07:01'),
(2191, 1096, 'ru', NULL, NULL, 'Ресторан грузинской кухни \"OneGogi\"', NULL, '2019-10-15 10:07:01', '2019-10-15 10:07:01'),
(2192, 1096, 'ua', NULL, NULL, 'Ресторан грузинської кухни \"OneGogi\"', NULL, '2019-10-15 10:07:01', '2019-10-15 10:07:01'),
(2193, 1097, 'ru', NULL, NULL, 'Ресторан грузинской кухни \"OneGogi\"', NULL, '2019-10-15 10:07:01', '2019-10-15 10:07:01'),
(2194, 1097, 'ua', NULL, NULL, 'Ресторан грузинської кухни \"OneGogi\"', NULL, '2019-10-15 10:07:01', '2019-10-15 10:07:01'),
(2195, 1098, 'ru', NULL, NULL, 'Ресторан грузинской кухни \"OneGogi\"', NULL, '2019-10-15 10:07:01', '2019-10-15 10:07:01'),
(2196, 1098, 'ua', NULL, NULL, 'Ресторан грузинської кухни \"OneGogi\"', NULL, '2019-10-15 10:07:01', '2019-10-15 10:07:01'),
(2197, 1099, 'ru', NULL, NULL, 'Ресторан \"Вилла Олива\"', NULL, '2019-10-15 10:14:57', '2019-10-15 10:14:57'),
(2198, 1099, 'ua', NULL, NULL, 'Ресторан \"Вілла Олива\"', NULL, '2019-10-15 10:14:57', '2019-10-15 10:14:57'),
(2199, 1100, 'ru', NULL, NULL, 'Ресторан \"Вилла Олива\"', NULL, '2019-10-15 10:14:57', '2019-10-15 10:14:57'),
(2200, 1100, 'ua', NULL, NULL, 'Ресторан \"Вілла Олива\"', NULL, '2019-10-15 10:14:57', '2019-10-15 10:14:57'),
(2201, 1101, 'ru', NULL, NULL, 'Ресторан \"Вилла Олива\"', NULL, '2019-10-15 10:14:57', '2019-10-15 10:14:57'),
(2202, 1101, 'ua', NULL, NULL, 'Ресторан \"Вілла Олива\"', NULL, '2019-10-15 10:14:57', '2019-10-15 10:14:57'),
(2203, 1102, 'ru', NULL, NULL, 'Ресторан \"Вилла Олива\"', NULL, '2019-10-15 10:14:57', '2019-10-15 10:14:57'),
(2204, 1102, 'ua', NULL, NULL, 'Ресторан \"Вілла Олива\"', NULL, '2019-10-15 10:14:57', '2019-10-15 10:14:57'),
(2205, 1103, 'ru', NULL, NULL, 'Ресторан \"Вилла Олива\"', NULL, '2019-10-15 10:14:57', '2019-10-15 10:14:57'),
(2206, 1103, 'ua', NULL, NULL, 'Ресторан \"Вілла Олива\"', NULL, '2019-10-15 10:14:57', '2019-10-15 10:14:57'),
(2207, 1104, 'ru', NULL, NULL, 'Ресторан \"Вилла Олива\"', NULL, '2019-10-15 10:14:57', '2019-10-15 10:14:57'),
(2208, 1104, 'ua', NULL, NULL, 'Ресторан \"Вілла Олива\"', NULL, '2019-10-15 10:14:57', '2019-10-15 10:14:57'),
(2209, 1105, 'ru', NULL, NULL, 'Ресторан \"Корона Витовта\"', NULL, '2019-10-15 10:37:52', '2019-10-15 10:37:52'),
(2210, 1105, 'ua', NULL, NULL, 'Ресторан \"Корона Витовта\"', NULL, '2019-10-15 10:37:52', '2019-10-15 10:37:52'),
(2211, 1106, 'ru', NULL, NULL, 'Ресторан \"Корона Витовта\"', NULL, '2019-10-15 10:37:52', '2019-10-15 10:37:52'),
(2212, 1106, 'ua', NULL, NULL, 'Ресторан \"Корона Витовта\"', NULL, '2019-10-15 10:37:52', '2019-10-15 10:37:52'),
(2213, 1107, 'ru', NULL, NULL, 'Ресторан \"Корона Витовта\"', NULL, '2019-10-15 10:37:52', '2019-10-15 10:37:52'),
(2214, 1107, 'ua', NULL, NULL, 'Ресторан \"Корона Витовта\"', NULL, '2019-10-15 10:37:52', '2019-10-15 10:37:52'),
(2215, 1108, 'ru', NULL, NULL, 'Ресторан \"Корона Витовта\"', NULL, '2019-10-15 10:37:52', '2019-10-15 10:37:52'),
(2216, 1108, 'ua', NULL, NULL, 'Ресторан \"Корона Витовта\"', NULL, '2019-10-15 10:37:52', '2019-10-15 10:37:52'),
(2217, 1109, 'ru', NULL, NULL, 'Ресторан \"Корона Витовта\"', NULL, '2019-10-15 10:37:52', '2019-10-15 10:37:52'),
(2218, 1109, 'ua', NULL, NULL, 'Ресторан \"Корона Витовта\"', NULL, '2019-10-15 10:37:52', '2019-10-15 10:37:52'),
(2219, 1110, 'ru', NULL, NULL, 'Ресторан \"Корона Витовта\"', NULL, '2019-10-15 10:37:52', '2019-10-15 10:37:52'),
(2220, 1110, 'ua', NULL, NULL, 'Ресторан \"Корона Витовта\"', NULL, '2019-10-15 10:37:52', '2019-10-15 10:37:52'),
(2221, 1111, 'ru', NULL, NULL, 'Ресторан \"Корона Витовта\"', NULL, '2019-10-15 10:37:52', '2019-10-15 10:37:52'),
(2222, 1111, 'ua', NULL, NULL, 'Ресторан \"Корона Витовта\"', NULL, '2019-10-15 10:37:52', '2019-10-15 10:37:52'),
(2223, 1112, 'ru', NULL, NULL, 'Ресторан \"Корона Витовта\"', NULL, '2019-10-15 10:37:52', '2019-10-15 10:37:52'),
(2224, 1112, 'ua', NULL, NULL, 'Ресторан \"Корона Витовта\"', NULL, '2019-10-15 10:37:52', '2019-10-15 10:37:52'),
(2225, 1113, 'ru', NULL, NULL, 'Ресторан \"Черное Золото\"', NULL, '2019-10-15 11:50:15', '2019-10-15 11:50:15'),
(2226, 1113, 'ua', NULL, NULL, 'Ресторан \"Чорне Золото\"', NULL, '2019-10-15 11:50:15', '2019-10-15 11:50:15'),
(2227, 1114, 'ru', NULL, NULL, 'Ресторан \"Черное Золото\"', NULL, '2019-10-15 11:50:15', '2019-10-15 11:50:15'),
(2228, 1114, 'ua', NULL, NULL, 'Ресторан \"Чорне Золото\"', NULL, '2019-10-15 11:50:15', '2019-10-15 11:50:15'),
(2229, 1115, 'ru', NULL, NULL, 'Ресторан \"Черное Золото\"', NULL, '2019-10-15 11:50:15', '2019-10-15 11:50:15'),
(2230, 1115, 'ua', NULL, NULL, 'Ресторан \"Чорне Золото\"', NULL, '2019-10-15 11:50:15', '2019-10-15 11:50:15'),
(2231, 1116, 'ru', NULL, NULL, 'Ресторан \"Черное Золото\"', NULL, '2019-10-15 11:50:15', '2019-10-15 11:50:15'),
(2232, 1116, 'ua', NULL, NULL, 'Ресторан \"Чорне Золото\"', NULL, '2019-10-15 11:50:15', '2019-10-15 11:50:15'),
(2233, 1117, 'ru', NULL, NULL, 'Ресторан \"Черное Золото\"', NULL, '2019-10-15 11:50:15', '2019-10-15 11:50:15'),
(2234, 1117, 'ua', NULL, NULL, 'Ресторан \"Чорне Золото\"', NULL, '2019-10-15 11:50:15', '2019-10-15 11:50:15'),
(2235, 1118, 'ru', NULL, NULL, 'Ресторан \"Черное Золото\"', NULL, '2019-10-15 11:50:15', '2019-10-15 11:50:15'),
(2236, 1118, 'ua', NULL, NULL, 'Ресторан \"Чорне Золото\"', NULL, '2019-10-15 11:50:15', '2019-10-15 11:50:15'),
(2237, 1119, 'ru', NULL, NULL, 'Ресторан \"Черное Золото\"', NULL, '2019-10-15 11:50:15', '2019-10-15 11:50:15'),
(2238, 1119, 'ua', NULL, NULL, 'Ресторан \"Чорне Золото\"', NULL, '2019-10-15 11:50:15', '2019-10-15 11:50:15'),
(2239, 1120, 'ru', NULL, NULL, 'Ресторан \"Черное Золото\"', NULL, '2019-10-15 11:50:15', '2019-10-15 11:50:15'),
(2240, 1120, 'ua', NULL, NULL, 'Ресторан \"Чорне Золото\"', NULL, '2019-10-15 11:50:15', '2019-10-15 11:50:15'),
(2241, 1121, 'ru', NULL, NULL, 'Ресторан \"Черное Золото\"', NULL, '2019-10-15 11:50:15', '2019-10-15 11:50:15'),
(2242, 1121, 'ua', NULL, NULL, 'Ресторан \"Чорне Золото\"', NULL, '2019-10-15 11:50:15', '2019-10-15 11:50:15'),
(2243, 1122, 'ru', NULL, NULL, 'Ресторан \"Прага\"', NULL, '2019-10-15 12:00:50', '2019-10-15 12:00:50'),
(2244, 1122, 'ua', NULL, NULL, 'Ресторан \"Прага\"', NULL, '2019-10-15 12:00:50', '2019-10-15 12:00:50'),
(2245, 1123, 'ru', NULL, NULL, 'Ресторан \"Прага\"', NULL, '2019-10-15 12:00:50', '2019-10-15 12:00:50'),
(2246, 1123, 'ua', NULL, NULL, 'Ресторан \"Прага\"', NULL, '2019-10-15 12:00:50', '2019-10-15 12:00:50'),
(2247, 1124, 'ru', NULL, NULL, 'Ресторан \"Прага\"', NULL, '2019-10-15 12:00:50', '2019-10-15 12:00:50'),
(2248, 1124, 'ua', NULL, NULL, 'Ресторан \"Прага\"', NULL, '2019-10-15 12:00:50', '2019-10-15 12:00:50'),
(2249, 1125, 'ru', NULL, NULL, 'Ресторан \"Прага\"', NULL, '2019-10-15 12:00:51', '2019-10-15 12:00:51'),
(2250, 1125, 'ua', NULL, NULL, 'Ресторан \"Прага\"', NULL, '2019-10-15 12:00:51', '2019-10-15 12:00:51'),
(2251, 1126, 'ru', NULL, NULL, 'Ресторан \"Прага\"', NULL, '2019-10-15 12:00:51', '2019-10-15 12:00:51'),
(2252, 1126, 'ua', NULL, NULL, 'Ресторан \"Прага\"', NULL, '2019-10-15 12:00:51', '2019-10-15 12:00:51'),
(2253, 1127, 'ru', NULL, NULL, 'Ресторан \"Прага\"', NULL, '2019-10-15 12:00:51', '2019-10-15 12:00:51'),
(2254, 1127, 'ua', NULL, NULL, 'Ресторан \"Прага\"', NULL, '2019-10-15 12:00:51', '2019-10-15 12:00:51'),
(2255, 1128, 'ru', NULL, NULL, 'Ресторан \"Прага\"', NULL, '2019-10-15 12:00:51', '2019-10-15 12:00:51'),
(2256, 1128, 'ua', NULL, NULL, 'Ресторан \"Прага\"', NULL, '2019-10-15 12:00:51', '2019-10-15 12:00:51'),
(2259, 1130, 'ru', NULL, NULL, 'Ресторан \"Прага\"', NULL, '2019-10-15 12:00:51', '2019-10-15 12:00:51'),
(2260, 1130, 'ua', NULL, NULL, 'Ресторан \"Прага\"', NULL, '2019-10-15 12:00:51', '2019-10-15 12:00:51'),
(2261, 1131, 'ru', NULL, NULL, 'Ресторан \"Прага\"', NULL, '2019-10-15 12:00:51', '2019-10-15 12:00:51'),
(2262, 1131, 'ua', NULL, NULL, 'Ресторан \"Прага\"', NULL, '2019-10-15 12:00:51', '2019-10-15 12:00:51'),
(2263, 1132, 'ru', NULL, NULL, 'Ресторан \"Tereveni\"', NULL, '2019-10-15 12:20:31', '2019-10-15 12:20:31'),
(2264, 1132, 'ua', NULL, NULL, 'Ресторан \"Tereveni\"', NULL, '2019-10-15 12:20:31', '2019-10-15 12:20:31'),
(2265, 1133, 'ru', NULL, NULL, 'Ресторан \"Tereveni\"', NULL, '2019-10-15 12:20:31', '2019-10-15 12:20:31'),
(2266, 1133, 'ua', NULL, NULL, 'Ресторан \"Tereveni\"', NULL, '2019-10-15 12:20:31', '2019-10-15 12:20:31'),
(2267, 1134, 'ru', NULL, NULL, 'Ресторан \"Tereveni\"', NULL, '2019-10-15 12:20:31', '2019-10-15 12:20:31'),
(2268, 1134, 'ua', NULL, NULL, 'Ресторан \"Tereveni\"', NULL, '2019-10-15 12:20:31', '2019-10-15 12:20:31'),
(2269, 1135, 'ru', NULL, NULL, 'Ресторан \"Tereveni\"', NULL, '2019-10-15 12:20:31', '2019-10-15 12:20:31'),
(2270, 1135, 'ua', NULL, NULL, 'Ресторан \"Tereveni\"', NULL, '2019-10-15 12:20:31', '2019-10-15 12:20:31'),
(2271, 1136, 'ru', NULL, NULL, 'Ресторан \"Tereveni\"', NULL, '2019-10-15 12:20:31', '2019-10-15 12:20:31'),
(2272, 1136, 'ua', NULL, NULL, 'Ресторан \"Tereveni\"', NULL, '2019-10-15 12:20:31', '2019-10-15 12:20:31'),
(2273, 1137, 'ru', NULL, NULL, 'Ресторан \"Tereveni\"', NULL, '2019-10-15 12:20:31', '2019-10-15 12:20:31'),
(2274, 1137, 'ua', NULL, NULL, 'Ресторан \"Tereveni\"', NULL, '2019-10-15 12:20:31', '2019-10-15 12:20:31'),
(2275, 1138, 'ru', NULL, NULL, 'Ресторан \"Tereveni\"', NULL, '2019-10-15 12:20:31', '2019-10-15 12:20:31'),
(2276, 1138, 'ua', NULL, NULL, 'Ресторан \"Tereveni\"', NULL, '2019-10-15 12:20:31', '2019-10-15 12:20:31'),
(2277, 1139, 'ru', NULL, NULL, 'Ресторан \"Tereveni\"', NULL, '2019-10-15 12:20:31', '2019-10-15 12:20:31'),
(2278, 1139, 'ua', NULL, NULL, 'Ресторан \"Tereveni\"', NULL, '2019-10-15 12:20:31', '2019-10-15 12:20:31'),
(2279, 1140, 'ru', NULL, NULL, 'Ресторан \"Tereveni\"', NULL, '2019-10-15 12:20:31', '2019-10-15 12:20:31'),
(2280, 1140, 'ua', NULL, NULL, 'Ресторан \"Tereveni\"', NULL, '2019-10-15 12:20:31', '2019-10-15 12:20:31'),
(2281, 1141, 'ru', NULL, NULL, 'Ресторан \"Tereveni\"', NULL, '2019-10-15 12:20:31', '2019-10-15 12:20:31'),
(2282, 1141, 'ua', NULL, NULL, 'Ресторан \"Tereveni\"', NULL, '2019-10-15 12:20:31', '2019-10-15 12:20:31'),
(2283, 1142, 'ru', NULL, NULL, '\"Cafe de Vino\"', NULL, '2019-10-15 12:28:39', '2019-10-15 12:28:39'),
(2284, 1142, 'ua', NULL, NULL, '\"Cafe de Vino\"', NULL, '2019-10-15 12:28:39', '2019-10-15 12:28:39'),
(2285, 1143, 'ru', NULL, NULL, '\"Cafe de Vino\"', NULL, '2019-10-15 12:28:40', '2019-10-15 12:28:40'),
(2286, 1143, 'ua', NULL, NULL, '\"Cafe de Vino\"', NULL, '2019-10-15 12:28:40', '2019-10-15 12:28:40'),
(2287, 1144, 'ru', NULL, NULL, '\"Cafe de Vino\"', NULL, '2019-10-15 12:28:40', '2019-10-15 12:28:40'),
(2288, 1144, 'ua', NULL, NULL, '\"Cafe de Vino\"', NULL, '2019-10-15 12:28:40', '2019-10-15 12:28:40'),
(2289, 1145, 'ru', NULL, NULL, '\"Cafe de Vino\"', NULL, '2019-10-15 12:28:40', '2019-10-15 12:28:40'),
(2290, 1145, 'ua', NULL, NULL, '\"Cafe de Vino\"', NULL, '2019-10-15 12:28:40', '2019-10-15 12:28:40'),
(2291, 1146, 'ru', NULL, NULL, '\"Cafe de Vino\"', NULL, '2019-10-15 12:28:40', '2019-10-15 12:28:40'),
(2292, 1146, 'ua', NULL, NULL, '\"Cafe de Vino\"', NULL, '2019-10-15 12:28:40', '2019-10-15 12:28:40'),
(2293, 1147, 'ru', NULL, NULL, 'Ресторан \"PRIRODA\"', NULL, '2019-10-15 12:47:25', '2019-10-15 12:47:25'),
(2294, 1147, 'ua', NULL, NULL, 'Ресторан \"PRIRODA\"', NULL, '2019-10-15 12:47:25', '2019-10-15 12:47:25'),
(2295, 1148, 'ru', NULL, NULL, 'Ресторан \"PRIRODA\"', NULL, '2019-10-15 12:47:25', '2019-10-15 12:47:25'),
(2296, 1148, 'ua', NULL, NULL, 'Ресторан \"PRIRODA\"', NULL, '2019-10-15 12:47:25', '2019-10-15 12:47:25'),
(2297, 1149, 'ru', NULL, NULL, 'Ресторан \"PRIRODA\"', NULL, '2019-10-15 12:47:25', '2019-10-15 12:47:25'),
(2298, 1149, 'ua', NULL, NULL, 'Ресторан \"PRIRODA\"', NULL, '2019-10-15 12:47:25', '2019-10-15 12:47:25'),
(2299, 1150, 'ru', NULL, NULL, 'Ресторан \"PRIRODA\"', NULL, '2019-10-15 12:47:25', '2019-10-15 12:47:25'),
(2300, 1150, 'ua', NULL, NULL, 'Ресторан \"PRIRODA\"', NULL, '2019-10-15 12:47:25', '2019-10-15 12:47:25'),
(2301, 1151, 'ru', NULL, NULL, 'Ресторан \"PRIRODA\"', NULL, '2019-10-15 12:47:25', '2019-10-15 12:47:25'),
(2302, 1151, 'ua', NULL, NULL, 'Ресторан \"PRIRODA\"', NULL, '2019-10-15 12:47:25', '2019-10-15 12:47:25'),
(2303, 1152, 'ru', NULL, NULL, 'Ресторан \"PRIRODA\"', NULL, '2019-10-15 12:47:25', '2019-10-15 12:47:25'),
(2304, 1152, 'ua', NULL, NULL, 'Ресторан \"PRIRODA\"', NULL, '2019-10-15 12:47:25', '2019-10-15 12:47:25'),
(2307, 1154, 'ru', NULL, NULL, 'Ресторан \"PRIRODA\"', NULL, '2019-10-15 12:47:25', '2019-10-15 12:47:25'),
(2308, 1154, 'ua', NULL, NULL, 'Ресторан \"PRIRODA\"', NULL, '2019-10-15 12:47:25', '2019-10-15 12:47:25'),
(2309, 1155, 'ru', NULL, NULL, 'Ресторан \"PRIRODA\"', NULL, '2019-10-15 12:47:25', '2019-10-15 12:47:25'),
(2310, 1155, 'ua', NULL, NULL, 'Ресторан \"PRIRODA\"', NULL, '2019-10-15 12:47:25', '2019-10-15 12:47:25'),
(2311, 1156, 'ru', NULL, NULL, 'Ресторан \"PRIRODA\"', NULL, '2019-10-15 12:47:25', '2019-10-15 12:47:25'),
(2312, 1156, 'ua', NULL, NULL, 'Ресторан \"PRIRODA\"', NULL, '2019-10-15 12:47:25', '2019-10-15 12:47:25'),
(2313, 1157, 'ru', NULL, NULL, 'Ресторан \"PRIRODA\"', NULL, '2019-10-15 12:47:25', '2019-10-15 12:47:25'),
(2314, 1157, 'ua', NULL, NULL, 'Ресторан \"PRIRODA\"', NULL, '2019-10-15 12:47:25', '2019-10-15 12:47:25'),
(2315, 1158, 'ru', NULL, NULL, 'Ресторан \"Терновник\"', NULL, '2019-10-15 13:22:10', '2019-10-15 13:22:10'),
(2316, 1158, 'ua', NULL, NULL, 'Ресторан \"Терновник\"', NULL, '2019-10-15 13:22:10', '2019-10-15 13:22:10'),
(2317, 1159, 'ru', NULL, NULL, 'Ресторан \"Терновник\"', NULL, '2019-10-15 13:22:10', '2019-10-15 13:22:10'),
(2318, 1159, 'ua', NULL, NULL, 'Ресторан \"Терновник\"', NULL, '2019-10-15 13:22:10', '2019-10-15 13:22:10'),
(2319, 1160, 'ru', NULL, NULL, 'Ресторан \"Терновник\"', NULL, '2019-10-15 13:22:10', '2019-10-15 13:22:10'),
(2320, 1160, 'ua', NULL, NULL, 'Ресторан \"Терновник\"', NULL, '2019-10-15 13:22:10', '2019-10-15 13:22:10'),
(2321, 1161, 'ru', NULL, NULL, 'Ресторан \"Терновник\"', NULL, '2019-10-15 13:22:10', '2019-10-15 13:22:10'),
(2322, 1161, 'ua', NULL, NULL, 'Ресторан \"Терновник\"', NULL, '2019-10-15 13:22:10', '2019-10-15 13:22:10'),
(2323, 1162, 'ru', NULL, NULL, 'Ресторан \"Терновник\"', NULL, '2019-10-15 13:22:10', '2019-10-15 13:22:10'),
(2324, 1162, 'ua', NULL, NULL, 'Ресторан \"Терновник\"', NULL, '2019-10-15 13:22:10', '2019-10-15 13:22:10'),
(2325, 1163, 'ru', NULL, NULL, 'Ресторан \"Терновник\"', NULL, '2019-10-15 13:22:10', '2019-10-15 13:22:10'),
(2326, 1163, 'ua', NULL, NULL, 'Ресторан \"Терновник\"', NULL, '2019-10-15 13:22:10', '2019-10-15 13:22:10'),
(2327, 1164, 'ru', NULL, NULL, 'Ресторан \"Терновник\"', NULL, '2019-10-15 13:22:10', '2019-10-15 13:22:10'),
(2328, 1164, 'ua', NULL, NULL, 'Ресторан \"Терновник\"', NULL, '2019-10-15 13:22:10', '2019-10-15 13:22:10'),
(2329, 1165, 'ru', NULL, NULL, 'Ресторан \"Терновник\"', NULL, '2019-10-15 13:22:10', '2019-10-15 13:22:10'),
(2330, 1165, 'ua', NULL, NULL, 'Ресторан \"Терновник\"', NULL, '2019-10-15 13:22:10', '2019-10-15 13:22:10'),
(2331, 1166, 'ru', NULL, NULL, 'Ресторан \"Вилен\"', NULL, '2019-10-15 13:44:57', '2019-10-15 13:44:57'),
(2332, 1166, 'ua', NULL, NULL, 'Ресторан \"Вилен\"', NULL, '2019-10-15 13:44:57', '2019-10-15 13:44:57'),
(2333, 1167, 'ru', NULL, NULL, 'Ресторан \"Вилен\"', NULL, '2019-10-15 13:44:57', '2019-10-15 13:44:57'),
(2334, 1167, 'ua', NULL, NULL, 'Ресторан \"Вилен\"', NULL, '2019-10-15 13:44:57', '2019-10-15 13:44:57'),
(2335, 1168, 'ru', NULL, NULL, 'Ресторан \"Вилен\"', NULL, '2019-10-15 13:44:57', '2019-10-15 13:44:57'),
(2336, 1168, 'ua', NULL, NULL, 'Ресторан \"Вилен\"', NULL, '2019-10-15 13:44:57', '2019-10-15 13:44:57'),
(2337, 1169, 'ru', NULL, NULL, 'Ресторан \"Вилен\"', NULL, '2019-10-15 13:44:57', '2019-10-15 13:44:57'),
(2338, 1169, 'ua', NULL, NULL, 'Ресторан \"Вилен\"', NULL, '2019-10-15 13:44:57', '2019-10-15 13:44:57'),
(2339, 1170, 'ru', NULL, NULL, 'Ресторан \"Вилен\"', NULL, '2019-10-15 13:44:57', '2019-10-15 13:44:57'),
(2340, 1170, 'ua', NULL, NULL, 'Ресторан \"Вилен\"', NULL, '2019-10-15 13:44:57', '2019-10-15 13:44:57'),
(2341, 1171, 'ru', NULL, NULL, 'Ресторан \"Вилен\"', NULL, '2019-10-15 13:44:57', '2019-10-15 13:44:57'),
(2342, 1171, 'ua', NULL, NULL, 'Ресторан \"Вилен\"', NULL, '2019-10-15 13:44:57', '2019-10-15 13:44:57'),
(2343, 1172, 'ru', NULL, NULL, 'Ресторан \"Tango\"', NULL, '2019-10-15 13:58:12', '2019-10-15 13:58:12'),
(2344, 1172, 'ua', NULL, NULL, 'Ресторан \"Tango\"', NULL, '2019-10-15 13:58:12', '2019-10-15 13:58:12'),
(2345, 1173, 'ru', NULL, NULL, 'Ресторан \"Tango\"', NULL, '2019-10-15 13:58:12', '2019-10-15 13:58:12'),
(2346, 1173, 'ua', NULL, NULL, 'Ресторан \"Tango\"', NULL, '2019-10-15 13:58:12', '2019-10-15 13:58:12'),
(2347, 1174, 'ru', NULL, NULL, 'Ресторан \"Tango\"', NULL, '2019-10-15 13:58:12', '2019-10-15 13:58:12'),
(2348, 1174, 'ua', NULL, NULL, 'Ресторан \"Tango\"', NULL, '2019-10-15 13:58:12', '2019-10-15 13:58:12'),
(2349, 1175, 'ru', NULL, NULL, 'Ресторан \"Tango\"', NULL, '2019-10-15 13:58:12', '2019-10-15 13:58:12'),
(2350, 1175, 'ua', NULL, NULL, 'Ресторан \"Tango\"', NULL, '2019-10-15 13:58:12', '2019-10-15 13:58:12'),
(2351, 1176, 'ru', NULL, NULL, 'Ресторан \"Tango\"', NULL, '2019-10-15 13:58:12', '2019-10-15 13:58:12'),
(2352, 1176, 'ua', NULL, NULL, 'Ресторан \"Tango\"', NULL, '2019-10-15 13:58:12', '2019-10-15 13:58:12'),
(2353, 1177, 'ru', NULL, NULL, 'Ресторан \"Tango\"', NULL, '2019-10-15 13:58:12', '2019-10-15 13:58:12'),
(2354, 1177, 'ua', NULL, NULL, 'Ресторан \"Tango\"', NULL, '2019-10-15 13:58:12', '2019-10-15 13:58:12'),
(2355, 1178, 'ru', NULL, NULL, 'Ресторан \"Царское село\"', NULL, '2019-10-15 14:09:34', '2019-10-15 14:09:34'),
(2356, 1178, 'ua', NULL, NULL, 'Ресторан \"Царське село\"', NULL, '2019-10-15 14:09:34', '2019-10-15 14:09:34'),
(2357, 1179, 'ru', NULL, NULL, 'Ресторан \"Царское село\"', NULL, '2019-10-15 14:09:34', '2019-10-15 14:09:34'),
(2358, 1179, 'ua', NULL, NULL, 'Ресторан \"Царське село\"', NULL, '2019-10-15 14:09:34', '2019-10-15 14:09:34'),
(2359, 1180, 'ru', NULL, NULL, 'Ресторан \"Царское село\"', NULL, '2019-10-15 14:09:34', '2019-10-15 14:09:34'),
(2360, 1180, 'ua', NULL, NULL, 'Ресторан \"Царське село\"', NULL, '2019-10-15 14:09:34', '2019-10-15 14:09:34'),
(2361, 1181, 'ru', NULL, NULL, 'Ресторан \"Царское село\"', NULL, '2019-10-15 14:09:34', '2019-10-15 14:09:34'),
(2362, 1181, 'ua', NULL, NULL, 'Ресторан \"Царське село\"', NULL, '2019-10-15 14:09:34', '2019-10-15 14:09:34'),
(2363, 1182, 'ru', NULL, NULL, 'Ресторан \"Царское село\"', NULL, '2019-10-15 14:09:34', '2019-10-15 14:09:34'),
(2364, 1182, 'ua', NULL, NULL, 'Ресторан \"Царське село\"', NULL, '2019-10-15 14:09:34', '2019-10-15 14:09:34'),
(2365, 1183, 'ru', NULL, NULL, 'Ресторан \"Царское село\"', NULL, '2019-10-15 14:09:34', '2019-10-15 14:09:34'),
(2366, 1183, 'ua', NULL, NULL, 'Ресторан \"Царське село\"', NULL, '2019-10-15 14:09:34', '2019-10-15 14:09:34'),
(2367, 1184, 'ru', NULL, NULL, 'Ресторан \"Царское село\"', NULL, '2019-10-15 14:09:34', '2019-10-15 14:09:34'),
(2368, 1184, 'ua', NULL, NULL, 'Ресторан \"Царське село\"', NULL, '2019-10-15 14:09:34', '2019-10-15 14:09:34'),
(2369, 1185, 'ru', NULL, NULL, 'Ресторан \"Царское село\"', NULL, '2019-10-15 14:09:34', '2019-10-15 14:09:34'),
(2370, 1185, 'ua', NULL, NULL, 'Ресторан \"Царське село\"', NULL, '2019-10-15 14:09:34', '2019-10-15 14:09:34');

--
-- Дамп данных таблицы `gallery_langs`
--

INSERT INTO `gallery_langs` (`id`, `lang`, `gallery_id`, `name`, `created_at`, `updated_at`) VALUES
(1, 'ru', 1, 'Gallery:Ресторан «IRIS art RESTAURANT»', '2019-09-23 15:36:22', '2019-09-23 15:36:22'),
(2, 'ua', 1, 'Gallery:Ресторан «IRIS art RESTAURANT»', '2019-09-23 15:36:22', '2019-09-23 15:36:22'),
(3, 'ru', 2, 'Gallery:Банкетный зал', '2019-09-23 15:55:15', '2019-09-23 15:55:15'),
(4, 'ua', 2, 'Gallery:Банкетний зал', '2019-09-23 15:55:15', '2019-09-23 15:55:15'),
(5, 'ru', 3, 'Gallery:Летняя терраса', '2019-09-23 16:02:42', '2019-09-23 16:02:42'),
(6, 'ua', 3, 'Gallery:Літня тераса', '2019-09-23 16:02:42', '2019-09-23 16:02:42'),
(7, 'ru', 4, 'Gallery:Отель \"Ирис\"', '2019-09-23 16:06:52', '2019-09-23 16:06:52'),
(8, 'ua', 4, 'Gallery:Готель \"Ірис\"', '2019-09-23 16:06:52', '2019-09-23 16:06:52'),
(9, 'ru', 5, 'Menu:Ресторан «IRIS art RESTAURANT»', '2019-09-23 16:21:06', '2019-09-23 16:21:06'),
(10, 'ua', 5, 'Menu:Ресторан «IRIS art RESTAURANT»', '2019-09-23 16:21:06', '2019-09-23 16:21:06'),
(11, 'ru', 6, 'Menu:Ресторанный комплекс «Мисто»', '2019-09-24 11:42:47', '2019-09-24 11:42:47'),
(12, 'ua', 6, 'Menu:Ресторанний комплекс «Місто»', '2019-09-24 11:42:47', '2019-09-24 11:42:47'),
(13, 'ru', 7, 'Gallery:Банкетный холл', '2019-09-24 12:48:38', '2019-09-24 12:48:38'),
(14, 'ua', 7, 'Gallery:Банкетний хол', '2019-09-24 12:48:38', '2019-09-24 12:48:38'),
(15, 'ru', 8, 'Gallery:Пивной ресторан', '2019-09-24 12:55:47', '2019-09-24 12:55:47'),
(16, 'ua', 8, 'Gallery:Пивний ресторан', '2019-09-24 12:55:47', '2019-09-24 12:55:47'),
(17, 'ru', 9, 'Gallery:Летняя терраса и аквазона', '2019-09-24 13:23:51', '2019-09-24 13:23:51'),
(18, 'ua', 9, 'Gallery:Літня тераса і аквазона', '2019-09-24 13:23:51', '2019-09-24 13:23:51'),
(19, 'ru', 10, 'Gallery:Отель \"Мисто\"', '2019-09-24 13:53:01', '2019-09-24 13:53:01'),
(20, 'ua', 10, 'Gallery:Готель \"Місто\"', '2019-09-24 13:53:01', '2019-09-24 13:53:01'),
(21, 'ru', 11, 'Menu:Ресторан «AltBier Vinoteka»', '2019-09-25 10:40:50', '2019-09-25 10:40:50'),
(22, 'ua', 11, 'Menu:Ресторан «AltBier Vinoteka»', '2019-09-25 10:40:50', '2019-09-25 10:40:50'),
(23, 'ru', 12, 'Gallery:Банкетный зал', '2019-09-25 10:47:27', '2019-09-25 10:47:27'),
(24, 'ua', 12, 'Gallery:Банкетний зал', '2019-09-25 10:47:27', '2019-09-25 10:47:27'),
(25, 'ru', 13, 'Gallery:Летняя терраса', '2019-09-25 10:48:53', '2019-09-25 10:48:53'),
(26, 'ua', 13, 'Gallery:Літня тераса', '2019-09-25 10:48:53', '2019-09-25 10:48:53'),
(27, 'ru', 14, 'Menu:Ресторан «Коляда»', '2019-09-25 10:53:47', '2019-09-25 10:53:47'),
(28, 'ua', 14, 'Menu:Ресторан «Коляда»', '2019-09-25 10:53:47', '2019-09-25 10:53:47'),
(29, 'ru', 15, 'Gallery:Банкетный зал на 1 этаже', '2019-09-25 11:05:00', '2019-09-25 11:05:00'),
(30, 'ua', 15, 'Gallery:анкетний зал на 1 поверсі', '2019-09-25 11:05:00', '2019-09-25 11:05:00'),
(31, 'ru', 16, 'Gallery:Банкетный зал на 2 этаже', '2019-09-25 11:06:20', '2019-09-25 11:06:20'),
(32, 'ua', 16, 'Gallery:Банкетний зал на 2 поверсі', '2019-09-25 11:06:20', '2019-09-25 11:06:20'),
(33, 'ru', 17, 'Gallery:Летняя веранда', '2019-09-25 11:07:57', '2019-09-25 11:07:57'),
(34, 'ua', 17, 'Gallery:Літня веранда', '2019-09-25 11:07:57', '2019-09-25 11:07:57'),
(35, 'ru', 18, 'Gallery:Отель \"Коляда\"', '2019-09-25 11:15:42', '2019-09-25 11:15:42'),
(36, 'ua', 18, 'Gallery:Готель \"Коляда\"', '2019-09-25 11:15:42', '2019-09-25 11:15:42'),
(37, 'ru', 19, 'Menu:Ресторан «Mani»', '2019-09-25 12:21:14', '2019-09-25 12:21:14'),
(38, 'ua', 19, 'Menu:Ресторан «Mani»', '2019-09-25 12:21:14', '2019-09-25 12:21:14'),
(39, 'ru', 20, 'Gallery:Банкетный зал', '2019-09-25 12:41:34', '2019-09-25 12:41:34'),
(40, 'ua', 20, 'Gallery:Банкетный зал', '2019-09-25 12:41:34', '2019-09-25 12:41:34'),
(41, 'ru', 21, 'Gallery:Караоке-зал', '2019-09-25 12:56:23', '2019-09-25 12:56:23'),
(42, 'ua', 21, 'Gallery:Караоке-зал', '2019-09-25 12:56:23', '2019-09-25 12:56:23'),
(43, 'ru', 22, 'Menu:Ресторанный комплекс «Традиция Resto Park»', '2019-09-25 13:07:27', '2019-09-25 13:07:27'),
(44, 'ua', 22, 'Menu:Ресторанний комплекс «Традиція Resto Park»', '2019-09-25 13:07:27', '2019-09-25 13:07:27'),
(45, 'ru', 23, 'Gallery:Банкетный зал \"Гетьман\"', '2019-09-25 13:20:20', '2019-09-25 13:20:20'),
(46, 'ua', 23, 'Gallery:Банкетний зал \"Гетьман\"', '2019-09-25 13:20:20', '2019-09-25 13:20:20'),
(47, 'ru', 24, 'Gallery:Банкетный зал', '2019-09-25 13:26:28', '2019-09-25 13:26:28'),
(48, 'ua', 24, 'Gallery:Банкетний зал', '2019-09-25 13:26:29', '2019-09-25 13:26:29'),
(49, 'ru', 25, 'Gallery:Конференц-зал', '2019-09-25 13:33:20', '2019-09-25 13:33:20'),
(50, 'ua', 25, 'Gallery:Конференц зал', '2019-09-25 13:33:20', '2019-09-25 13:33:20'),
(51, 'ru', 26, 'Gallery:Летняя терраса (домики, беседки, шатер)', '2019-09-25 13:35:05', '2019-09-25 13:35:05'),
(52, 'ua', 26, 'Gallery:Літня тераса (будиночки, альтанки, намет)', '2019-09-25 13:35:05', '2019-09-25 13:35:05'),
(53, 'ru', 27, 'Gallery:Аквазона \"Лето\"', '2019-09-25 14:01:01', '2019-09-25 14:01:01'),
(54, 'ua', 27, 'Gallery:Аквазона \"Літо\"', '2019-09-25 14:01:01', '2019-09-25 14:01:01'),
(55, 'ru', 28, 'Gallery:Отель \"Традиция\"', '2019-09-25 14:03:02', '2019-09-25 14:03:02'),
(56, 'ua', 28, 'Gallery:Готель \"Традиція\"', '2019-09-25 14:03:02', '2019-09-25 14:03:02'),
(57, 'ru', 29, 'Menu:Траттория «Al Dente»', '2019-09-25 14:20:39', '2019-09-25 14:20:39'),
(58, 'ua', 29, 'Menu:Тратторія «Al Dente»', '2019-09-25 14:20:39', '2019-09-25 14:20:39'),
(59, 'ru', 30, 'Gallery:Банкетные залы', '2019-09-25 14:24:16', '2019-09-25 14:24:16'),
(60, 'ua', 30, 'Gallery:Банкетні зали', '2019-09-25 14:24:16', '2019-09-25 14:24:16'),
(61, 'ru', 31, 'Gallery:Летняя терраса', '2019-09-25 14:26:49', '2019-09-25 14:26:49'),
(62, 'ua', 31, 'Gallery:Літня тераса', '2019-09-25 14:26:49', '2019-09-25 14:26:49'),
(63, 'ru', 32, 'Menu:Ресторан «Тартуфо»', '2019-09-25 14:47:48', '2019-09-25 14:47:48'),
(64, 'ua', 32, 'Menu:Ресторан «Тартуфо»', '2019-09-25 14:47:48', '2019-09-25 14:47:48'),
(65, 'ru', 33, 'Gallery:Банкетные Залы ресторана', '2019-09-25 14:54:58', '2019-09-25 14:54:58'),
(66, 'ua', 33, 'Gallery:Банкетні Зали ресторану', '2019-09-25 14:54:58', '2019-09-25 14:54:58'),
(67, 'ru', 34, 'Gallery:Летняя терраса', '2019-09-25 14:59:27', '2019-09-25 14:59:27'),
(68, 'ua', 34, 'Gallery:Літня тераса', '2019-09-25 14:59:27', '2019-09-25 14:59:27'),
(69, 'ru', 35, 'Gallery:Основной зал', '2019-09-26 10:26:34', '2019-09-26 10:26:34'),
(70, 'ua', 35, 'Gallery:Основний зал', '2019-09-26 10:26:34', '2019-09-26 10:26:34'),
(71, 'ru', 36, 'Gallery:Банкетный зал', '2019-09-26 10:33:20', '2019-09-26 10:33:20'),
(72, 'ua', 36, 'Gallery:Банкетний зал', '2019-09-26 10:33:20', '2019-09-26 10:33:20'),
(73, 'ru', 37, 'Gallery:Летняя терраса в кафе \"Абрикос\"', '2019-09-26 10:34:27', '2019-09-26 10:34:27'),
(74, 'ua', 37, 'Gallery:Літня тераса в кафе \"Абрикос\"', '2019-09-26 10:34:27', '2019-09-26 10:34:27'),
(75, 'ru', 38, 'Menu:Пироговая «Тестовъ»', '2019-09-26 10:53:47', '2019-09-26 10:53:47'),
(76, 'ua', 38, 'Menu:Пирогова «Тестов\'»', '2019-09-26 10:53:47', '2019-09-26 10:53:47'),
(77, 'ru', 39, 'Gallery:Наш одесский интерьер', '2019-09-26 11:30:15', '2019-09-26 11:30:15'),
(78, 'ua', 39, 'Gallery:Наш одеський інтер\'єр', '2019-09-26 11:30:15', '2019-09-26 11:30:15'),
(79, 'ru', 40, 'Gallery:Летняя терраса', '2019-09-26 11:31:20', '2019-09-26 11:31:20'),
(80, 'ua', 40, 'Gallery:Літня тераса', '2019-09-26 11:31:20', '2019-09-26 11:31:20'),
(81, 'ru', 41, 'Menu:Трактир «Мишкина Малина»', '2019-09-26 11:45:25', '2019-09-26 11:45:25'),
(82, 'ua', 41, 'Menu:Трактир «Мішкіна Малина»', '2019-09-26 11:45:25', '2019-09-26 11:45:25'),
(83, 'ru', 42, 'Gallery:Наш интерьер', '2019-09-26 12:38:51', '2019-09-26 12:38:51'),
(84, 'ua', 42, 'Gallery:Наш інтер\'єр', '2019-09-26 12:38:51', '2019-09-26 12:38:51'),
(85, 'ru', 43, 'Menu:Банкетный зал «Феникс»', '2019-09-26 12:57:38', '2019-09-26 12:57:38'),
(86, 'ua', 43, 'Menu:Банкетний зал «Фенікс»', '2019-09-26 12:57:38', '2019-09-26 12:57:38'),
(87, 'ru', 44, 'Gallery:Банкетный холл', '2019-09-26 13:25:05', '2019-09-26 13:25:05'),
(88, 'ua', 44, 'Gallery:Банкетний хол', '2019-09-26 13:25:05', '2019-09-26 13:25:05'),
(89, 'ru', 45, 'Gallery:Малый зал', '2019-09-26 13:31:56', '2019-09-26 13:31:56'),
(90, 'ua', 45, 'Gallery:Малий зал', '2019-09-26 13:31:56', '2019-09-26 13:31:56'),
(91, 'ru', 46, 'Gallery:Летняя терраса', '2019-09-26 13:34:42', '2019-09-26 13:34:42'),
(92, 'ua', 46, 'Gallery:Літня тераса', '2019-09-26 13:34:42', '2019-09-26 13:34:42'),
(93, 'ru', 47, 'Gallery:Банкетный зал', '2019-09-26 13:42:58', '2019-09-26 13:42:58'),
(94, 'ua', 47, 'Gallery:Банкетний зал', '2019-09-26 13:42:58', '2019-09-26 13:42:58'),
(95, 'ru', 48, 'Gallery:Караоке-зал', '2019-09-26 13:45:26', '2019-09-26 13:45:26'),
(96, 'ua', 48, 'Gallery:Караоке-зал', '2019-09-26 13:45:26', '2019-09-26 13:45:26'),
(97, 'ru', 49, 'Gallery:Летняя терраса', '2019-09-26 13:45:52', '2019-09-26 13:45:52'),
(98, 'ua', 49, 'Gallery:Літня тераса', '2019-09-26 13:45:52', '2019-09-26 13:45:52'),
(99, 'ru', 50, 'Gallery:Банкетный зал', '2019-09-26 13:51:42', '2019-09-26 13:51:42'),
(100, 'ua', 50, 'Gallery:Банкетний зал', '2019-09-26 13:51:42', '2019-09-26 13:51:42'),
(101, 'ru', 51, 'Gallery:Караоке-зал', '2019-09-26 13:54:50', '2019-09-26 13:54:50'),
(102, 'ua', 51, 'Gallery:Караоке-зал', '2019-09-26 13:54:50', '2019-09-26 13:54:50'),
(103, 'ru', 52, 'Gallery:Летняя терраса', '2019-09-26 13:55:20', '2019-09-26 13:55:20'),
(104, 'ua', 52, 'Gallery:Літня тераса', '2019-09-26 13:55:20', '2019-09-26 13:55:20'),
(105, 'ru', 53, 'Menu:Ресторан «Корона»', '2019-09-26 13:56:08', '2019-09-26 13:56:08'),
(106, 'ua', 53, 'Menu:Ресторан «Корона»', '2019-09-26 13:56:08', '2019-09-26 13:56:08'),
(107, 'ru', 54, 'Menu:Семейный ресторан «Papa Roma»', '2019-09-26 14:03:45', '2019-09-26 14:03:45'),
(108, 'ua', 54, 'Menu:Сімейний ресторан «Papa Roma»', '2019-09-26 14:03:45', '2019-09-26 14:03:45'),
(109, 'ru', 55, 'Gallery:Банкетный зал на 1 этаже', '2019-09-26 14:11:41', '2019-09-26 14:11:41'),
(110, 'ua', 55, 'Gallery:Банкетний зал на 1 поверсі', '2019-09-26 14:11:41', '2019-09-26 14:11:41'),
(111, 'ru', 56, 'Gallery:Банкетный зал на 2 этаже', '2019-09-26 14:12:48', '2019-09-26 14:12:48'),
(112, 'ua', 56, 'Gallery:Банкетний зал на 2 поверсі', '2019-09-26 14:12:48', '2019-09-26 14:12:48'),
(113, 'ru', 57, 'Gallery:Летняя терраса', '2019-09-26 14:14:25', '2019-09-26 14:14:25'),
(114, 'ua', 57, 'Gallery:Літня тераса', '2019-09-26 14:14:25', '2019-09-26 14:14:25'),
(115, 'ru', 58, 'Menu:Рок-кафе «Желтый Цеппелин»', '2019-09-27 08:16:12', '2019-09-27 08:16:12'),
(116, 'ua', 58, 'Menu:Рок-кафе «Желтый Цеппелин»', '2019-09-27 08:16:12', '2019-09-27 08:16:12'),
(117, 'ru', 59, 'Gallery:Рок-кафе «Желтый Цеппелин»', '2019-09-27 08:17:22', '2019-09-27 08:17:22'),
(118, 'ua', 59, 'Gallery:Рок-кафе «Желтый Цеппелин»', '2019-09-27 08:17:22', '2019-09-27 08:17:22'),
(119, 'ru', 60, 'Gallery:Банкетный зал', '2019-09-27 08:56:02', '2019-09-27 08:56:02'),
(120, 'ua', 60, 'Gallery:Банкетний зал', '2019-09-27 08:56:02', '2019-09-27 08:56:02'),
(121, 'ru', 61, 'Gallery:Банкетный зал', '2019-09-27 09:06:17', '2019-09-27 09:06:17'),
(122, 'ua', 61, 'Gallery:Банкетний зал', '2019-09-27 09:06:17', '2019-09-27 09:06:17'),
(123, 'ru', 62, 'Gallery:Банкетный зал', '2019-09-27 09:13:27', '2019-09-27 09:13:27'),
(124, 'ua', 62, 'Gallery:Банкетний зал', '2019-09-27 09:13:27', '2019-09-27 09:13:27'),
(125, 'ru', 63, 'Gallery:Караоке-зал', '2019-09-27 09:14:10', '2019-09-27 09:14:10'),
(126, 'ua', 63, 'Gallery:Караоке-зал', '2019-09-27 09:14:10', '2019-09-27 09:14:10'),
(127, 'ru', 64, 'Gallery:Летняя терраса', '2019-09-27 09:14:45', '2019-09-27 09:14:45'),
(128, 'ua', 64, 'Gallery:Літня тераса', '2019-09-27 09:14:45', '2019-09-27 09:14:45'),
(129, 'ru', 65, 'Gallery:Банкетный зал', '2019-09-27 09:21:17', '2019-09-27 09:21:17'),
(130, 'ua', 65, 'Gallery:Банкетний зал', '2019-09-27 09:21:17', '2019-09-27 09:21:17'),
(131, 'ru', 66, 'Gallery:Летняя терраса', '2019-09-27 09:21:46', '2019-09-27 09:21:46'),
(132, 'ua', 66, 'Gallery:Літня тераса', '2019-09-27 09:21:46', '2019-09-27 09:21:46'),
(133, 'ru', 67, 'Gallery:Кейтеринг', '2019-09-27 09:34:32', '2019-09-27 09:34:32'),
(134, 'ua', 67, 'Gallery:Кейтеринг', '2019-09-27 09:34:32', '2019-09-27 09:34:32'),
(135, 'ru', 68, 'Menu:Кейтеринг кафе «Maksimys»', '2019-09-27 09:35:29', '2019-09-27 09:35:29'),
(136, 'ua', 68, 'Menu:Кейтеринг кафе «Maksimys»', '2019-09-27 09:35:29', '2019-09-27 09:35:29'),
(137, 'ru', 69, 'Menu:Ресторан «Ля-Мажор»', '2019-09-27 09:42:31', '2019-09-27 09:42:31'),
(138, 'ua', 69, 'Menu:Ресторан «Ля-Мажор»', '2019-09-27 09:42:31', '2019-09-27 09:42:31'),
(139, 'ru', 70, 'Gallery:Банкетный зал', '2019-09-27 09:56:23', '2019-09-27 09:56:23'),
(140, 'ua', 70, 'Gallery:Банкетний зал', '2019-09-27 09:56:23', '2019-09-27 09:56:23'),
(141, 'ru', 71, 'Gallery:Спорт-паб', '2019-09-27 09:59:52', '2019-09-27 09:59:52'),
(142, 'ua', 71, 'Gallery:Спорт-паб', '2019-09-27 09:59:52', '2019-09-27 09:59:52'),
(143, 'ru', 72, 'Gallery:Караоке-зал', '2019-09-27 10:45:19', '2019-09-27 10:45:19'),
(144, 'ua', 72, 'Gallery:Караоке-зал', '2019-09-27 10:45:19', '2019-09-27 10:45:19'),
(145, 'ru', 73, 'Gallery:Пивной-паб', '2019-09-27 10:49:27', '2019-09-27 10:49:27'),
(146, 'ua', 73, 'Gallery:Пивний-паб', '2019-09-27 10:49:27', '2019-09-27 10:49:27'),
(147, 'ru', 74, 'Gallery:Летняя терраса', '2019-09-27 11:04:13', '2019-09-27 11:04:13'),
(148, 'ua', 74, 'Gallery:Літня тераса', '2019-09-27 11:04:13', '2019-09-27 11:04:13'),
(149, 'ru', 75, 'Gallery:Основной зал', '2019-09-27 11:14:51', '2019-09-27 11:14:51'),
(150, 'ua', 75, 'Gallery:Основний зал', '2019-09-27 11:14:51', '2019-09-27 11:14:51'),
(151, 'ru', 76, 'Gallery:Зал \"Бирюза\"', '2019-09-27 11:16:10', '2019-09-27 11:16:10'),
(152, 'ua', 76, 'Gallery:Зал \"Бірюза\"', '2019-09-27 11:16:10', '2019-09-27 11:16:10'),
(153, 'ru', 77, 'Menu:Ресторан «Панское село»', '2019-09-27 12:11:10', '2019-09-27 12:11:10'),
(154, 'ua', 77, 'Menu:Ресторан \"Панське село\"', '2019-09-27 12:11:10', '2019-09-27 12:11:10'),
(155, 'ru', 78, 'Gallery:Терем большой', '2019-09-27 12:24:48', '2019-09-27 12:24:48'),
(156, 'ua', 78, 'Gallery:Терем великий', '2019-09-27 12:24:48', '2019-09-27 12:24:48'),
(157, 'ru', 79, 'Gallery:Терем малый', '2019-09-27 12:28:09', '2019-09-27 12:28:09'),
(158, 'ua', 79, 'Gallery:Терем малий', '2019-09-27 12:28:09', '2019-09-27 12:28:09'),
(159, 'ru', 80, 'Gallery:Каминный зал', '2019-09-27 12:30:34', '2019-09-27 12:30:34'),
(160, 'ua', 80, 'Gallery:Камінний зал', '2019-09-27 12:30:34', '2019-09-27 12:30:34'),
(161, 'ru', 81, 'Gallery:Летняя терраса', '2019-09-27 12:31:56', '2019-09-27 12:31:56'),
(162, 'ua', 81, 'Gallery:Літня тераса', '2019-09-27 12:31:56', '2019-09-27 12:31:56'),
(163, 'ru', 82, 'Menu:Арт-cafe «Пластилиновая vorona»', '2019-09-27 12:45:23', '2019-09-27 12:45:23'),
(164, 'ua', 82, 'Menu:Арт-cafe «Пластилінова vorona»', '2019-09-27 12:45:23', '2019-09-27 12:45:23'),
(165, 'ru', 83, 'Gallery:Банкетные залы', '2019-09-27 12:46:58', '2019-09-27 12:46:58'),
(166, 'ua', 83, 'Gallery:Банкетні зали', '2019-09-27 12:46:58', '2019-09-27 12:46:58'),
(167, 'ru', 84, 'Menu:Ресторан «M-Royal»', '2019-09-27 13:01:11', '2019-09-27 13:01:11'),
(168, 'ua', 84, 'Menu:Ресторан «M-Royal»', '2019-09-27 13:01:11', '2019-09-27 13:01:11'),
(169, 'ru', 85, 'Gallery:Рыцарский зал', '2019-09-27 13:46:07', '2019-09-27 13:46:07'),
(170, 'ua', 85, 'Gallery:Лицарський зал', '2019-09-27 13:46:07', '2019-09-27 13:46:07'),
(171, 'ru', 86, 'Gallery:Барный зал', '2019-09-27 13:47:13', '2019-09-27 13:47:13'),
(172, 'ua', 86, 'Gallery:Барний зал', '2019-09-27 13:47:13', '2019-09-27 13:47:13'),
(173, 'ru', 87, 'Gallery:Вип-зал большой', '2019-09-27 13:50:18', '2019-09-27 13:50:18'),
(174, 'ua', 87, 'Gallery:Віп-зал великий', '2019-09-27 13:50:18', '2019-09-27 13:50:18'),
(175, 'ru', 88, 'Gallery:Вип-зал меленький', '2019-09-27 13:52:04', '2019-09-27 13:52:04'),
(176, 'ua', 88, 'Gallery:Віп-зал малый', '2019-09-27 13:52:04', '2019-09-27 13:52:04'),
(177, 'ru', 89, 'Gallery:Королевский зал', '2019-09-27 13:52:34', '2019-09-27 13:52:34'),
(178, 'ua', 89, 'Gallery:Королівський зал', '2019-09-27 13:52:34', '2019-09-27 13:52:34'),
(179, 'ru', 90, 'Gallery:Ресторан \"Bernardazzi\"', '2019-10-07 12:39:34', '2019-10-07 12:39:34'),
(180, 'ua', 90, 'Gallery:Ресторан \"Bernardazzi\"', '2019-10-07 12:39:34', '2019-10-07 12:39:34'),
(181, 'ru', 91, 'Gallery:Ресторан \"Tavernetta\"', '2019-10-07 13:11:08', '2019-10-07 13:11:08'),
(182, 'ua', 91, 'Gallery:Ресторан \"Tavernetta\"', '2019-10-07 13:11:08', '2019-10-07 13:11:08'),
(183, 'ru', 92, 'Gallery:Ресторан \"Sophie Café\"', '2019-10-07 13:53:13', '2019-10-07 13:53:13'),
(184, 'ua', 92, 'Gallery:Ресторан \"Sophie Café\"', '2019-10-07 13:53:13', '2019-10-07 13:53:13'),
(185, 'ru', 93, 'Gallery:Кафе \"Штрудель\"', '2019-10-07 14:10:45', '2019-10-07 14:10:45'),
(186, 'ua', 93, 'Gallery:Кафе \"Штрудель\"', '2019-10-07 14:10:45', '2019-10-07 14:10:45'),
(187, 'ru', 94, 'Gallery:Ресторан \"Диканька\"', '2019-10-07 14:37:07', '2019-10-07 14:37:07'),
(188, 'ua', 94, 'Gallery:Ресторан \"Диканька\"', '2019-10-07 14:37:07', '2019-10-07 14:37:07'),
(189, 'ru', 95, 'Gallery:Ресторан \"Чачапури\"', '2019-10-07 14:59:06', '2019-10-07 14:59:06'),
(190, 'ua', 95, 'Gallery:Ресторан \"Чачапурі\"', '2019-10-07 14:59:06', '2019-10-07 14:59:06'),
(191, 'ru', 96, 'Gallery:Ресторан \"Comme il Faut\"', '2019-10-07 15:06:06', '2019-10-07 15:06:06'),
(192, 'ua', 96, 'Gallery:Ресторан \"Comme il Faut\"', '2019-10-07 15:06:06', '2019-10-07 15:06:06'),
(193, 'ru', 97, 'Gallery:Ресторан \"Odessa\"', '2019-10-07 15:11:57', '2019-10-07 15:11:57'),
(194, 'ua', 97, 'Gallery:Ресторан \"Odessa\"', '2019-10-07 15:11:57', '2019-10-07 15:11:57'),
(195, 'ru', 98, 'Gallery:Ресторан \"Whisky Corner\"', '2019-10-07 15:18:45', '2019-10-07 15:18:45'),
(196, 'ua', 98, 'Gallery:Ресторан \"Whisky Corner\"', '2019-10-07 15:18:45', '2019-10-07 15:18:45'),
(197, 'ru', 99, 'Gallery:Кафе \"Папа Карла\"', '2019-10-09 09:46:36', '2019-10-09 09:46:36'),
(198, 'ua', 99, 'Gallery:Кафе \"Папа Карла\"', '2019-10-09 09:46:36', '2019-10-09 09:46:36'),
(199, 'ru', 100, 'Gallery:Пивной ресторан \"Бирхаус\"', '2019-10-09 10:02:29', '2019-10-09 10:02:29'),
(200, 'ua', 100, 'Gallery:Пивний ресторан \"Бирхаус\"', '2019-10-09 10:02:29', '2019-10-09 10:02:29'),
(201, 'ru', 101, 'Gallery:Ресторан \"Артист\"', '2019-10-09 12:22:05', '2019-10-09 12:22:05'),
(202, 'ua', 101, 'Gallery:Ресторан \"Артист\"', '2019-10-09 12:22:05', '2019-10-09 12:22:05'),
(203, 'ru', 102, 'Gallery:Ресторан \"Felicita\"', '2019-10-09 12:37:14', '2019-10-09 12:37:14'),
(204, 'ua', 102, 'Gallery:Ресторан \"Felicita\"', '2019-10-09 12:37:14', '2019-10-09 12:37:14'),
(205, 'ru', 103, 'Gallery:Банкетный холл \"Корона\"', '2019-10-09 13:16:30', '2019-10-09 13:16:30'),
(206, 'ua', 103, 'Gallery:Банкетний хол \"Корона\"', '2019-10-09 13:16:30', '2019-10-09 13:16:30'),
(207, 'ru', 104, 'Gallery:Ресторация \"Бачевских\"', '2019-10-09 14:10:04', '2019-10-09 14:10:04'),
(208, 'ua', 104, 'Gallery:Ресторація \"Бачевських\"', '2019-10-09 14:10:04', '2019-10-09 14:10:04'),
(209, 'ru', 105, 'Gallery:\"Самый дорогой ресторан Галиции\"', '2019-10-09 15:10:56', '2019-10-09 15:10:56'),
(210, 'ua', 105, 'Gallery:\"Найдорожча ресторація Галичини\"', '2019-10-09 15:10:56', '2019-10-09 15:10:56'),
(211, 'ru', 106, 'Gallery:Ресторан \"Дом легенд\"', '2019-10-10 09:50:23', '2019-10-10 09:50:23'),
(212, 'ua', 106, 'Gallery:Ресторан \"Дім легенд\"', '2019-10-10 09:50:23', '2019-10-10 09:50:23'),
(213, 'ru', 107, 'Gallery:Ресторан \"Mon Chef\"', '2019-10-10 10:02:08', '2019-10-10 10:02:08'),
(214, 'ua', 107, 'Gallery:Ресторан \"Mon Chef\"', '2019-10-10 10:02:08', '2019-10-10 10:02:08'),
(215, 'ru', 108, 'Gallery:Семейный ресторан \"Love & Lviv\"', '2019-10-10 11:47:24', '2019-10-10 11:47:24'),
(216, 'ua', 108, 'Gallery:Сімейний ресторан \"Love & Lviv\"', '2019-10-10 11:47:24', '2019-10-10 11:47:24'),
(217, 'ru', 109, 'Gallery:Ресторан \"Сенатор\"', '2019-10-10 13:01:26', '2019-10-10 13:01:26'),
(218, 'ua', 109, 'Gallery:Ресторан \"Сенатор\"', '2019-10-10 13:01:26', '2019-10-10 13:01:26'),
(219, 'ru', 110, 'Gallery:Ресторан \"Колыба\"', '2019-10-10 13:13:30', '2019-10-10 13:13:30'),
(220, 'ua', 110, 'Gallery:Ресторан \"Колиба\"', '2019-10-10 13:13:30', '2019-10-10 13:13:30'),
(221, 'ru', 111, 'Gallery:Ресторан \"Альфонсо\"', '2019-10-10 13:23:00', '2019-10-10 13:23:00'),
(222, 'ua', 111, 'Gallery:Ресторан \"Альфонсо\"', '2019-10-10 13:23:00', '2019-10-10 13:23:00'),
(223, 'ru', 112, 'Gallery:Ресторан \"Банкетхолл\"', '2019-10-10 13:31:57', '2019-10-10 13:31:57'),
(224, 'ua', 112, 'Gallery:Ресторан \"Банкетхолл\"', '2019-10-10 13:31:57', '2019-10-10 13:31:57'),
(225, 'ru', 113, 'Gallery:Ресторан \"Старый Чернигов\"', '2019-10-10 13:45:08', '2019-10-10 13:45:08'),
(226, 'ua', 113, 'Gallery:Ресторан \"Старий Чернігів\"', '2019-10-10 13:45:08', '2019-10-10 13:45:08'),
(227, 'ru', 114, 'Gallery:Ресторанно-отельный комплекс \"Подкова\"', '2019-10-11 13:33:08', '2019-10-11 13:33:08'),
(228, 'ua', 114, 'Gallery:Ресторанно-готельний комплекс \"Підкова\"', '2019-10-11 13:33:08', '2019-10-11 13:33:08'),
(229, 'ru', 115, 'Gallery:Ресторан \"La Riva\"', '2019-10-11 14:16:26', '2019-10-11 14:16:26'),
(230, 'ua', 115, 'Gallery:Ресторан \"La Riva\"', '2019-10-11 14:16:26', '2019-10-11 14:16:26'),
(231, 'ru', 116, 'Gallery:Ресторан \"Фламинго\"', '2019-10-11 14:37:26', '2019-10-11 14:37:26'),
(232, 'ua', 116, 'Gallery:Ресторан \"Фламінго\"', '2019-10-11 14:37:26', '2019-10-11 14:37:26'),
(233, 'ru', 117, 'Gallery:Ресторан \"Меланж\"', '2019-10-11 14:58:49', '2019-10-11 14:58:49'),
(234, 'ua', 117, 'Gallery:Ресторан \"Меланж\"', '2019-10-11 14:58:49', '2019-10-11 14:58:49'),
(235, 'ru', 118, 'Gallery:Ресторан \"Dvir\"', '2019-10-11 15:08:46', '2019-10-11 15:08:46'),
(236, 'ua', 118, 'Gallery:Ресторан \"Dvir\"', '2019-10-11 15:08:46', '2019-10-11 15:08:46'),
(237, 'ru', 119, 'Gallery:Ресторан \"Nairi Patio\"', '2019-10-11 15:31:45', '2019-10-11 15:31:45'),
(238, 'ua', 119, 'Gallery:Ресторан \"Nairi Patio\"', '2019-10-11 15:31:45', '2019-10-11 15:31:45'),
(239, 'ru', 120, 'Gallery:Ресторан \"Aristocrate\"', '2019-10-11 15:43:58', '2019-10-11 15:43:58'),
(240, 'ua', 120, 'Gallery:Ресторан \"Aristocrate\"', '2019-10-11 15:43:58', '2019-10-11 15:43:58'),
(241, 'ru', 121, 'Gallery:Ресторан грузинской кухни \"OneGogi\"', '2019-10-15 10:07:01', '2019-10-15 10:07:01'),
(242, 'ua', 121, 'Gallery:Ресторан грузинської кухни \"OneGogi\"', '2019-10-15 10:07:01', '2019-10-15 10:07:01'),
(243, 'ru', 122, 'Gallery:Ресторан \"Вилла Олива\"', '2019-10-15 10:14:57', '2019-10-15 10:14:57'),
(244, 'ua', 122, 'Gallery:Ресторан \"Вілла Олива\"', '2019-10-15 10:14:57', '2019-10-15 10:14:57'),
(245, 'ru', 123, 'Gallery:Ресторан \"Корона Витовта\"', '2019-10-15 10:37:52', '2019-10-15 10:37:52'),
(246, 'ua', 123, 'Gallery:Ресторан \"Корона Витовта\"', '2019-10-15 10:37:52', '2019-10-15 10:37:52'),
(247, 'ru', 124, 'Gallery:Ресторан \"Черное Золото\"', '2019-10-15 11:50:15', '2019-10-15 11:50:15'),
(248, 'ua', 124, 'Gallery:Ресторан \"Чорне Золото\"', '2019-10-15 11:50:15', '2019-10-15 11:50:15'),
(249, 'ru', 125, 'Gallery:Ресторан \"Прага\"', '2019-10-15 12:00:50', '2019-10-15 12:00:50'),
(250, 'ua', 125, 'Gallery:Ресторан \"Прага\"', '2019-10-15 12:00:50', '2019-10-15 12:00:50'),
(251, 'ru', 126, 'Gallery:Ресторан \"Tereveni\"', '2019-10-15 12:20:31', '2019-10-15 12:20:31'),
(252, 'ua', 126, 'Gallery:Ресторан \"Tereveni\"', '2019-10-15 12:20:31', '2019-10-15 12:20:31'),
(253, 'ru', 127, 'Gallery:\"Cafe de Vino\"', '2019-10-15 12:28:39', '2019-10-15 12:28:39'),
(254, 'ua', 127, 'Gallery:\"Cafe de Vino\"', '2019-10-15 12:28:39', '2019-10-15 12:28:39'),
(255, 'ru', 128, 'Gallery:Ресторан \"PRIRODA\"', '2019-10-15 12:47:25', '2019-10-15 12:47:25'),
(256, 'ua', 128, 'Gallery:Ресторан \"PRIRODA\"', '2019-10-15 12:47:25', '2019-10-15 12:47:25'),
(257, 'ru', 129, 'Gallery:Ресторан \"Терновник\"', '2019-10-15 13:22:10', '2019-10-15 13:22:10'),
(258, 'ua', 129, 'Gallery:Ресторан \"Терновник\"', '2019-10-15 13:22:10', '2019-10-15 13:22:10'),
(259, 'ru', 130, 'Gallery:Ресторан \"Вилен\"', '2019-10-15 13:44:57', '2019-10-15 13:44:57'),
(260, 'ua', 130, 'Gallery:Ресторан \"Вилен\"', '2019-10-15 13:44:57', '2019-10-15 13:44:57'),
(261, 'ru', 131, 'Gallery:Ресторан \"Tango\"', '2019-10-15 13:58:12', '2019-10-15 13:58:12'),
(262, 'ua', 131, 'Gallery:Ресторан \"Tango\"', '2019-10-15 13:58:12', '2019-10-15 13:58:12'),
(263, 'ru', 132, 'Gallery:Ресторан \"Царское село\"', '2019-10-15 14:09:34', '2019-10-15 14:09:34'),
(264, 'ua', 132, 'Gallery:Ресторан \"Царське село\"', '2019-10-15 14:09:34', '2019-10-15 14:09:34'),
(265, 'ru', 133, 'Gallery:bla', '2020-01-20 19:02:00', '2020-01-20 19:02:00'),
(266, 'ua', 133, 'Gallery:bal', '2020-01-20 19:02:00', '2020-01-20 19:02:00'),
(267, 'ru', 134, 'Gallery:Большой зал', '2020-01-20 19:35:36', '2020-01-20 19:35:36'),
(268, 'ua', 134, 'Gallery:two', '2020-01-20 19:35:36', '2020-01-20 19:35:36'),
(269, 'ru', 135, 'Gallery:aaaaaaaaaaaaaaaaa', '2020-01-20 21:02:05', '2020-01-20 21:02:05'),
(270, 'ua', 135, 'Gallery:aaaaaaaaaaaaaaaaaaaaaa', '2020-01-20 21:02:05', '2020-01-20 21:02:05'),
(271, 'ru', 136, 'Menu:aaaaaaaaaaaaaaaaa', '2020-01-20 21:12:11', '2020-01-20 21:12:11'),
(272, 'ua', 136, 'Menu:aaaaaaaaaaaaaaaaaaaaaa', '2020-01-20 21:12:11', '2020-01-20 21:12:11'),
(274, 'ru', 138, 'dfdadfas', '2020-02-01 21:36:26', '2020-02-01 21:36:26'),
(275, 'ua', 138, 'dfsadfsa', '2020-02-01 21:36:26', '2020-02-01 21:36:26');

--
-- Дамп данных таблицы `halls`
--

INSERT INTO `halls` (`id`, `gallery_id`, `restaurant_id`, `capacity`, `sorting`, `active`, `created_at`, `updated_at`, `type`) VALUES
(1, 2, 2, 60, 0, 1, '2019-09-23 15:53:41', '2019-09-23 15:55:15', 'halls'),
(2, 3, 2, 20, 2, 1, '2019-09-23 16:00:04', '2019-09-23 16:02:42', 'halls'),
(3, 4, 2, 4, 3, 1, '2019-09-23 16:06:25', '2019-09-23 16:06:52', 'halls'),
(4, 7, 5, 250, 10, 1, '2019-09-24 12:15:50', '2019-09-24 12:48:38', 'halls'),
(5, 8, 5, 70, 10, 1, '2019-09-24 12:16:38', '2019-09-24 12:55:47', 'halls'),
(6, 9, 5, 500, 10, 1, '2019-09-24 12:17:14', '2019-09-24 13:23:51', 'halls'),
(7, 10, 5, 4, 10, 1, '2019-09-24 12:18:57', '2019-09-24 13:53:01', 'halls'),
(8, 12, 6, 100, 10, 1, '2019-09-25 10:44:48', '2019-09-25 10:47:27', 'halls'),
(9, 13, 6, 40, 10, 1, '2019-09-25 10:45:33', '2019-09-25 10:48:53', 'halls'),
(10, 15, 7, 100, 10, 1, '2019-09-25 10:58:33', '2019-09-25 11:05:00', 'halls'),
(11, 16, 7, 30, 10, 1, '2019-09-25 11:02:18', '2019-09-25 11:06:20', 'halls'),
(12, 17, 7, 60, 10, 1, '2019-09-25 11:03:10', '2019-09-25 11:07:57', 'halls'),
(13, 18, 7, 4, 10, 1, '2019-09-25 11:04:12', '2019-09-25 11:15:42', 'halls'),
(14, 20, 4, 80, 10, 1, '2019-09-25 12:38:21', '2019-09-25 12:41:34', 'halls'),
(15, 21, 4, 70, 10, 1, '2019-09-25 12:55:32', '2019-09-25 12:56:23', 'halls'),
(16, 23, 17, 30, 10, 1, '2019-09-25 13:09:43', '2019-09-25 13:20:20', 'halls'),
(17, 24, 17, 100, 10, 1, '2019-09-25 13:11:42', '2019-09-25 13:26:28', 'halls'),
(18, 25, 17, 100, 10, 1, '2019-09-25 13:12:33', '2019-09-25 13:33:20', 'halls'),
(19, 26, 17, 120, 10, 1, '2019-09-25 13:13:41', '2019-09-25 13:35:05', 'halls'),
(20, 27, 17, 250, 10, 1, '2019-09-25 13:14:20', '2019-09-25 14:01:01', 'halls'),
(21, 28, 17, 11, 10, 1, '2019-09-25 13:15:18', '2019-09-25 14:03:02', 'halls'),
(22, 30, 18, 50, 10, 1, '2019-09-25 14:22:08', '2019-09-25 14:24:16', 'halls'),
(23, 31, 18, 100, 10, 1, '2019-09-25 14:22:45', '2019-09-25 14:26:49', 'halls'),
(24, 33, 21, 60, 10, 1, '2019-09-25 14:54:14', '2019-09-25 14:54:58', 'halls'),
(25, 34, 21, 30, 10, 1, '2019-09-25 14:57:12', '2019-09-25 14:59:27', 'halls'),
(26, 35, 11, 40, 10, 1, '2019-09-26 10:23:51', '2019-09-26 10:26:34', 'halls'),
(27, 36, 11, 60, 10, 1, '2019-09-26 10:24:06', '2019-09-26 10:33:20', 'halls'),
(28, 37, 11, 12, 10, 1, '2019-09-26 10:25:22', '2019-09-26 10:34:27', 'halls'),
(30, 42, 12, 62, 10, 1, '2019-09-26 10:47:19', '2019-09-26 12:38:51', 'halls'),
(31, 39, 26, 33, 10, 1, '2019-09-26 11:24:48', '2019-09-26 11:30:15', 'halls'),
(32, 40, 26, 20, 10, 1, '2019-09-26 11:25:47', '2019-09-26 11:31:20', 'halls'),
(33, 44, 16, 400, 10, 1, '2019-09-26 12:53:45', '2019-09-26 13:25:05', 'halls'),
(34, 45, 16, 50, 10, 1, '2019-09-26 12:55:21', '2019-09-26 13:31:56', 'halls'),
(35, 46, 16, 50, 10, 1, '2019-09-26 12:56:06', '2019-09-26 13:34:42', 'halls'),
(36, 47, 13, 60, 10, 1, '2019-09-26 13:41:19', '2019-09-26 13:42:58', 'halls'),
(37, 48, 13, 40, 10, 1, '2019-09-26 13:42:05', '2019-09-26 13:45:26', 'halls'),
(38, 49, 13, 30, 10, 1, '2019-09-26 13:42:20', '2019-09-26 13:45:52', 'halls'),
(39, 50, 10, 60, 10, 1, '2019-09-26 13:50:03', '2019-09-26 13:51:42', 'halls'),
(40, 51, 10, 30, 10, 1, '2019-09-26 13:50:28', '2019-09-26 13:54:50', 'halls'),
(41, 52, 10, 30, 10, 1, '2019-09-26 13:50:48', '2019-09-26 13:55:20', 'halls'),
(42, 55, 3, 32, 10, 1, '2019-09-26 14:01:32', '2019-09-26 14:11:41', 'halls'),
(43, 56, 3, 62, 10, 1, '2019-09-26 14:01:54', '2019-09-26 14:12:48', 'halls'),
(44, 57, 3, 30, 10, 1, '2019-09-26 14:02:18', '2019-09-26 14:14:25', 'halls'),
(45, 60, 22, 50, 10, 1, '2019-09-27 08:51:30', '2019-09-27 08:56:02', 'halls'),
(46, 61, 23, 65, 10, 1, '2019-09-27 09:05:35', '2019-09-27 09:06:17', 'halls'),
(47, 62, 14, 100, 10, 1, '2019-09-27 09:11:23', '2019-09-27 09:13:27', 'halls'),
(48, 63, 14, 30, 10, 1, '2019-09-27 09:12:35', '2019-09-27 09:14:10', 'halls'),
(49, 64, 14, 60, 10, 1, '2019-09-27 09:12:54', '2019-09-27 09:14:45', 'halls'),
(50, 65, 19, 50, 10, 1, '2019-09-27 09:18:40', '2019-09-27 09:21:17', 'halls'),
(51, 66, 19, 30, 10, 1, '2019-09-27 09:18:54', '2019-09-27 09:21:46', 'halls'),
(52, 67, 25, 200, 10, 1, '2019-09-27 09:33:36', '2019-09-27 09:34:32', 'halls'),
(53, NULL, 27, 30, 10, 1, '2019-09-27 09:37:51', '2019-09-27 09:37:51', 'halls'),
(54, NULL, 27, 40, 10, 1, '2019-09-27 09:38:06', '2019-09-27 09:38:06', 'halls'),
(55, 70, 24, 180, 10, 1, '2019-09-27 09:47:38', '2019-09-27 09:56:23', 'halls'),
(56, 73, 24, 30, 10, 1, '2019-09-27 09:50:17', '2019-09-27 10:49:27', 'halls'),
(57, 71, 24, 60, 10, 1, '2019-09-27 09:51:26', '2019-09-27 09:59:52', 'halls'),
(58, 72, 24, 60, 10, 1, '2019-09-27 09:54:46', '2019-09-27 10:45:19', 'halls'),
(59, 74, 24, 120, 10, 1, '2019-09-27 09:55:08', '2019-09-27 11:04:13', 'halls'),
(60, 75, 15, 120, 10, 1, '2019-09-27 11:10:30', '2019-09-27 11:14:51', 'halls'),
(61, NULL, 15, 28, 10, 1, '2019-09-27 11:10:54', '2019-09-27 11:10:54', 'halls'),
(62, 76, 15, 20, 10, 1, '2019-09-27 11:11:32', '2019-09-27 11:16:10', 'halls'),
(63, NULL, 15, 30, 10, 1, '2019-09-27 11:13:54', '2019-09-27 11:13:54', 'halls'),
(64, 78, 8, 100, 10, 1, '2019-09-27 12:17:54', '2019-09-27 12:24:48', 'halls'),
(65, 79, 8, 30, 10, 1, '2019-09-27 12:18:44', '2019-09-27 12:28:09', 'halls'),
(66, 80, 8, 30, 10, 1, '2019-09-27 12:19:28', '2019-09-27 12:30:34', 'halls'),
(67, 81, 8, 100, 10, 1, '2019-09-27 12:21:48', '2019-09-27 12:31:56', 'halls'),
(68, 83, 28, 65, 10, 1, '2019-09-27 12:44:40', '2019-09-27 12:46:58', 'halls'),
(69, 85, 9, 60, 10, 1, '2019-09-27 13:21:10', '2019-09-27 13:46:07', 'halls'),
(70, 86, 9, 20, 10, 1, '2019-09-27 13:25:37', '2019-09-27 13:47:13', 'halls'),
(71, 87, 9, 16, 10, 1, '2019-09-27 13:26:31', '2019-09-27 13:50:18', 'halls'),
(72, 88, 9, 6, 10, 1, '2019-09-27 13:27:34', '2019-09-27 13:52:04', 'halls'),
(73, 89, 9, 40, 10, 1, '2019-09-27 13:28:26', '2019-09-27 13:52:34', 'halls'),
(74, 133, 75, 123, 1, 1, '2020-01-20 12:50:51', '2020-01-20 19:02:00', 'halls');

--
-- Дамп данных таблицы `halls_langs`
--

INSERT INTO `halls_langs` (`id`, `halls_id`, `lang`, `name`, `created_at`, `updated_at`) VALUES
(1, 1, 'ru', 'Банкетный зал', '2019-09-23 15:53:41', '2019-09-23 15:53:41'),
(2, 1, 'ua', 'Банкетний зал', '2019-09-23 15:53:41', '2019-09-23 15:53:41'),
(3, 2, 'ru', 'Летняя терраса', '2019-09-23 16:00:04', '2019-09-23 16:00:04'),
(4, 2, 'ua', 'Літня тераса', '2019-09-23 16:00:04', '2019-09-23 16:00:04'),
(5, 3, 'ru', 'Отель \"Ирис\"', '2019-09-23 16:06:25', '2019-09-23 16:06:25'),
(6, 3, 'ua', 'Готель \"Ірис\"', '2019-09-23 16:06:25', '2019-09-23 16:06:25'),
(7, 4, 'ru', 'Банкетный холл', '2019-09-24 12:15:50', '2019-09-24 12:15:50'),
(8, 4, 'ua', 'Банкетний хол', '2019-09-24 12:15:50', '2019-09-24 12:15:50'),
(9, 5, 'ru', 'Пивной ресторан', '2019-09-24 12:16:38', '2019-09-24 12:16:38'),
(10, 5, 'ua', 'Пивний ресторан', '2019-09-24 12:16:38', '2019-09-24 12:16:38'),
(11, 6, 'ru', 'Летняя терраса и аквазона', '2019-09-24 12:17:14', '2019-09-24 12:17:14'),
(12, 6, 'ua', 'Літня тераса і аквазона', '2019-09-24 12:17:14', '2019-09-24 12:17:14'),
(13, 7, 'ru', 'Отель \"Мисто\"', '2019-09-24 12:18:57', '2019-09-24 12:18:57'),
(14, 7, 'ua', 'Готель \"Місто\"', '2019-09-24 12:18:57', '2019-09-24 12:18:57'),
(15, 8, 'ru', 'Банкетный зал', '2019-09-25 10:44:48', '2019-09-25 10:44:48'),
(16, 8, 'ua', 'Банкетний зал', '2019-09-25 10:44:48', '2019-09-25 10:44:48'),
(17, 9, 'ru', 'Летняя терраса', '2019-09-25 10:45:33', '2019-09-25 10:45:33'),
(18, 9, 'ua', 'Літня тераса', '2019-09-25 10:45:33', '2019-09-25 10:45:33'),
(19, 10, 'ru', 'Банкетный зал на 1 этаже', '2019-09-25 10:58:33', '2019-09-25 10:58:33'),
(20, 10, 'ua', 'анкетний зал на 1 поверсі', '2019-09-25 10:58:33', '2019-09-25 10:58:33'),
(21, 11, 'ru', 'Банкетный зал на 2 этаже', '2019-09-25 11:02:18', '2019-09-25 11:02:18'),
(22, 11, 'ua', 'Банкетний зал на 2 поверсі', '2019-09-25 11:02:18', '2019-09-25 11:02:18'),
(23, 12, 'ru', 'Летняя веранда', '2019-09-25 11:03:10', '2019-09-25 11:03:10'),
(24, 12, 'ua', 'Літня веранда', '2019-09-25 11:03:10', '2019-09-25 11:03:10'),
(25, 13, 'ru', 'Отель \"Коляда\"', '2019-09-25 11:04:12', '2019-09-25 11:04:12'),
(26, 13, 'ua', 'Готель \"Коляда\"', '2019-09-25 11:04:12', '2019-09-25 11:04:12'),
(27, 14, 'ru', 'Банкетный зал', '2019-09-25 12:38:21', '2019-09-25 12:38:21'),
(28, 14, 'ua', 'Банкетный зал', '2019-09-25 12:38:21', '2019-09-25 12:38:21'),
(29, 15, 'ru', 'Караоке-зал', '2019-09-25 12:55:32', '2019-09-25 12:55:32'),
(30, 15, 'ua', 'Караоке-зал', '2019-09-25 12:55:32', '2019-09-25 12:55:32'),
(31, 16, 'ru', 'Банкетный зал \"Гетьман\"', '2019-09-25 13:09:43', '2019-09-25 13:09:43'),
(32, 16, 'ua', 'Банкетний зал \"Гетьман\"', '2019-09-25 13:09:43', '2019-09-25 13:09:43'),
(33, 17, 'ru', 'Банкетный зал', '2019-09-25 13:11:42', '2019-09-25 13:11:42'),
(34, 17, 'ua', 'Банкетний зал', '2019-09-25 13:11:42', '2019-09-25 13:11:42'),
(35, 18, 'ru', 'Конференц-зал', '2019-09-25 13:12:33', '2019-09-25 13:12:33'),
(36, 18, 'ua', 'Конференц зал', '2019-09-25 13:12:33', '2019-09-25 13:12:33'),
(37, 19, 'ru', 'Летняя терраса (домики, беседки, шатер)', '2019-09-25 13:13:41', '2019-09-25 13:13:41'),
(38, 19, 'ua', 'Літня тераса (будиночки, альтанки, намет)', '2019-09-25 13:13:41', '2019-09-25 13:13:41'),
(39, 20, 'ru', 'Аквазона \"Лето\"', '2019-09-25 13:14:20', '2019-09-25 13:14:20'),
(40, 20, 'ua', 'Аквазона \"Літо\"', '2019-09-25 13:14:20', '2019-09-25 13:14:20'),
(41, 21, 'ru', 'Отель \"Традиция\"', '2019-09-25 13:15:18', '2019-09-25 13:15:18'),
(42, 21, 'ua', 'Готель \"Традиція\"', '2019-09-25 13:15:18', '2019-09-25 13:15:18'),
(43, 22, 'ru', 'Банкетные залы', '2019-09-25 14:22:08', '2019-09-25 14:22:08'),
(44, 22, 'ua', 'Банкетні зали', '2019-09-25 14:22:08', '2019-09-25 14:22:08'),
(45, 23, 'ru', 'Летняя терраса', '2019-09-25 14:22:45', '2019-09-25 14:22:45'),
(46, 23, 'ua', 'Літня тераса', '2019-09-25 14:22:45', '2019-09-25 14:22:45'),
(47, 24, 'ru', 'Банкетные Залы ресторана', '2019-09-25 14:54:14', '2019-09-25 14:54:14'),
(48, 24, 'ua', 'Банкетні Зали ресторану', '2019-09-25 14:54:14', '2019-09-25 14:54:14'),
(49, 25, 'ru', 'Летняя терраса', '2019-09-25 14:57:12', '2019-09-25 14:57:12'),
(50, 25, 'ua', 'Літня тераса', '2019-09-25 14:57:12', '2019-09-25 14:57:12'),
(51, 26, 'ru', 'Основной зал', '2019-09-26 10:23:51', '2019-09-26 10:23:51'),
(52, 26, 'ua', 'Основний зал', '2019-09-26 10:23:51', '2019-09-26 10:23:51'),
(53, 27, 'ru', 'Банкетный зал', '2019-09-26 10:24:06', '2019-09-26 10:24:06'),
(54, 27, 'ua', 'Банкетний зал', '2019-09-26 10:24:06', '2019-09-26 10:24:06'),
(55, 28, 'ru', 'Летняя терраса в кафе \"Абрикос\"', '2019-09-26 10:25:22', '2019-09-26 10:25:22'),
(56, 28, 'ua', 'Літня тераса в кафе \"Абрикос\"', '2019-09-26 10:25:23', '2019-09-26 10:25:23'),
(59, 30, 'ru', 'Наш интерьер', '2019-09-26 10:47:19', '2019-09-26 10:47:19'),
(60, 30, 'ua', 'Наш інтер\'єр', '2019-09-26 10:47:19', '2019-09-26 10:47:19'),
(61, 31, 'ru', 'Наш одесский интерьер', '2019-09-26 11:24:48', '2019-09-26 11:24:48'),
(62, 31, 'ua', 'Наш одеський інтер\'єр', '2019-09-26 11:24:48', '2019-09-26 11:24:48'),
(63, 32, 'ru', 'Летняя терраса', '2019-09-26 11:25:47', '2019-09-26 11:25:47'),
(64, 32, 'ua', 'Літня тераса', '2019-09-26 11:25:47', '2019-09-26 11:25:47'),
(65, 33, 'ru', 'Банкетный холл', '2019-09-26 12:53:45', '2019-09-26 12:53:45'),
(66, 33, 'ua', 'Банкетний хол', '2019-09-26 12:53:45', '2019-09-26 12:53:45'),
(67, 34, 'ru', 'Малый зал', '2019-09-26 12:55:21', '2019-09-26 12:55:21'),
(68, 34, 'ua', 'Малий зал', '2019-09-26 12:55:21', '2019-09-26 12:55:21'),
(69, 35, 'ru', 'Летняя терраса', '2019-09-26 12:56:06', '2019-09-26 12:56:06'),
(70, 35, 'ua', 'Літня тераса', '2019-09-26 12:56:06', '2019-09-26 12:56:06'),
(71, 36, 'ru', 'Банкетный зал', '2019-09-26 13:41:19', '2019-09-26 13:41:19'),
(72, 36, 'ua', 'Банкетний зал', '2019-09-26 13:41:19', '2019-09-26 13:41:19'),
(73, 37, 'ru', 'Караоке-зал', '2019-09-26 13:42:05', '2019-09-26 13:42:05'),
(74, 37, 'ua', 'Караоке-зал', '2019-09-26 13:42:05', '2019-09-26 13:42:05'),
(75, 38, 'ru', 'Летняя терраса', '2019-09-26 13:42:20', '2019-09-26 13:42:20'),
(76, 38, 'ua', 'Літня тераса', '2019-09-26 13:42:20', '2019-09-26 13:42:20'),
(77, 39, 'ru', 'Банкетный зал', '2019-09-26 13:50:03', '2019-09-26 13:50:03'),
(78, 39, 'ua', 'Банкетний зал', '2019-09-26 13:50:03', '2019-09-26 13:50:03'),
(79, 40, 'ru', 'Караоке-зал', '2019-09-26 13:50:28', '2019-09-26 13:50:28'),
(80, 40, 'ua', 'Караоке-зал', '2019-09-26 13:50:28', '2019-09-26 13:50:28'),
(81, 41, 'ru', 'Летняя терраса', '2019-09-26 13:50:48', '2019-09-26 13:50:48'),
(82, 41, 'ua', 'Літня тераса', '2019-09-26 13:50:48', '2019-09-26 13:50:48'),
(83, 42, 'ru', 'Банкетный зал на 1 этаже', '2019-09-26 14:01:32', '2019-09-26 14:01:32'),
(84, 42, 'ua', 'Банкетний зал на 1 поверсі', '2019-09-26 14:01:32', '2019-09-26 14:01:32'),
(85, 43, 'ru', 'Банкетный зал на 2 этаже', '2019-09-26 14:01:54', '2019-09-26 14:01:54'),
(86, 43, 'ua', 'Банкетний зал на 2 поверсі', '2019-09-26 14:01:54', '2019-09-26 14:01:54'),
(87, 44, 'ru', 'Летняя терраса', '2019-09-26 14:02:18', '2019-09-26 14:02:18'),
(88, 44, 'ua', 'Літня тераса', '2019-09-26 14:02:18', '2019-09-26 14:02:18'),
(89, 45, 'ru', 'Банкетный зал', '2019-09-27 08:51:30', '2019-09-27 08:51:30'),
(90, 45, 'ua', 'Банкетний зал', '2019-09-27 08:51:30', '2019-09-27 08:51:30'),
(91, 46, 'ru', 'Банкетный зал', '2019-09-27 09:05:35', '2019-09-27 09:05:35'),
(92, 46, 'ua', 'Банкетний зал', '2019-09-27 09:05:35', '2019-09-27 09:05:35'),
(93, 47, 'ru', 'Банкетный зал', '2019-09-27 09:11:23', '2019-09-27 09:11:23'),
(94, 47, 'ua', 'Банкетний зал', '2019-09-27 09:11:23', '2019-09-27 09:11:23'),
(95, 48, 'ru', 'Караоке-зал', '2019-09-27 09:12:35', '2019-09-27 09:12:35'),
(96, 48, 'ua', 'Караоке-зал', '2019-09-27 09:12:35', '2019-09-27 09:12:35'),
(97, 49, 'ru', 'Летняя терраса', '2019-09-27 09:12:54', '2019-09-27 09:12:54'),
(98, 49, 'ua', 'Літня тераса', '2019-09-27 09:12:54', '2019-09-27 09:12:54'),
(99, 50, 'ru', 'Банкетный зал', '2019-09-27 09:18:40', '2019-09-27 09:18:40'),
(100, 50, 'ua', 'Банкетний зал', '2019-09-27 09:18:40', '2019-09-27 09:18:40'),
(101, 51, 'ru', 'Летняя терраса', '2019-09-27 09:18:54', '2019-09-27 09:18:54'),
(102, 51, 'ua', 'Літня тераса', '2019-09-27 09:18:54', '2019-09-27 09:18:54'),
(103, 52, 'ru', 'Кейтеринг', '2019-09-27 09:33:36', '2019-09-27 09:33:36'),
(104, 52, 'ua', 'Кейтеринг', '2019-09-27 09:33:36', '2019-09-27 09:33:36'),
(105, 53, 'ru', 'Банкетный зал', '2019-09-27 09:37:51', '2019-09-27 09:37:51'),
(106, 53, 'ua', 'Банкетний зал', '2019-09-27 09:37:51', '2019-09-27 09:37:51'),
(107, 54, 'ru', 'Летняя терраса', '2019-09-27 09:38:06', '2019-09-27 09:38:06'),
(108, 54, 'ua', 'Літня тераса', '2019-09-27 09:38:06', '2019-09-27 09:38:06'),
(109, 55, 'ru', 'Банкетный зал', '2019-09-27 09:47:38', '2019-09-27 09:47:38'),
(110, 55, 'ua', 'Банкетний зал', '2019-09-27 09:47:38', '2019-09-27 09:47:38'),
(111, 56, 'ru', 'Пивной-паб', '2019-09-27 09:50:17', '2019-09-27 09:50:17'),
(112, 56, 'ua', 'Пивний-паб', '2019-09-27 09:50:17', '2019-09-27 09:50:17'),
(113, 57, 'ru', 'Спорт-паб', '2019-09-27 09:51:26', '2019-09-27 09:51:26'),
(114, 57, 'ua', 'Спорт-паб', '2019-09-27 09:51:26', '2019-09-27 09:51:26'),
(115, 58, 'ru', 'Караоке-зал', '2019-09-27 09:54:46', '2019-09-27 09:54:46'),
(116, 58, 'ua', 'Караоке-зал', '2019-09-27 09:54:46', '2019-09-27 09:54:46'),
(117, 59, 'ru', 'Летняя терраса', '2019-09-27 09:55:08', '2019-09-27 09:55:08'),
(118, 59, 'ua', 'Літня тераса', '2019-09-27 09:55:08', '2019-09-27 09:55:08'),
(119, 60, 'ru', 'Основной зал', '2019-09-27 11:10:30', '2019-09-27 11:10:30'),
(120, 60, 'ua', 'Основний зал', '2019-09-27 11:10:30', '2019-09-27 11:10:30'),
(121, 61, 'ru', 'Караоке-зал', '2019-09-27 11:10:54', '2019-09-27 11:10:54'),
(122, 61, 'ua', 'Караоке-зал', '2019-09-27 11:10:54', '2019-09-27 11:10:54'),
(123, 62, 'ru', 'Зал \"Бирюза\"', '2019-09-27 11:11:32', '2019-09-27 11:11:32'),
(124, 62, 'ua', 'Зал \"Бірюза\"', '2019-09-27 11:11:32', '2019-09-27 11:11:32'),
(125, 63, 'ru', 'Летняя терраса', '2019-09-27 11:13:54', '2019-09-27 11:13:54'),
(126, 63, 'ua', 'Літня тераса', '2019-09-27 11:13:54', '2019-09-27 11:13:54'),
(127, 64, 'ru', 'Терем большой', '2019-09-27 12:17:54', '2019-09-27 12:17:54'),
(128, 64, 'ua', 'Терем великий', '2019-09-27 12:17:54', '2019-09-27 12:17:54'),
(129, 65, 'ru', 'Терем малый', '2019-09-27 12:18:44', '2019-09-27 12:18:44'),
(130, 65, 'ua', 'Терем малий', '2019-09-27 12:18:44', '2019-09-27 12:18:44'),
(131, 66, 'ru', 'Каминный зал', '2019-09-27 12:19:28', '2019-09-27 12:19:28'),
(132, 66, 'ua', 'Камінний зал', '2019-09-27 12:19:28', '2019-09-27 12:19:28'),
(133, 67, 'ru', 'Летняя терраса', '2019-09-27 12:21:48', '2019-09-27 12:21:48'),
(134, 67, 'ua', 'Літня тераса', '2019-09-27 12:21:48', '2019-09-27 12:21:48'),
(135, 68, 'ru', 'Банкетные залы', '2019-09-27 12:44:40', '2019-09-27 12:44:40'),
(136, 68, 'ua', 'Банкетні зали', '2019-09-27 12:44:40', '2019-09-27 12:44:40'),
(137, 69, 'ru', 'Рыцарский зал', '2019-09-27 13:21:10', '2019-09-27 13:45:54'),
(138, 69, 'ua', 'Лицарський зал', '2019-09-27 13:21:10', '2019-09-27 13:45:54'),
(139, 70, 'ru', 'Барный зал', '2019-09-27 13:25:37', '2019-09-27 13:25:37'),
(140, 70, 'ua', 'Барний зал', '2019-09-27 13:25:37', '2019-09-27 13:25:37'),
(141, 71, 'ru', 'Вип-зал большой', '2019-09-27 13:26:31', '2019-09-27 13:26:31'),
(142, 71, 'ua', 'Віп-зал великий', '2019-09-27 13:26:31', '2019-09-27 13:26:31'),
(143, 72, 'ru', 'Вип-зал меленький', '2019-09-27 13:27:34', '2019-09-27 13:27:34'),
(144, 72, 'ua', 'Віп-зал малий', '2019-09-27 13:27:34', '2019-10-03 10:52:20'),
(145, 73, 'ru', 'Королевский зал', '2019-09-27 13:28:26', '2019-09-27 13:28:26'),
(146, 73, 'ua', 'Королівський зал', '2019-09-27 13:28:26', '2019-09-27 13:28:26');

--
-- Дамп данных таблицы `halls_schedules`
--

INSERT INTO `halls_schedules` (`id`, `halls_id`, `date`, `status`, `edited_by`, `created_at`, `updated_at`) VALUES
(1, 1, '2019-12-24', 2, 1, '2019-12-24 02:11:17', '2019-12-24 02:11:17'),
(2, 1, '2019-12-25', 3, 1, '2019-12-24 02:11:52', '2019-12-24 02:11:52'),
(3, 55, '2019-12-26', 2, 1, '2019-12-24 20:31:41', '2019-12-24 20:31:41'),
(4, 57, '2019-12-26', 2, 1, '2019-12-24 20:31:50', '2019-12-24 20:31:50'),
(5, 58, '2019-12-26', 2, 1, '2019-12-24 20:31:55', '2019-12-24 20:31:55'),
(6, 56, '2019-12-26', 2, 1, '2019-12-24 20:32:01', '2019-12-24 20:32:01'),
(7, 59, '2019-12-26', 2, 1, '2019-12-24 20:32:06', '2019-12-24 20:32:06'),
(8, 2, '2019-12-26', 2, 1, '2019-12-25 01:14:03', '2019-12-25 01:14:03'),
(9, 2, '2019-12-11', 2, 1, '2019-12-25 01:16:39', '2019-12-25 01:16:39'),
(10, 1, '2019-12-26', 3, 1, '2019-12-26 01:49:14', '2019-12-26 02:12:50'),
(11, 1, '2019-12-27', 3, 1, '2019-12-26 01:53:47', '2019-12-26 01:53:47'),
(12, 4, '2019-12-28', 2, 1, '2019-12-27 02:55:54', '2019-12-27 03:42:06'),
(13, 4, '2019-12-29', 1, 1, '2019-12-27 02:55:57', '2019-12-27 02:55:57'),
(14, 4, '2019-12-30', 1, 1, '2019-12-27 02:56:00', '2019-12-27 02:56:00'),
(15, 5, '2019-12-28', 1, 1, '2019-12-27 03:42:15', '2019-12-27 03:42:15'),
(16, 6, '2019-12-29', 2, 1, '2019-12-27 03:42:22', '2019-12-27 03:42:22'),
(17, 7, '2019-12-30', 2, 1, '2019-12-27 03:42:30', '2019-12-27 03:42:30'),
(18, 1, '2020-02-03', 1, 1, '2020-02-02 14:39:15', '2020-02-02 14:39:15'),
(19, 1, '2020-02-04', 2, 1, '2020-02-02 14:39:19', '2020-02-02 14:39:19'),
(21, 1, '2020-02-07', 1, 1, '2020-02-03 13:53:55', '2020-02-03 13:53:55');

--
-- Дамп данных таблицы `images`
--

INSERT INTO `images` (`id`, `filename`, `filepath`, `created_at`, `updated_at`, `resized`) VALUES
(1, '1569252891_ирис1.jpg', 'uploads//thumb/1569252891_ирис1.jpg', '2019-09-23 15:34:51', '2019-12-23 16:27:21', 1),
(2, '1569252982_ирис1.jpg', 'uploads/2/gallery/1569252982_ирис1.jpg', '2019-09-23 15:36:22', '2019-12-23 16:27:24', 1),
(3, '1569252982_ирис2.jpg', 'uploads/2/gallery/1569252982_ирис2.jpg', '2019-09-23 15:36:22', '2019-12-23 16:27:31', 1),
(4, '1569252982_ирис3.jpg', 'uploads/2/gallery/1569252982_ирис3.jpg', '2019-09-23 15:36:22', '2019-12-23 16:27:34', 1),
(5, '1569252982_ирис4.jpg', 'uploads/2/gallery/1569252982_ирис4.jpg', '2019-09-23 15:36:22', '2019-12-23 16:27:40', 1),
(6, '1569252983_ирис5.jpg', 'uploads/2/gallery/1569252983_ирис5.jpg', '2019-09-23 15:36:23', '2019-12-23 16:27:47', 1),
(7, '1569252983_ирис6.jpg', 'uploads/2/gallery/1569252983_ирис6.jpg', '2019-09-23 15:36:23', '2019-12-23 16:27:54', 1),
(8, '1569254115_ирис2.jpg', 'uploads/2/hall/1/1569254115_ирис2.jpg', '2019-09-23 15:55:15', '2019-12-23 16:28:01', 1),
(9, '1569254115_ирис4.jpg', 'uploads/2/hall/1/1569254115_ирис4.jpg', '2019-09-23 15:55:15', '2019-12-23 16:28:07', 1),
(10, '1569254562_рис_л1.jpg', 'uploads/2/hall/2/1569254562_рис_л1.jpg', '2019-09-23 16:02:42', '2019-12-23 16:28:11', 1),
(11, '1569254812_ирис_Люксы_Салон_и_Браон_2.jpg', 'uploads/2/hall/3/1569254812_ирис_Люксы_Салон_и_Браон_2.jpg', '2019-09-23 16:06:52', '2019-12-23 16:28:17', 1),
(12, '1569255274_ПР2_эт.4.JPG', 'uploads//thumb/1569255274_ПР2_эт.4.JPG', '2019-09-23 16:14:35', '2019-12-23 16:28:21', 1),
(14, '1569314694_мани1.jpg', 'uploads/4/thumb/1569314694_мани1.jpg', '2019-09-24 08:44:54', '2019-12-23 16:28:32', 1),
(15, '1569316160_4.jpg', 'uploads//thumb/1569316160_4.jpg', '2019-09-24 09:09:20', '2019-12-23 16:28:40', 1),
(16, '1569316346_IMG_6216.jpg', 'uploads//thumb/1569316346_IMG_6216.jpg', '2019-09-24 09:12:27', '2019-12-23 16:28:49', 1),
(18, '1569317069_photo_2018-11-30_11-50-40.jpg', 'uploads//thumb/1569317069_photo_2018-11-30_11-50-40.jpg', '2019-09-24 09:24:29', '2019-12-23 16:28:53', 1),
(19, '1569317347_1.jpg', 'uploads//thumb/1569317347_1.jpg', '2019-09-24 09:29:07', '2019-12-23 16:29:01', 1),
(20, '1569317575_корона_сен8.jpg', 'uploads//thumb/1569317575_корона_сен8.jpg', '2019-09-24 09:32:55', '2019-12-23 16:29:09', 1),
(21, '1569317695_абрикос02.jpg', 'uploads//thumb/1569317695_абрикос02.jpg', '2019-09-24 09:34:55', '2019-12-23 16:29:12', 1),
(22, '1569317799_основ.з1.jpg', 'uploads//thumb/1569317799_основ.з1.jpg', '2019-09-24 09:36:39', '2019-12-23 16:29:14', 1),
(23, '1569317924_соло1.jpg', 'uploads//thumb/1569317924_соло1.jpg', '2019-09-24 09:38:44', '2019-12-23 16:29:19', 1),
(24, '1569318074_шампань11.jpg', 'uploads//thumb/1569318074_шампань11.jpg', '2019-09-24 09:41:14', '2019-12-23 16:29:24', 1),
(25, '1569318209_DSC_0017_Extracted.JPG', 'uploads//thumb/1569318209_DSC_0017_Extracted.JPG', '2019-09-24 09:43:29', '2019-12-23 16:29:39', 1),
(26, '1569318424_IMG_6338.jpg', 'uploads//thumb/1569318424_IMG_6338.jpg', '2019-09-24 09:47:04', '2019-12-23 16:29:54', 1),
(27, '1569318787_1_этаж_традиция.jpg', 'uploads//thumb/1569318787_1_этаж_традиция.jpg', '2019-09-24 09:53:07', '2019-12-23 16:30:01', 1),
(28, '1569319131_Al_Dente-40.jpg', 'uploads//thumb/1569319131_Al_Dente-40.jpg', '2019-09-24 09:58:51', '2019-12-23 16:30:07', 1),
(29, '1569319412_оазис12.jpg', 'uploads//thumb/1569319412_оазис12.jpg', '2019-09-24 10:03:32', '2019-12-23 16:30:12', 1),
(30, '1569319719_600653a6362d9e10185418d07254bbe3.jpg', 'uploads//thumb/1569319719_600653a6362d9e10185418d07254bbe3.jpg', '2019-09-24 10:08:39', '2019-12-23 16:30:17', 1),
(31, '1569319846__MG_5417.jpg', 'uploads//thumb/1569319846__MG_5417.jpg', '2019-09-24 10:10:46', '2019-12-23 16:30:22', 1),
(32, '1569320070_рок3.jpg', 'uploads//thumb/1569320070_рок3.jpg', '2019-09-24 10:14:30', '2019-12-23 16:30:28', 1),
(33, '1569320272_табу_24_5.jpg', 'uploads//thumb/1569320272_табу_24_5.jpg', '2019-09-24 10:17:52', '2019-12-23 16:30:32', 1),
(34, '1569325367_ассортикоблас.jpg', 'uploads/5/menu/1569325367_ассортикоблас.jpg', '2019-09-24 11:42:47', '2019-12-23 16:30:38', 1),
(35, '1569325367_ассортиморепродуктов.jpg', 'uploads/5/menu/1569325367_ассортиморепродуктов.jpg', '2019-09-24 11:42:47', '2019-12-23 16:30:44', 1),
(36, '1569325367_доскамангал.jpg', 'uploads/5/menu/1569325367_доскамангал.jpg', '2019-09-24 11:42:47', '2019-12-23 16:30:51', 1),
(37, '1569325367_карпачо.jpg', 'uploads/5/menu/1569325367_карпачо.jpg', '2019-09-24 11:42:47', '2019-12-23 16:30:56', 1),
(38, '1569325367_лазанья.jpg', 'uploads/5/menu/1569325367_лазанья.jpg', '2019-09-24 11:42:47', '2019-12-23 16:31:03', 1),
(39, '1569325367_медальоны.jpg', 'uploads/5/menu/1569325367_медальоны.jpg', '2019-09-24 11:42:47', '2019-12-23 16:31:08', 1),
(40, '1569325367_мидиидорадоосьминог.jpg', 'uploads/5/menu/1569325367_мидиидорадоосьминог.jpg', '2019-09-24 11:42:47', '2019-12-23 16:31:13', 1),
(41, '1569325367_миксптица.jpg', 'uploads/5/menu/1569325367_миксптица.jpg', '2019-09-24 11:42:47', '2019-12-23 16:31:19', 1),
(42, '1569325367_овощигриль.jpg', 'uploads/5/menu/1569325367_овощигриль.jpg', '2019-09-24 11:42:47', '2019-12-23 16:31:25', 1),
(43, '1569325367_остраятелятина.jpg', 'uploads/5/menu/1569325367_остраятелятина.jpg', '2019-09-24 11:42:47', '2019-12-23 16:31:31', 1),
(44, '1569325367_тартармясноймикссбелойрыбойсаалат.jpg', 'uploads/5/menu/1569325367_тартармясноймикссбелойрыбойсаалат.jpg', '2019-09-24 11:42:47', '2019-12-23 16:31:36', 1),
(45, '1569325367_утинаяножка.jpg', 'uploads/5/menu/1569325367_утинаяножка.jpg', '2019-09-24 11:42:47', '2019-12-23 16:31:43', 1),
(49, '1569329318__MG_0934.jpg', 'uploads/5/hall/4/1569329318__MG_0934.jpg', '2019-09-24 12:48:38', '2019-12-23 16:31:50', 1),
(50, '1569329318__Q6B2592.jpg', 'uploads/5/hall/4/1569329318__Q6B2592.jpg', '2019-09-24 12:48:38', '2019-12-23 16:31:56', 1),
(51, '1569329318__Q6B2595.jpg', 'uploads/5/hall/4/1569329318__Q6B2595.jpg', '2019-09-24 12:48:38', '2019-12-23 16:32:04', 1),
(52, '1569329318__Q6B2598.jpg', 'uploads/5/hall/4/1569329318__Q6B2598.jpg', '2019-09-24 12:48:38', '2019-12-23 16:32:11', 1),
(53, '1569329318_2X8A4452.jpg', 'uploads/5/hall/4/1569329318_2X8A4452.jpg', '2019-09-24 12:48:38', '2019-12-23 16:32:17', 1),
(54, '1569329318_4.jpg', 'uploads/5/hall/4/1569329318_4.jpg', '2019-09-24 12:48:38', '2019-12-23 16:32:23', 1),
(55, '1569329318_alisadenis-169.jpg', 'uploads/5/hall/4/1569329318_alisadenis-169.jpg', '2019-09-24 12:48:38', '2019-12-23 16:32:25', 1),
(56, '1569329318_alisadenis-173.jpg', 'uploads/5/hall/4/1569329318_alisadenis-173.jpg', '2019-09-24 12:48:38', '2019-12-23 16:32:28', 1),
(57, '1569329318_foto-6.jpg', 'uploads/5/hall/4/1569329318_foto-6.jpg', '2019-09-24 12:48:38', '2019-12-23 16:32:33', 1),
(58, '1569329747_DSC_5144.jpg', 'uploads/5/hall/5/1569329747_DSC_5144.jpg', '2019-09-24 12:55:47', '2019-12-23 16:32:39', 1),
(59, '1569329747_DSC_5147.jpg', 'uploads/5/hall/5/1569329747_DSC_5147.jpg', '2019-09-24 12:55:47', '2019-12-23 16:32:45', 1),
(60, '1569329747_DSC_5149.jpg', 'uploads/5/hall/5/1569329747_DSC_5149.jpg', '2019-09-24 12:55:47', '2019-12-23 16:32:51', 1),
(61, '1569329747_DSC_5160.jpg', 'uploads/5/hall/5/1569329747_DSC_5160.jpg', '2019-09-24 12:55:47', '2019-12-23 16:32:56', 1),
(62, '1569329747_DSC_5175.jpg', 'uploads/5/hall/5/1569329747_DSC_5175.jpg', '2019-09-24 12:55:47', '2019-12-23 16:33:01', 1),
(63, '1569329747_DSC_5181.jpg', 'uploads/5/hall/5/1569329747_DSC_5181.jpg', '2019-09-24 12:55:47', '2019-12-23 16:33:06', 1),
(64, '1569329747_DSC_5185.jpg', 'uploads/5/hall/5/1569329747_DSC_5185.jpg', '2019-09-24 12:55:47', '2019-12-23 16:33:11', 1),
(65, '1569329747_DSC_5207.jpg', 'uploads/5/hall/5/1569329747_DSC_5207.jpg', '2019-09-24 12:55:47', '2019-12-23 16:33:16', 1),
(66, '1569329747_DSC_5220.jpg', 'uploads/5/hall/5/1569329747_DSC_5220.jpg', '2019-09-24 12:55:47', '2019-12-23 16:33:20', 1),
(67, '1569329747_DSC_5229.jpg', 'uploads/5/hall/5/1569329747_DSC_5229.jpg', '2019-09-24 12:55:47', '2019-12-23 16:33:25', 1),
(68, '1569331431_Untitled_Panorama1.jpg', 'uploads/5/hall/6/1569331431_Untitled_Panorama1.jpg', '2019-09-24 13:23:51', '2019-12-23 16:33:30', 1),
(69, '1569331431_Untitled_Panorama6.jpg', 'uploads/5/hall/6/1569331431_Untitled_Panorama6.jpg', '2019-09-24 13:23:51', '2019-12-23 16:33:37', 1),
(70, '1569331431_Untitled_Panorama7.jpg', 'uploads/5/hall/6/1569331431_Untitled_Panorama7.jpg', '2019-09-24 13:23:51', '2019-12-23 16:33:42', 1),
(71, '1569331431_Untitled_Panorama10.jpg', 'uploads/5/hall/6/1569331431_Untitled_Panorama10.jpg', '2019-09-24 13:23:51', '2019-12-23 16:33:48', 1),
(72, '1569331431_Untitled_Panorama11.jpg', 'uploads/5/hall/6/1569331431_Untitled_Panorama11.jpg', '2019-09-24 13:23:51', '2019-12-23 16:33:53', 1),
(73, '1569331431_Untitled_Panorama17.jpg', 'uploads/5/hall/6/1569331431_Untitled_Panorama17.jpg', '2019-09-24 13:23:51', '2019-12-23 16:33:58', 1),
(74, '1569331431_Untitled_Panorama22.jpg', 'uploads/5/hall/6/1569331431_Untitled_Panorama22.jpg', '2019-09-24 13:23:51', '2019-12-23 16:34:05', 1),
(75, '1569331431_Untitled_Panorama31.jpg', 'uploads/5/hall/6/1569331431_Untitled_Panorama31.jpg', '2019-09-24 13:23:51', '2019-12-23 16:34:11', 1),
(76, '1569331431_Untitled_Panorama39.jpg', 'uploads/5/hall/6/1569331431_Untitled_Panorama39.jpg', '2019-09-24 13:23:51', '2019-12-23 16:34:17', 1),
(77, '1569331431_Untitled_Panorama43.jpg', 'uploads/5/hall/6/1569331431_Untitled_Panorama43.jpg', '2019-09-24 13:23:51', '2019-12-23 16:34:22', 1),
(79, '1569331431_мисто_л_3.jpg', 'uploads/5/hall/6/1569331431_мисто_л_3.jpg', '2019-09-24 13:23:51', '2019-12-23 16:34:25', 1),
(80, '1569331431_мисто_л2.jpg', 'uploads/5/hall/6/1569331431_мисто_л2.jpg', '2019-09-24 13:23:51', '2019-12-23 16:34:29', 1),
(81, '1569331431_мисто_л7.jpg', 'uploads/5/hall/6/1569331431_мисто_л7.jpg', '2019-09-24 13:23:51', '2019-12-23 16:34:32', 1),
(82, '1569331431_мисто_л10.jpg', 'uploads/5/hall/6/1569331431_мисто_л10.jpg', '2019-09-24 13:23:51', '2019-12-23 16:34:35', 1),
(83, '1569333181_KING1.jpg', 'uploads/5/hall/7/1569333181_KING1.jpg', '2019-09-24 13:53:01', '2019-12-23 16:34:40', 1),
(84, '1569333181_KING2.jpg', 'uploads/5/hall/7/1569333181_KING2.jpg', '2019-09-24 13:53:01', '2019-12-23 16:34:45', 1),
(85, '1569333181_KING3.jpg', 'uploads/5/hall/7/1569333181_KING3.jpg', '2019-09-24 13:53:01', '2019-12-23 16:34:52', 1),
(86, '1569333181_KING4.jpg', 'uploads/5/hall/7/1569333181_KING4.jpg', '2019-09-24 13:53:01', '2019-12-23 16:34:57', 1),
(87, '1569333181_SUITE.jpg', 'uploads/5/hall/7/1569333181_SUITE.jpg', '2019-09-24 13:53:01', '2019-12-23 16:35:02', 1),
(88, '1569333181_SUITE2.jpg', 'uploads/5/hall/7/1569333181_SUITE2.jpg', '2019-09-24 13:53:01', '2019-12-23 16:35:08', 1),
(89, '1569333181_SUPERIOR.jpg', 'uploads/5/hall/7/1569333181_SUPERIOR.jpg', '2019-09-24 13:53:01', '2019-12-23 16:35:14', 1),
(90, '1569333181_TERRACE_SUITE1.jpg', 'uploads/5/hall/7/1569333181_TERRACE_SUITE1.jpg', '2019-09-24 13:53:01', '2019-12-23 16:35:18', 1),
(91, '1569333181_TERRACE_SUITE2.jpg', 'uploads/5/hall/7/1569333181_TERRACE_SUITE2.jpg', '2019-09-24 13:53:01', '2019-12-23 16:35:24', 1),
(92, '1569333181_TERRACE_SUITE3.jpg', 'uploads/5/hall/7/1569333181_TERRACE_SUITE3.jpg', '2019-09-24 13:53:01', '2019-12-23 16:35:29', 1),
(93, '1569333181_TERRACE_SUITE4.jpg', 'uploads/5/hall/7/1569333181_TERRACE_SUITE4.jpg', '2019-09-24 13:53:01', '2019-12-23 16:35:34', 1),
(94, '1569333181_стандарт.jpg', 'uploads/5/hall/7/1569333181_стандарт.jpg', '2019-09-24 13:53:01', '2019-12-23 16:35:39', 1),
(95, '1569333181_стандарт2.jpg', 'uploads/5/hall/7/1569333181_стандарт2.jpg', '2019-09-24 13:53:01', '2019-12-23 16:35:44', 1),
(96, '1569334612_ля_можор_банк.1.jpg', 'uploads//thumb/1569334612_ля_можор_банк.1.jpg', '2019-09-24 14:16:52', '2019-12-23 16:35:46', 1),
(97, '1569334957_кейтеринг5.jpg', 'uploads//thumb/1569334957_кейтеринг5.jpg', '2019-09-24 14:22:37', '2019-12-23 16:35:51', 1),
(98, '1569335456_мишк_7.jpg', 'uploads//thumb/1569335456_мишк_7.jpg', '2019-09-24 14:30:56', '2019-12-23 16:35:57', 1),
(99, '1569336453_15481123749706555_4c73.jpg', 'uploads//thumb/1569336453_15481123749706555_4c73.jpg', '2019-09-24 14:47:33', '2019-12-23 16:36:00', 1),
(142, '1569404408_ирис1.jpg', 'uploads/2/hall/1/1569404408_ирис1.jpg', '2019-09-25 09:40:08', '2019-12-23 16:36:06', 1),
(143, '1569404408_ирис3.jpg', 'uploads/2/hall/1/1569404408_ирис3.jpg', '2019-09-25 09:40:08', '2019-12-23 16:36:09', 1),
(144, '1569404408_ирис5.jpg', 'uploads/2/hall/1/1569404408_ирис5.jpg', '2019-09-25 09:40:08', '2019-12-23 16:36:16', 1),
(145, '1569404408_ирис6.jpg', 'uploads/2/hall/1/1569404408_ирис6.jpg', '2019-09-25 09:40:08', '2019-12-23 16:36:23', 1),
(146, '1569404498_ирис_02.jpg', 'uploads/2/hall/2/1569404498_ирис_02.jpg', '2019-09-25 09:41:38', '2019-12-23 16:36:31', 1),
(147, '1569404499_ирис_03.jpg', 'uploads/2/hall/2/1569404499_ирис_03.jpg', '2019-09-25 09:41:39', '2019-12-23 16:36:40', 1),
(148, '1569404499_ирис_л2.jpg', 'uploads/2/hall/2/1569404499_ирис_л2.jpg', '2019-09-25 09:41:39', '2019-12-23 16:36:43', 1),
(149, '1569404499_ирис_л4.jpg', 'uploads/2/hall/2/1569404499_ирис_л4.jpg', '2019-09-25 09:41:39', '2019-12-23 16:36:46', 1),
(151, '1569404583_ирис_Люксы_Салон_и_Браон_5.jpg', 'uploads/2/hall/3/1569404583_ирис_Люксы_Салон_и_Браон_5.jpg', '2019-09-25 09:43:03', '2019-12-23 16:36:49', 1),
(153, '1569405082_ирис_дворян_(1).jpg', 'uploads/2/hall/3/1569405082_ирис_дворян_(1).jpg', '2019-09-25 09:51:22', '2019-12-23 16:36:57', 1),
(154, '1569405082_ирис_дворян_(2).jpg', 'uploads/2/hall/3/1569405082_ирис_дворян_(2).jpg', '2019-09-25 09:51:22', '2019-12-23 16:37:00', 1),
(155, '1569405082_ирис_дворян.люкс.jpg', 'uploads/2/hall/3/1569405082_ирис_дворян.люкс.jpg', '2019-09-25 09:51:22', '2019-12-23 16:37:07', 1),
(156, '1569405537_ирис_Маркиз_и_Аристократ.jpg', 'uploads/2/hall/3/1569405537_ирис_Маркиз_и_Аристократ.jpg', '2019-09-25 09:58:57', '2019-12-23 16:37:14', 1),
(157, '1569405537_ирис_Маркиз_и_Аристократ3.jpg', 'uploads/2/hall/3/1569405537_ирис_Маркиз_и_Аристократ3.jpg', '2019-09-25 09:58:57', '2019-12-23 16:37:20', 1),
(158, '1569405537_ирис_Маркиз_и_Аристократ4.jpg', 'uploads/2/hall/3/1569405537_ирис_Маркиз_и_Аристократ4.jpg', '2019-09-25 09:58:57', '2019-12-23 16:37:27', 1),
(159, '1569405755_ирис_полулюкс_Эдэм3.jpg', 'uploads/2/hall/3/1569405755_ирис_полулюкс_Эдэм3.jpg', '2019-09-25 10:02:35', '2019-12-23 16:37:35', 1),
(160, '1569405755_ирис_полулюкс_Эдэм4.jpg', 'uploads/2/hall/3/1569405755_ирис_полулюкс_Эдэм4.jpg', '2019-09-25 10:02:35', '2019-12-23 16:37:43', 1),
(161, '1569405755_ирис_Стандарт_одноместный1.jpg', 'uploads/2/hall/3/1569405755_ирис_Стандарт_одноместный1.jpg', '2019-09-25 10:02:35', '2019-12-23 16:37:49', 1),
(162, '1569405755_ирис_Стандарт_одноместный2.jpg', 'uploads/2/hall/3/1569405755_ирис_Стандарт_одноместный2.jpg', '2019-09-25 10:02:35', '2019-12-23 16:37:56', 1),
(163, '1569405755_ирис_Стандарты_Дабл_и_Твин1.jpg', 'uploads/2/hall/3/1569405755_ирис_Стандарты_Дабл_и_Твин1.jpg', '2019-09-25 10:02:35', '2019-12-23 16:37:59', 1),
(164, '1569405755_ирис_Стандарты_Дабл_и_Твин4.jpg', 'uploads/2/hall/3/1569405755_ирис_Стандарты_Дабл_и_Твин4.jpg', '2019-09-25 10:02:35', '2019-12-23 16:38:05', 1),
(165, '1569405756_ирис_Стандарты_Дабл_и_Твин5.jpg', 'uploads/2/hall/3/1569405756_ирис_Стандарты_Дабл_и_Твин5.jpg', '2019-09-25 10:02:36', '2019-12-23 16:38:12', 1),
(166, '1569408050_альт6.jpg', 'uploads/6/menu/1569408050_альт6.jpg', '2019-09-25 10:40:50', '2019-12-23 16:38:21', 1),
(167, '1569408051_альт8.jpg', 'uploads/6/menu/1569408051_альт8.jpg', '2019-09-25 10:40:51', '2019-12-23 16:38:30', 1),
(168, '1569408051_альт9.jpg', 'uploads/6/menu/1569408051_альт9.jpg', '2019-09-25 10:40:51', '2019-12-23 16:38:39', 1),
(169, '1569408051_альт10.jpg', 'uploads/6/menu/1569408051_альт10.jpg', '2019-09-25 10:40:51', '2019-12-23 16:38:47', 1),
(170, '1569408051_альт11.jpg', 'uploads/6/menu/1569408051_альт11.jpg', '2019-09-25 10:40:51', '2019-12-23 16:38:56', 1),
(171, '1569408051_альт12.jpg', 'uploads/6/menu/1569408051_альт12.jpg', '2019-09-25 10:40:51', '2019-12-23 16:39:05', 1),
(172, '1569408051_альт13.jpg', 'uploads/6/menu/1569408051_альт13.jpg', '2019-09-25 10:40:51', '2019-12-23 16:39:16', 1),
(173, '1569408051_альт14.jpg', 'uploads/6/menu/1569408051_альт14.jpg', '2019-09-25 10:40:51', '2019-12-23 16:39:29', 1),
(174, '1569408447_IMG_2667.jpg', 'uploads/6/hall/8/1569408447_IMG_2667.jpg', '2019-09-25 10:47:27', '2019-12-23 16:39:33', 1),
(175, '1569408447_IMG_2759.jpg', 'uploads/6/hall/8/1569408447_IMG_2759.jpg', '2019-09-25 10:47:27', '2019-12-23 16:39:37', 1),
(176, '1569408447_IMG_2960.jpg', 'uploads/6/hall/8/1569408447_IMG_2960.jpg', '2019-09-25 10:47:27', '2019-12-23 16:39:41', 1),
(177, '1569408447_IMG_5028.jpg', 'uploads/6/hall/8/1569408447_IMG_5028.jpg', '2019-09-25 10:47:27', '2019-12-23 16:39:49', 1),
(178, '1569408447_IMG_6208.jpg', 'uploads/6/hall/8/1569408447_IMG_6208.jpg', '2019-09-25 10:47:27', '2019-12-23 16:39:53', 1),
(179, '1569408447_IMG_6214.jpg', 'uploads/6/hall/8/1569408447_IMG_6214.jpg', '2019-09-25 10:47:27', '2019-12-23 16:39:56', 1),
(180, '1569408447_IMG_6215.jpg', 'uploads/6/hall/8/1569408447_IMG_6215.jpg', '2019-09-25 10:47:27', '2019-12-23 16:40:00', 1),
(181, '1569408447_IMG_6216.jpg', 'uploads/6/hall/8/1569408447_IMG_6216.jpg', '2019-09-25 10:47:27', '2019-12-23 16:40:03', 1),
(182, '1569408447_IMG_6226.jpg', 'uploads/6/hall/8/1569408447_IMG_6226.jpg', '2019-09-25 10:47:27', '2019-12-23 16:40:06', 1),
(183, '1569408447_IMG_6228.jpg', 'uploads/6/hall/8/1569408447_IMG_6228.jpg', '2019-09-25 10:47:27', '2019-12-23 16:40:09', 1),
(184, '1569408447_IMG_6231.jpg', 'uploads/6/hall/8/1569408447_IMG_6231.jpg', '2019-09-25 10:47:27', '2019-12-23 16:40:13', 1),
(185, '1569408447_IMG_6235.jpg', 'uploads/6/hall/8/1569408447_IMG_6235.jpg', '2019-09-25 10:47:27', '2019-12-23 16:40:17', 1),
(186, '1569408447_IMG_7679.jpg', 'uploads/6/hall/8/1569408447_IMG_7679.jpg', '2019-09-25 10:47:27', '2019-12-23 16:40:24', 1),
(187, '1569408447_IMG_7686.jpg', 'uploads/6/hall/8/1569408447_IMG_7686.jpg', '2019-09-25 10:47:27', '2019-12-23 16:40:31', 1),
(188, '1569408533_альтбир_лет..jpg', 'uploads/6/hall/9/1569408533_альтбир_лет..jpg', '2019-09-25 10:48:53', '2019-12-23 16:40:35', 1),
(189, '1569408533_альтбир_лет.3.jpg', 'uploads/6/hall/9/1569408533_альтбир_лет.3.jpg', '2019-09-25 10:48:53', '2019-12-23 16:40:38', 1),
(190, '1569408533_Альтбир_лет1.jpg', 'uploads/6/hall/9/1569408533_Альтбир_лет1.jpg', '2019-09-25 10:48:53', '2019-12-23 16:40:41', 1),
(191, '1569408533_альтбир_лет2.jpg', 'uploads/6/hall/9/1569408533_альтбир_лет2.jpg', '2019-09-25 10:48:53', '2019-12-23 16:40:44', 1),
(192, '1569408533_альтбир_лет4.jpg', 'uploads/6/hall/9/1569408533_альтбир_лет4.jpg', '2019-09-25 10:48:53', '2019-12-23 16:40:47', 1),
(193, '1569408533_альтбир_лет5.jpg', 'uploads/6/hall/9/1569408533_альтбир_лет5.jpg', '2019-09-25 10:48:53', '2019-12-23 16:40:50', 1),
(194, '1569408533_альтбир_лет6.jpg', 'uploads/6/hall/9/1569408533_альтбир_лет6.jpg', '2019-09-25 10:48:53', '2019-12-23 16:40:53', 1),
(195, '1569408533_альтбир_лет7.jpg', 'uploads/6/hall/9/1569408533_альтбир_лет7.jpg', '2019-09-25 10:48:53', '2019-12-23 16:40:55', 1),
(253, '1569414074_IMG_2632_еда.jpg', 'uploads/4/menu/1569414074_IMG_2632_еда.jpg', '2019-09-25 12:21:14', '2019-12-23 16:42:01', 1),
(254, '1569414075_IMG_2658_еда.jpg', 'uploads/4/menu/1569414075_IMG_2658_еда.jpg', '2019-09-25 12:21:15', '2019-12-23 16:42:19', 1),
(255, '1569414076_IMG_2669_еда.jpg', 'uploads/4/menu/1569414076_IMG_2669_еда.jpg', '2019-09-25 12:21:16', '2019-12-23 16:42:34', 1),
(256, '1569414076_IMG_2691_еда.jpg', 'uploads/4/menu/1569414076_IMG_2691_еда.jpg', '2019-09-25 12:21:16', '2019-12-23 16:42:52', 1),
(257, '1569414076_IMG_2696_еда_(1).jpg', 'uploads/4/menu/1569414076_IMG_2696_еда_(1).jpg', '2019-09-25 12:21:16', '2019-12-23 16:43:10', 1),
(258, '1569414076_IMG_2726_еда.jpg', 'uploads/4/menu/1569414076_IMG_2726_еда.jpg', '2019-09-25 12:21:16', '2019-12-23 16:43:26', 1),
(259, '1569414076_IMG_2822_еда.jpg', 'uploads/4/menu/1569414076_IMG_2822_еда.jpg', '2019-09-25 12:21:16', '2019-12-23 16:43:43', 1),
(260, '1569415294_IMG_2832.jpg', 'uploads/4/hall/14/1569415294_IMG_2832.jpg', '2019-09-25 12:41:34', '2019-12-23 16:44:03', 1),
(261, '1569415294_IMG_2841.jpg', 'uploads/4/hall/14/1569415294_IMG_2841.jpg', '2019-09-25 12:41:34', '2019-12-23 16:44:22', 1),
(263, '1569415295_мани1.jpg', 'uploads/4/hall/14/1569415295_мани1.jpg', '2019-09-25 12:41:35', '2019-12-23 16:44:25', 1),
(265, '1569416183_IMG_2585.jpg', 'uploads/4/hall/15/1569416183_IMG_2585.jpg', '2019-09-25 12:56:23', '2019-12-23 16:44:29', 1),
(267, '1569416286_IMG_2612.jpg', 'uploads/4/hall/15/1569416286_IMG_2612.jpg', '2019-09-25 12:58:06', '2019-12-23 16:44:51', 1),
(268, '1569416286_мани3.jpg', 'uploads/4/hall/15/1569416286_мани3.jpg', '2019-09-25 12:58:06', '2019-12-23 16:44:53', 1),
(270, '1569416462_IMG_7454.jpg', 'uploads/4/hall/15/1569416462_IMG_7454.jpg', '2019-09-25 13:01:02', '2019-12-23 16:45:00', 1),
(271, '1569416462_IMG_7528.jpg', 'uploads/4/hall/15/1569416462_IMG_7528.jpg', '2019-09-25 13:01:02', '2019-12-23 16:45:08', 1),
(272, '1569416847_Романтический_завтрак2.jpg', 'uploads/17/menu/1569416847_Романтический_завтрак2.jpg', '2019-09-25 13:07:27', '2019-12-23 16:45:09', 1),
(273, '1569416847_Салат_с_угрем_220_275грн..jpg', 'uploads/17/menu/1569416847_Салат_с_угрем_220_275грн..jpg', '2019-09-25 13:07:27', '2019-12-23 16:45:11', 1),
(274, '1569416847_тр_4Бараньи_язычки_в_медово-горчичном_соусе_____220г___195грн..jpg', 'uploads/17/menu/1569416847_тр_4Бараньи_язычки_в_медово-горчичном_соусе_____220г___195грн..jpg', '2019-09-25 13:07:27', '2019-12-23 16:45:13', 1),
(275, '1569416847_тр_10_Захер_с_малиновым_мармеладом_130г_75грн..jpg', 'uploads/17/menu/1569416847_тр_10_Захер_с_малиновым_мармеладом_130г_75грн..jpg', '2019-09-25 13:07:27', '2019-12-23 16:45:14', 1),
(276, '1569416847_тр_19Крокеты_картофельные_с_фуа-гра_и_куриной_печенью_150_50г____90грн..jpg', 'uploads/17/menu/1569416847_тр_19Крокеты_картофельные_с_фуа-гра_и_куриной_печенью_150_50г____90грн..jpg', '2019-09-25 13:07:27', '2019-12-23 16:45:16', 1),
(277, '1569416847_тр_23_Мясной_пир_600г___350грн..jpg', 'uploads/17/menu/1569416847_тр_23_Мясной_пир_600г___350грн..jpg', '2019-09-25 13:07:27', '2019-12-23 16:45:17', 1),
(278, '1569416847_тр_Пирамида_Хеопса__120г_____70грн..jpg', 'uploads/17/menu/1569416847_тр_Пирамида_Хеопса__120г_____70грн..jpg', '2019-09-25 13:07:27', '2019-12-23 16:45:19', 1),
(279, '1569416847_тр_Салат_из_морепродуктов_250г_____350грн_(1).jpg', 'uploads/17/menu/1569416847_тр_Салат_из_морепродуктов_250г_____350грн_(1).jpg', '2019-09-25 13:07:27', '2019-12-23 16:45:21', 1),
(280, '1569416847_тр_Свиные_ребра_по-американски_300г_225грн.2.jpg', 'uploads/17/menu/1569416847_тр_Свиные_ребра_по-американски_300г_225грн.2.jpg', '2019-09-25 13:07:27', '2019-12-23 16:45:22', 1),
(281, '1569416847_тр_Теплый_салат_из_телятины_200_____250грн..jpg', 'uploads/17/menu/1569416847_тр_Теплый_салат_из_телятины_200_____250грн..jpg', '2019-09-25 13:07:27', '2019-12-23 16:45:24', 1),
(282, '1569416847_тр_Филе_судака_на_гриле_160_100г____290грн.___2.jpg', 'uploads/17/menu/1569416847_тр_Филе_судака_на_гриле_160_100г____290грн.___2.jpg', '2019-09-25 13:07:27', '2019-12-23 16:45:25', 1),
(284, '1569416847_тр3.jpg', 'uploads/17/menu/1569416847_тр3.jpg', '2019-09-25 13:07:27', '2019-12-23 16:45:27', 1),
(285, '1569416847_тр7_Деруны_от_Кума_и_Кумы_220г___140грн..jpg', 'uploads/17/menu/1569416847_тр7_Деруны_от_Кума_и_Кумы_220г___140грн..jpg', '2019-09-25 13:07:27', '2019-12-23 16:45:28', 1),
(287, '1569417620_трад-гетман-—-копия.jpg', 'uploads/17/hall/16/1569417620_трад-гетман-—-копия.jpg', '2019-09-25 13:20:20', '2019-12-23 16:45:32', 1),
(288, '1569417620_трад-гетьман3.jpg', 'uploads/17/hall/16/1569417620_трад-гетьман3.jpg', '2019-09-25 13:20:20', '2019-12-23 16:45:34', 1),
(289, '1569417620_традиц-гетьман.jpg', 'uploads/17/hall/16/1569417620_традиц-гетьман.jpg', '2019-09-25 13:20:20', '2019-12-23 16:45:36', 1),
(290, '1569417620_традиц-гетьман3.jpg', 'uploads/17/hall/16/1569417620_традиц-гетьман3.jpg', '2019-09-25 13:20:20', '2019-12-23 16:45:38', 1),
(291, '1569417620_традиция-гетьман4.jpg', 'uploads/17/hall/16/1569417620_традиция-гетьман4.jpg', '2019-09-25 13:20:20', '2019-12-23 16:45:41', 1),
(293, '1569418124_зал-1-—-копия.jpg', 'uploads/17/hall/17/1569418124_зал-1-—-копия.jpg', '2019-09-25 13:28:44', '2019-12-23 16:45:43', 1),
(294, '1569418124_зал2-—-копия.jpg', 'uploads/17/hall/17/1569418124_зал2-—-копия.jpg', '2019-09-25 13:28:44', '2019-12-23 16:45:45', 1),
(295, '1569418124_зал3-—-копия.jpg', 'uploads/17/hall/17/1569418124_зал3-—-копия.jpg', '2019-09-25 13:28:44', '2019-12-23 16:45:48', 1),
(296, '1569418400_конферен-зал2-—-копия.jpg', 'uploads/17/hall/18/1569418400_конферен-зал2-—-копия.jpg', '2019-09-25 13:33:20', '2019-12-23 16:45:50', 1),
(297, '1569418400_конферен-зал-—-копия.jpg', 'uploads/17/hall/18/1569418400_конферен-зал-—-копия.jpg', '2019-09-25 13:33:20', '2019-12-23 16:45:52', 1),
(298, '1569418400_конферец-зал-—-копия.jpg', 'uploads/17/hall/18/1569418400_конферец-зал-—-копия.jpg', '2019-09-25 13:33:20', '2019-12-23 16:45:54', 1),
(299, '1569418400_конфер-зал-2-—-копия.jpg', 'uploads/17/hall/18/1569418400_конфер-зал-2-—-копия.jpg', '2019-09-25 13:33:20', '2019-12-23 16:45:57', 1),
(300, '1569418505_IMG_5894.jpg', 'uploads/17/hall/19/1569418505_IMG_5894.jpg', '2019-09-25 13:35:05', '2019-12-23 16:45:58', 1),
(301, '1569418505_IMG_5909.jpg', 'uploads/17/hall/19/1569418505_IMG_5909.jpg', '2019-09-25 13:35:05', '2019-12-23 16:46:00', 1),
(302, '1569418505_IMG_5933.jpg', 'uploads/17/hall/19/1569418505_IMG_5933.jpg', '2019-09-25 13:35:05', '2019-12-23 16:46:02', 1),
(303, '1569418505_IMG_5961.jpg', 'uploads/17/hall/19/1569418505_IMG_5961.jpg', '2019-09-25 13:35:05', '2019-12-23 16:46:03', 1),
(304, '1569418505_IMG_5962.jpg', 'uploads/17/hall/19/1569418505_IMG_5962.jpg', '2019-09-25 13:35:05', '2019-12-23 16:46:05', 1),
(305, '1569418505_IMG_5966.jpg', 'uploads/17/hall/19/1569418505_IMG_5966.jpg', '2019-09-25 13:35:05', '2019-12-23 16:46:07', 1),
(306, '1569418505_IMG_5967.jpg', 'uploads/17/hall/19/1569418505_IMG_5967.jpg', '2019-09-25 13:35:05', '2019-12-23 16:46:08', 1),
(308, '1569418505_IMG_5977.jpg', 'uploads/17/hall/19/1569418505_IMG_5977.jpg', '2019-09-25 13:35:05', '2019-12-23 16:46:10', 1),
(309, '1569418505_IMG_5983.jpg', 'uploads/17/hall/19/1569418505_IMG_5983.jpg', '2019-09-25 13:35:05', '2019-12-23 16:46:12', 1),
(310, '1569418505_IMG_5986.jpg', 'uploads/17/hall/19/1569418505_IMG_5986.jpg', '2019-09-25 13:35:05', '2019-12-23 16:46:13', 1),
(311, '1569418505_IMG_7077.jpg', 'uploads/17/hall/19/1569418505_IMG_7077.jpg', '2019-09-25 13:35:05', '2019-12-23 16:46:15', 1),
(312, '1569419965_IMG_5380.JPG', 'uploads/17/hall/19/1569419965_IMG_5380.JPG', '2019-09-25 13:59:25', '2019-12-23 16:46:17', 1),
(313, '1569419965_IMG_5986.JPG', 'uploads/17/hall/19/1569419965_IMG_5986.JPG', '2019-09-25 13:59:25', '2019-12-23 16:46:18', 1),
(315, '1569420061_IMG_2089.JPG', 'uploads/17/hall/20/1569420061_IMG_2089.JPG', '2019-09-25 14:01:01', '2019-12-23 16:46:20', 1),
(316, '1569420061_IMG_4880.JPG', 'uploads/17/hall/20/1569420061_IMG_4880.JPG', '2019-09-25 14:01:01', '2019-12-23 16:46:21', 1),
(317, '1569420061_IrY43SayPL0.jpg', 'uploads/17/hall/20/1569420061_IrY43SayPL0.jpg', '2019-09-25 14:01:01', '2019-12-23 16:46:23', 1),
(318, '1569420061_rNdX-il1aeM.jpg', 'uploads/17/hall/20/1569420061_rNdX-il1aeM.jpg', '2019-09-25 14:01:01', '2019-12-23 16:46:25', 1),
(319, '1569420061_RTMC7SsMER0_(1).jpg', 'uploads/17/hall/20/1569420061_RTMC7SsMER0_(1).jpg', '2019-09-25 14:01:01', '2019-12-23 16:46:26', 1),
(320, '1569420102__Br_ORSa1Zc.jpg', 'uploads/17/hall/20/1569420102__Br_ORSa1Zc.jpg', '2019-09-25 14:01:42', '2019-12-23 16:46:30', 1),
(321, '1569420102_1jjRAM5zHUY.jpg', 'uploads/17/hall/20/1569420102_1jjRAM5zHUY.jpg', '2019-09-25 14:01:42', '2019-12-23 16:46:34', 1),
(322, '1569420102_1XkMxFp2v3s.jpg', 'uploads/17/hall/20/1569420102_1XkMxFp2v3s.jpg', '2019-09-25 14:01:42', '2019-12-23 16:46:37', 1),
(323, '1569420102_2VGfYatcbK8.jpg', 'uploads/17/hall/20/1569420102_2VGfYatcbK8.jpg', '2019-09-25 14:01:42', '2019-12-23 16:46:39', 1),
(324, '1569420102_927677_422546824552590_1323536198_n.jpg', 'uploads/17/hall/20/1569420102_927677_422546824552590_1323536198_n.jpg', '2019-09-25 14:01:42', '2019-12-23 16:46:40', 1),
(325, '1569420102_10467926_260807164111183_1365446524_n.jpg', 'uploads/17/hall/20/1569420102_10467926_260807164111183_1365446524_n.jpg', '2019-09-25 14:01:42', '2019-12-23 16:46:42', 1),
(326, '1569420182_номер_ВипK6py4XI6gHA.jpg', 'uploads/17/hall/21/1569420182_номер_ВипK6py4XI6gHA.jpg', '2019-09-25 14:03:02', '2019-12-23 16:46:45', 1),
(327, '1569420182_номер_ВипWjBLZm9f-t4.jpg', 'uploads/17/hall/21/1569420182_номер_ВипWjBLZm9f-t4.jpg', '2019-09-25 14:03:02', '2019-12-23 16:46:48', 1),
(328, '1569420182_номер_люкс13-01-17_008.jpg', 'uploads/17/hall/21/1569420182_номер_люкс13-01-17_008.jpg', '2019-09-25 14:03:02', '2019-12-23 16:46:52', 1),
(329, '1569420182_номер_люкс-Egz3v_tqBM.jpg', 'uploads/17/hall/21/1569420182_номер_люкс-Egz3v_tqBM.jpg', '2019-09-25 14:03:02', '2019-12-23 16:46:55', 1),
(330, '1569420182_Номера_стандарт13-01-17_033.jpg', 'uploads/17/hall/21/1569420182_Номера_стандарт13-01-17_033.jpg', '2019-09-25 14:03:02', '2019-12-23 16:46:59', 1),
(331, '1569420182_Номера_стандарт13-01-17_041.jpg', 'uploads/17/hall/21/1569420182_Номера_стандарт13-01-17_041.jpg', '2019-09-25 14:03:02', '2019-12-23 16:47:05', 1),
(332, '1569420182_Номера_стандарт13-01-17_044.jpg', 'uploads/17/hall/21/1569420182_Номера_стандарт13-01-17_044.jpg', '2019-09-25 14:03:02', '2019-12-23 16:47:10', 1),
(333, '1569420182_Номера_стандартmeVuWP-PPpc.jpg', 'uploads/17/hall/21/1569420182_Номера_стандартmeVuWP-PPpc.jpg', '2019-09-25 14:03:02', '2019-12-23 16:47:14', 1),
(334, '1569421239_альденете1.jpg', 'uploads/18/menu/1569421239_альденете1.jpg', '2019-09-25 14:20:39', '2019-12-23 16:47:17', 1),
(335, '1569421239_альденте2.jpg', 'uploads/18/menu/1569421239_альденте2.jpg', '2019-09-25 14:20:39', '2019-12-23 16:47:20', 1),
(336, '1569421239_альденте3.jpg', 'uploads/18/menu/1569421239_альденте3.jpg', '2019-09-25 14:20:39', '2019-12-23 16:47:24', 1),
(337, '1569421239_альденте4.jpg', 'uploads/18/menu/1569421239_альденте4.jpg', '2019-09-25 14:20:39', '2019-12-23 16:47:27', 1),
(338, '1569421240_альденте5.jpg', 'uploads/18/menu/1569421240_альденте5.jpg', '2019-09-25 14:20:40', '2019-12-23 16:47:30', 1),
(339, '1569421240_альденте6.jpg', 'uploads/18/menu/1569421240_альденте6.jpg', '2019-09-25 14:20:40', '2019-12-23 16:47:34', 1),
(340, '1569421240_альденте7.jpg', 'uploads/18/menu/1569421240_альденте7.jpg', '2019-09-25 14:20:40', '2019-12-23 16:47:37', 1),
(341, '1569421456_Al_Dente-4.jpg', 'uploads/18/hall/22/1569421456_Al_Dente-4.jpg', '2019-09-25 14:24:16', '2019-12-23 16:47:40', 1),
(342, '1569421456_Al_Dente-40.jpg', 'uploads/18/hall/22/1569421456_Al_Dente-40.jpg', '2019-09-25 14:24:16', '2019-12-23 16:47:44', 1),
(343, '1569421456_DSC_1309.JPG', 'uploads/18/hall/22/1569421456_DSC_1309.JPG', '2019-09-25 14:24:16', '2019-12-23 16:47:46', 1),
(344, '1569421456_DSC_1556.JPG', 'uploads/18/hall/22/1569421456_DSC_1556.JPG', '2019-09-25 14:24:16', '2019-12-23 16:48:01', 1),
(345, '1569421609__MG_1738.jpg', 'uploads/18/hall/23/1569421609__MG_1738.jpg', '2019-09-25 14:26:49', '2019-12-23 16:48:07', 1),
(346, '1569421609__MG_1742.jpg', 'uploads/18/hall/23/1569421609__MG_1742.jpg', '2019-09-25 14:26:49', '2019-12-23 16:48:11', 1),
(347, '1569421609_IMG_1860.jpg', 'uploads/18/hall/23/1569421609_IMG_1860.jpg', '2019-09-25 14:26:49', '2019-12-23 16:48:16', 1),
(348, '1569421609_IMG_1888.jpg', 'uploads/18/hall/23/1569421609_IMG_1888.jpg', '2019-09-25 14:26:49', '2019-12-23 16:48:20', 1),
(349, '1569421609_IMG_1947.jpg', 'uploads/18/hall/23/1569421609_IMG_1947.jpg', '2019-09-25 14:26:49', '2019-12-23 16:48:25', 1),
(350, '1569422868_Равиолли_с_креветкой.jpg', 'uploads/21/menu/1569422868_Равиолли_с_креветкой.jpg', '2019-09-25 14:47:48', '2019-12-23 16:48:35', 1),
(351, '1569422868_Равиолли_с_уткой_под_апельсиновым_соусом.jpg', 'uploads/21/menu/1569422868_Равиолли_с_уткой_под_апельсиновым_соусом.jpg', '2019-09-25 14:47:48', '2019-12-23 16:48:45', 1),
(352, '1569422868_Салат_из_сезонных_овощей.jpg', 'uploads/21/menu/1569422868_Салат_из_сезонных_овощей.jpg', '2019-09-25 14:47:48', '2019-12-23 16:48:56', 1),
(353, '1569422868_Салат_с_утиным_филе.jpg', 'uploads/21/menu/1569422868_Салат_с_утиным_филе.jpg', '2019-09-25 14:47:48', '2019-12-23 16:49:08', 1),
(354, '1569422869_Тарт_с_лимонным_кремом_и_итальянской_маренгой.jpg', 'uploads/21/menu/1569422869_Тарт_с_лимонным_кремом_и_итальянской_маренгой.jpg', '2019-09-25 14:47:49', '2019-12-23 16:49:18', 1),
(355, '1569422869_Трюфельный_торт.jpg', 'uploads/21/menu/1569422869_Трюфельный_торт.jpg', '2019-09-25 14:47:49', '2019-12-23 16:49:28', 1),
(356, '1569422869_Тыквенный_суп_с_гребешком.jpg', 'uploads/21/menu/1569422869_Тыквенный_суп_с_гребешком.jpg', '2019-09-25 14:47:49', '2019-12-23 16:49:38', 1),
(357, '1569422869_Филе_Дорадо_с_креветкой.jpg', 'uploads/21/menu/1569422869_Филе_Дорадо_с_креветкой.jpg', '2019-09-25 14:47:49', '2019-12-23 16:49:47', 1),
(358, '1569422869_Филе_красного_тунца_со_свежим_питахайя.jpg', 'uploads/21/menu/1569422869_Филе_красного_тунца_со_свежим_питахайя.jpg', '2019-09-25 14:47:49', '2019-12-23 16:49:58', 1),
(362, '1569423298__MG_4150.jpg', 'uploads/21/hall/24/1569423298__MG_4150.jpg', '2019-09-25 14:54:58', '2019-12-23 16:50:05', 1),
(363, '1569423298__MG_4234.jpg', 'uploads/21/hall/24/1569423298__MG_4234.jpg', '2019-09-25 14:54:58', '2019-12-23 16:50:11', 1),
(364, '1569423298__MG_4237.jpg', 'uploads/21/hall/24/1569423298__MG_4237.jpg', '2019-09-25 14:54:58', '2019-12-23 16:50:15', 1),
(365, '1569423298__MG_4238.jpg', 'uploads/21/hall/24/1569423298__MG_4238.jpg', '2019-09-25 14:54:58', '2019-12-23 16:50:19', 1),
(366, '1569423298__MG_5417.jpg', 'uploads/21/hall/24/1569423298__MG_5417.jpg', '2019-09-25 14:54:58', '2019-12-23 16:50:23', 1),
(367, '1569423298_IMG_5346.jpg', 'uploads/21/hall/24/1569423298_IMG_5346.jpg', '2019-09-25 14:54:58', '2019-12-23 16:50:41', 1),
(368, '1569423298_тартуфо2.jpg', 'uploads/21/hall/24/1569423298_тартуфо2.jpg', '2019-09-25 14:54:58', '2019-12-23 16:50:43', 1),
(369, '1569423298_тартуфо3.jpg', 'uploads/21/hall/24/1569423298_тартуфо3.jpg', '2019-09-25 14:54:58', '2019-12-23 16:50:45', 1),
(370, '1569423371__MG_2219.jpg', 'uploads/21/hall/24/1569423371__MG_2219.jpg', '2019-09-25 14:56:11', '2019-12-23 16:50:50', 1),
(371, '1569423567_IMG_2437.jpg', 'uploads/21/hall/25/1569423567_IMG_2437.jpg', '2019-09-25 14:59:27', '2019-12-23 16:51:02', 1),
(372, '1569423568_IMG_6049.JPG', 'uploads/21/hall/25/1569423568_IMG_6049.JPG', '2019-09-25 14:59:28', '2019-12-23 16:51:17', 1),
(373, '1569423568_IMG_6069.JPG', 'uploads/21/hall/25/1569423568_IMG_6069.JPG', '2019-09-25 14:59:28', '2019-12-23 16:51:34', 1),
(374, '1569423568_IMG_6098.JPG', 'uploads/21/hall/25/1569423568_IMG_6098.JPG', '2019-09-25 14:59:28', '2019-12-23 16:51:49', 1),
(375, '1569423568_IMG_6100.JPG', 'uploads/21/hall/25/1569423568_IMG_6100.JPG', '2019-09-25 14:59:28', '2019-12-23 16:52:04', 1),
(376, '1569423568_тартуфо1.jpg', 'uploads/21/hall/25/1569423568_тартуфо1.jpg', '2019-09-25 14:59:28', '2019-12-23 16:52:05', 1),
(383, '1569493649_абрикос01.jpg', 'uploads/11/hall/26/1569493649_абрикос01.jpg', '2019-09-26 10:27:29', '2019-12-23 16:52:10', 1),
(384, '1569493649_абрикос02.jpg', 'uploads/11/hall/26/1569493649_абрикос02.jpg', '2019-09-26 10:27:29', '2019-12-23 16:52:11', 1),
(385, '1569493649_абрикос03.jpg', 'uploads/11/hall/26/1569493649_абрикос03.jpg', '2019-09-26 10:27:29', '2019-12-23 16:52:13', 1),
(386, '1569493649_абрикос05.jpeg', 'uploads/11/hall/26/1569493649_абрикос05.jpeg', '2019-09-26 10:27:29', '2019-12-23 16:52:15', 1),
(387, '1569493649_абрикос9.jpg', 'uploads/11/hall/26/1569493649_абрикос9.jpg', '2019-09-26 10:27:29', '2019-12-23 16:52:18', 1),
(388, '1569493649_абрикос10.jpg', 'uploads/11/hall/26/1569493649_абрикос10.jpg', '2019-09-26 10:27:29', '2019-12-23 16:52:21', 1),
(389, '1569493649_абрикос12.jpg', 'uploads/11/hall/26/1569493649_абрикос12.jpg', '2019-09-26 10:27:29', '2019-12-23 16:52:24', 1),
(390, '1569493649_абрикос13.jpg', 'uploads/11/hall/26/1569493649_абрикос13.jpg', '2019-09-26 10:27:29', '2019-12-23 16:52:27', 1),
(391, '1569493649_абрикос14.jpg', 'uploads/11/hall/26/1569493649_абрикос14.jpg', '2019-09-26 10:27:29', '2019-12-23 16:52:30', 1),
(392, '1569493649_абрикос15.jpg', 'uploads/11/hall/26/1569493649_абрикос15.jpg', '2019-09-26 10:27:29', '2019-12-23 16:52:33', 1),
(393, '1569494000_абрикос17.jpg', 'uploads/11/hall/27/1569494000_абрикос17.jpg', '2019-09-26 10:33:20', '2019-12-23 16:52:37', 1),
(394, '1569494000_абрикос18.jpg', 'uploads/11/hall/27/1569494000_абрикос18.jpg', '2019-09-26 10:33:20', '2019-12-23 16:52:40', 1),
(395, '1569494000_абрикос19.jpg', 'uploads/11/hall/27/1569494000_абрикос19.jpg', '2019-09-26 10:33:20', '2019-12-23 16:52:43', 1),
(397, '1569494067_абрикос1.jpg', 'uploads/11/hall/28/1569494067_абрикос1.jpg', '2019-09-26 10:34:27', '2019-12-23 16:52:46', 1),
(398, '1569494087_абрикос8.jpg', 'uploads/11/hall/28/1569494087_абрикос8.jpg', '2019-09-26 10:34:47', '2019-12-23 16:52:50', 1),
(399, '1569494087_абрикос3.jpg', 'uploads/11/hall/28/1569494087_абрикос3.jpg', '2019-09-26 10:34:47', '2019-12-23 16:52:53', 1),
(400, '1569494087_абрикос5.jpg', 'uploads/11/hall/28/1569494087_абрикос5.jpg', '2019-09-26 10:34:47', '2019-12-23 16:52:56', 1),
(401, '1569494087_абрикос6.jpg', 'uploads/11/hall/28/1569494087_абрикос6.jpg', '2019-09-26 10:34:47', '2019-12-23 16:53:00', 1),
(402, '1569494087_абрикос7.jpg', 'uploads/11/hall/28/1569494087_абрикос7.jpg', '2019-09-26 10:34:47', '2019-12-23 16:53:04', 1),
(427, '1569497415_миш2.jpg', 'uploads/26/hall/31/1569497415_миш2.jpg', '2019-09-26 11:30:15', '2019-12-23 16:53:14', 1),
(428, '1569497415_мишк_4.jpg', 'uploads/26/hall/31/1569497415_мишк_4.jpg', '2019-09-26 11:30:15', '2019-12-23 16:53:15', 1),
(429, '1569497415_мишк_7.jpg', 'uploads/26/hall/31/1569497415_мишк_7.jpg', '2019-09-26 11:30:15', '2019-12-23 16:53:16', 1),
(430, '1569497415_мишк._1.jpg', 'uploads/26/hall/31/1569497415_мишк._1.jpg', '2019-09-26 11:30:15', '2019-12-23 16:53:18', 1),
(431, '1569497415_мишк2.jpg', 'uploads/26/hall/31/1569497415_мишк2.jpg', '2019-09-26 11:30:15', '2019-12-23 16:53:19', 1),
(432, '1569497415_мишк6.jpg', 'uploads/26/hall/31/1569497415_мишк6.jpg', '2019-09-26 11:30:15', '2019-12-23 16:53:21', 1),
(433, '1569497480_мишк_5.jpg', 'uploads/26/hall/32/1569497480_мишк_5.jpg', '2019-09-26 11:31:20', '2019-12-23 16:53:23', 1),
(434, '1569497480_мишк3.jpg', 'uploads/26/hall/32/1569497480_мишк3.jpg', '2019-09-26 11:31:20', '2019-12-23 16:53:25', 1),
(435, '1569497480_мишка.jpg', 'uploads/26/hall/32/1569497480_мишка.jpg', '2019-09-26 11:31:20', '2019-12-23 16:53:27', 1),
(436, '1569498325_мишк_бл_3.jpg', 'uploads/26/menu/1569498325_мишк_бл_3.jpg', '2019-09-26 11:45:25', '2019-12-23 16:53:28', 1),
(437, '1569498325_мишк_бл.1.jpg', 'uploads/26/menu/1569498325_мишк_бл.1.jpg', '2019-09-26 11:45:25', '2019-12-23 16:53:30', 1),
(438, '1569498325_мишк_бл2.jpeg', 'uploads/26/menu/1569498325_мишк_бл2.jpeg', '2019-09-26 11:45:25', '2019-12-23 16:53:33', 1),
(439, '1569498325_мишк._бл_5.jpg', 'uploads/26/menu/1569498325_мишк._бл_5.jpg', '2019-09-26 11:45:25', '2019-12-23 16:53:34', 1),
(440, '1569498325_мишк._бл3.jpg', 'uploads/26/menu/1569498325_мишк._бл3.jpg', '2019-09-26 11:45:25', '2019-12-23 16:53:35', 1),
(441, '1569498325_мишк._бл4.jpg', 'uploads/26/menu/1569498325_мишк._бл4.jpg', '2019-09-26 11:45:25', '2019-12-23 16:53:40', 1),
(453, '1569499767_ирис_12.jpg', 'uploads/2/menu/1569499767_ирис_12.jpg', '2019-09-26 12:09:27', '2019-12-23 16:53:56', 1),
(454, '1569499770_ирис_17.jpg', 'uploads/2/menu/1569499770_ирис_17.jpg', '2019-09-26 12:09:30', '2019-12-23 16:53:58', 1),
(455, '1569499770_ирис_19.jpg', 'uploads/2/menu/1569499770_ирис_19.jpg', '2019-09-26 12:09:30', '2019-12-23 16:54:14', 1),
(456, '1569499770_ирис_21.JPG', 'uploads/2/menu/1569499770_ирис_21.JPG', '2019-09-26 12:09:30', '2019-12-23 16:54:24', 1),
(457, '1569499770_ирис_22.jpg', 'uploads/2/menu/1569499770_ирис_22.jpg', '2019-09-26 12:09:30', '2019-12-23 16:54:26', 1),
(458, '1569500388_ирис_23.jpg', 'uploads/2/menu/1569500388_ирис_23.jpg', '2019-09-26 12:19:48', '2019-12-23 16:54:30', 1),
(459, '1569500388_ирис_31.jpg', 'uploads/2/menu/1569500388_ирис_31.jpg', '2019-09-26 12:19:48', '2019-12-23 16:54:42', 1),
(460, '1569500390_ирис_32.jpg', 'uploads/2/menu/1569500390_ирис_32.jpg', '2019-09-26 12:19:50', '2019-12-23 16:54:56', 1),
(461, '1569500390_ирис_37.jpg', 'uploads/2/menu/1569500390_ирис_37.jpg', '2019-09-26 12:19:50', '2019-12-23 16:55:14', 1),
(462, '1569500391_ирис_38.jpg', 'uploads/2/menu/1569500391_ирис_38.jpg', '2019-09-26 12:19:51', '2019-12-23 16:55:32', 1),
(463, '1569500392_ирис_л3.jpg', 'uploads/2/menu/1569500392_ирис_л3.jpg', '2019-09-26 12:19:52', '2019-12-23 16:55:35', 1),
(464, '1569501142_тестов_04бл.jpg', 'uploads/12/menu/1569501142_тестов_04бл.jpg', '2019-09-26 12:32:22', '2019-12-23 16:55:39', 1),
(465, '1569501142_тестов_10.jpg', 'uploads/12/menu/1569501142_тестов_10.jpg', '2019-09-26 12:32:22', '2019-12-23 16:55:41', 1),
(466, '1569501142_тестов_бл01.jpg', 'uploads/12/menu/1569501142_тестов_бл01.jpg', '2019-09-26 12:32:22', '2019-12-23 16:55:45', 1),
(467, '1569501142_тестов_бл002.jpg', 'uploads/12/menu/1569501142_тестов_бл002.jpg', '2019-09-26 12:32:22', '2019-12-23 16:55:48', 1),
(468, '1569501142_тестов_пирог_сл.01.jpg', 'uploads/12/menu/1569501142_тестов_пирог_сл.01.jpg', '2019-09-26 12:32:22', '2019-12-23 16:55:50', 1),
(469, '1569501142_тестов_пирог_сл.05.jpg', 'uploads/12/menu/1569501142_тестов_пирог_сл.05.jpg', '2019-09-26 12:32:22', '2019-12-23 16:55:52', 1),
(470, '1569501142_тестов_пирог01.jpg', 'uploads/12/menu/1569501142_тестов_пирог01.jpg', '2019-09-26 12:32:22', '2019-12-23 16:55:54', 1),
(471, '1569501142_тестов_пирог04.jpg', 'uploads/12/menu/1569501142_тестов_пирог04.jpg', '2019-09-26 12:32:22', '2019-12-23 16:55:57', 1),
(472, '1569501142_тестов_пирог06.jpg', 'uploads/12/menu/1569501142_тестов_пирог06.jpg', '2019-09-26 12:32:22', '2019-12-23 16:55:58', 1),
(473, '1569501142_тестов02бл.jpg', 'uploads/12/menu/1569501142_тестов02бл.jpg', '2019-09-26 12:32:22', '2019-12-23 16:56:02', 1),
(474, '1569501142_тестов03бл.jpg', 'uploads/12/menu/1569501142_тестов03бл.jpg', '2019-09-26 12:32:22', '2019-12-23 16:56:05', 1),
(475, '1569501142_тестов05_бл.jpg', 'uploads/12/menu/1569501142_тестов05_бл.jpg', '2019-09-26 12:32:22', '2019-12-23 16:56:08', 1),
(476, '1569501173_тестов07_зал.jpg', 'uploads/12/menu/1569501173_тестов07_зал.jpg', '2019-09-26 12:32:53', '2019-12-23 16:56:11', 1),
(477, '1569501173_тестов09_бл.jpg', 'uploads/12/menu/1569501173_тестов09_бл.jpg', '2019-09-26 12:32:53', '2019-12-23 16:56:14', 1),
(478, '1569501173_тестов010_бл.jpg', 'uploads/12/menu/1569501173_тестов010_бл.jpg', '2019-09-26 12:32:53', '2019-12-23 16:56:17', 1),
(479, '1569501531_основ.з1.jpg', 'uploads/12/hall/30/1569501531_основ.з1.jpg', '2019-09-26 12:38:51', '2019-12-23 16:56:20', 1),
(480, '1569501531_тестов_1.jpg', 'uploads/12/hall/30/1569501531_тестов_1.jpg', '2019-09-26 12:38:51', '2019-12-23 16:56:22', 1),
(481, '1569501531_тестов_4.jpg', 'uploads/12/hall/30/1569501531_тестов_4.jpg', '2019-09-26 12:38:51', '2019-12-23 16:56:24', 1),
(482, '1569501531_тестов_5.jpg', 'uploads/12/hall/30/1569501531_тестов_5.jpg', '2019-09-26 12:38:51', '2019-12-23 16:56:26', 1),
(483, '1569501531_тестов_6.jpg', 'uploads/12/hall/30/1569501531_тестов_6.jpg', '2019-09-26 12:38:51', '2019-12-23 16:56:28', 1),
(484, '1569501531_тестов_7.jpg', 'uploads/12/hall/30/1569501531_тестов_7.jpg', '2019-09-26 12:38:51', '2019-12-23 16:56:30', 1),
(485, '1569501531_тестов_8.jpg', 'uploads/12/hall/30/1569501531_тестов_8.jpg', '2019-09-26 12:38:51', '2019-12-23 16:56:32', 1),
(486, '1569501531_тестов_кам1.jpg', 'uploads/12/hall/30/1569501531_тестов_кам1.jpg', '2019-09-26 12:38:51', '2019-12-23 16:56:37', 1),
(487, '1569501531_тестов_кам2.jpg', 'uploads/12/hall/30/1569501531_тестов_кам2.jpg', '2019-09-26 12:38:51', '2019-12-23 16:56:40', 1),
(488, '1569501531_тестов_основ_3.jpg', 'uploads/12/hall/30/1569501531_тестов_основ_3.jpg', '2019-09-26 12:38:51', '2019-12-23 16:56:43', 1),
(489, '1569501531_тестов_основ.2.jpg', 'uploads/12/hall/30/1569501531_тестов_основ.2.jpg', '2019-09-26 12:38:51', '2019-12-23 16:56:46', 1),
(490, '1569501531_тестов01зал.jpg', 'uploads/12/hall/30/1569501531_тестов01зал.jpg', '2019-09-26 12:38:51', '2019-12-23 16:56:48', 1),
(491, '1569501531_тестов02зал.jpg', 'uploads/12/hall/30/1569501531_тестов02зал.jpg', '2019-09-26 12:38:51', '2019-12-23 16:56:52', 1),
(492, '1569501531_тестов03зал.jpg', 'uploads/12/hall/30/1569501531_тестов03зал.jpg', '2019-09-26 12:38:51', '2019-12-23 16:56:54', 1),
(494, '1569503500_IMG_3259.jpg', 'uploads/16/menu/1569503500_IMG_3259.jpg', '2019-09-26 13:11:40', '2019-12-23 16:56:58', 1),
(495, '1569503500_IMG_3284.jpg', 'uploads/16/menu/1569503500_IMG_3284.jpg', '2019-09-26 13:11:40', '2019-12-23 16:57:03', 1),
(496, '1569503500_IMG_3285.jpg', 'uploads/16/menu/1569503500_IMG_3285.jpg', '2019-09-26 13:11:40', '2019-12-23 16:57:08', 1),
(497, '1569503500_IMG_3287.jpg', 'uploads/16/menu/1569503500_IMG_3287.jpg', '2019-09-26 13:11:40', '2019-12-23 16:57:12', 1),
(498, '1569503500_IMG_3292.jpg', 'uploads/16/menu/1569503500_IMG_3292.jpg', '2019-09-26 13:11:40', '2019-12-23 16:57:17', 1),
(499, '1569503500_IMG_3304.jpg', 'uploads/16/menu/1569503500_IMG_3304.jpg', '2019-09-26 13:11:40', '2019-12-23 16:57:21', 1),
(500, '1569503500_IMG_3312.jpg', 'uploads/16/menu/1569503500_IMG_3312.jpg', '2019-09-26 13:11:40', '2019-12-23 16:57:26', 1),
(501, '1569503500_IMG_3325.jpg', 'uploads/16/menu/1569503500_IMG_3325.jpg', '2019-09-26 13:11:40', '2019-12-23 16:57:30', 1),
(502, '1569503500_IMG_3347.jpg', 'uploads/16/menu/1569503500_IMG_3347.jpg', '2019-09-26 13:11:40', '2019-12-23 16:57:36', 1),
(503, '1569503500_IMG_3357.jpg', 'uploads/16/menu/1569503500_IMG_3357.jpg', '2019-09-26 13:11:40', '2019-12-23 16:57:40', 1),
(504, '1569503500_IMG_3370.jpg', 'uploads/16/menu/1569503500_IMG_3370.jpg', '2019-09-26 13:11:40', '2019-12-23 16:57:46', 1),
(505, '1569503500_IMG_3379.jpg', 'uploads/16/menu/1569503500_IMG_3379.jpg', '2019-09-26 13:11:40', '2019-12-23 16:57:51', 1),
(506, '1569503500_IMG_3387.jpg', 'uploads/16/menu/1569503500_IMG_3387.jpg', '2019-09-26 13:11:40', '2019-12-23 16:57:56', 1),
(507, '1569504305_img_1773.jpg', 'uploads/16/hall/33/1569504305_img_1773.jpg', '2019-09-26 13:25:05', '2019-12-23 16:57:58', 1),
(508, '1569504305_img_1808.jpg', 'uploads/16/hall/33/1569504305_img_1808.jpg', '2019-09-26 13:25:05', '2019-12-23 16:58:01', 1),
(509, '1569504305_IMG_2382.jpg', 'uploads/16/hall/33/1569504305_IMG_2382.jpg', '2019-09-26 13:25:05', '2019-12-23 16:58:05', 1),
(510, '1569504305_IMG_2393.jpg', 'uploads/16/hall/33/1569504305_IMG_2393.jpg', '2019-09-26 13:25:05', '2019-12-23 16:58:08', 1),
(511, '1569504305_IMG_2401.jpg', 'uploads/16/hall/33/1569504305_IMG_2401.jpg', '2019-09-26 13:25:05', '2019-12-23 16:58:11', 1),
(512, '1569504305_IMG_2493.jpg', 'uploads/16/hall/33/1569504305_IMG_2493.jpg', '2019-09-26 13:25:05', '2019-12-23 16:58:14', 1),
(513, '1569504305_IMG_2781.jpg', 'uploads/16/hall/33/1569504305_IMG_2781.jpg', '2019-09-26 13:25:05', '2019-12-23 16:58:18', 1),
(514, '1569504305_IMG_2823.jpg', 'uploads/16/hall/33/1569504305_IMG_2823.jpg', '2019-09-26 13:25:05', '2019-12-23 16:58:21', 1),
(515, '1569504305_IMG_3086.jpg', 'uploads/16/hall/33/1569504305_IMG_3086.jpg', '2019-09-26 13:25:05', '2019-12-23 16:58:25', 1),
(516, '1569504305_IMG_3089.jpg', 'uploads/16/hall/33/1569504305_IMG_3089.jpg', '2019-09-26 13:25:05', '2019-12-23 16:58:31', 1),
(517, '1569504305_IMG_3120.jpg', 'uploads/16/hall/33/1569504305_IMG_3120.jpg', '2019-09-26 13:25:05', '2019-12-23 16:58:36', 1),
(518, '1569504305_IMG_3352.jpg', 'uploads/16/hall/33/1569504305_IMG_3352.jpg', '2019-09-26 13:25:05', '2019-12-23 16:58:41', 1),
(519, '1569504305_IMG_4708.jpg', 'uploads/16/hall/33/1569504305_IMG_4708.jpg', '2019-09-26 13:25:05', '2019-12-23 16:58:46', 1),
(520, '1569504305_IMG_8074.jpg', 'uploads/16/hall/33/1569504305_IMG_8074.jpg', '2019-09-26 13:25:05', '2019-12-23 16:58:52', 1),
(521, '1569504305_IMG_8387.jpg', 'uploads/16/hall/33/1569504305_IMG_8387.jpg', '2019-09-26 13:25:05', '2019-12-23 16:58:57', 1),
(522, '1569504716_феник1.jpg', 'uploads/16/hall/34/1569504716_феник1.jpg', '2019-09-26 13:31:56', '2019-12-23 16:59:01', 1),
(523, '1569504716_феникс2.jpg', 'uploads/16/hall/34/1569504716_феникс2.jpg', '2019-09-26 13:31:56', '2019-12-23 16:59:04', 1),
(524, '1569504716_феникс3.jpg', 'uploads/16/hall/34/1569504716_феникс3.jpg', '2019-09-26 13:31:56', '2019-12-23 16:59:07', 1),
(525, '1569504716_феникс5.jpg', 'uploads/16/hall/34/1569504716_феникс5.jpg', '2019-09-26 13:31:56', '2019-12-23 16:59:11', 1),
(526, '1569504716_феникс6.jpg', 'uploads/16/hall/34/1569504716_феникс6.jpg', '2019-09-26 13:31:56', '2019-12-23 16:59:14', 1),
(527, '1569504716_феникс7.jpg', 'uploads/16/hall/34/1569504716_феникс7.jpg', '2019-09-26 13:31:56', '2019-12-23 16:59:18', 1),
(528, '1569504882_IMG_8838.jpg', 'uploads/16/hall/35/1569504882_IMG_8838.jpg', '2019-09-26 13:34:42', '2019-12-23 16:59:23', 1),
(529, '1569504882_IMG_8839.jpg', 'uploads/16/hall/35/1569504882_IMG_8839.jpg', '2019-09-26 13:34:42', '2019-12-23 16:59:28', 1),
(530, '1569504882_Panorama_3.jpg', 'uploads/16/hall/35/1569504882_Panorama_3.jpg', '2019-09-26 13:34:42', '2019-12-23 16:59:35', 1),
(531, '1569505378_соло1.jpg', 'uploads/13/hall/36/1569505378_соло1.jpg', '2019-09-26 13:42:58', '2019-12-23 16:59:38', 1),
(532, '1569505378_соло2.jpg', 'uploads/13/hall/36/1569505378_соло2.jpg', '2019-09-26 13:42:58', '2019-12-23 16:59:41', 1),
(533, '1569505378_соло3.jpg', 'uploads/13/hall/36/1569505378_соло3.jpg', '2019-09-26 13:42:58', '2019-12-23 16:59:44', 1),
(534, '1569505378_соло4.jpg', 'uploads/13/hall/36/1569505378_соло4.jpg', '2019-09-26 13:42:58', '2019-12-23 16:59:47', 1),
(535, '1569505378_соло5.jpg', 'uploads/13/hall/36/1569505378_соло5.jpg', '2019-09-26 13:42:58', '2019-12-23 16:59:51', 1),
(537, '1569505379_соло7.jpg', 'uploads/13/hall/36/1569505379_соло7.jpg', '2019-09-26 13:42:59', '2019-12-23 16:59:54', 1),
(538, '1569505379_соло8.jpg', 'uploads/13/hall/36/1569505379_соло8.jpg', '2019-09-26 13:42:59', '2019-12-23 16:59:57', 1),
(540, '1569505526_соло5.jpg', 'uploads/13/hall/37/1569505526_соло5.jpg', '2019-09-26 13:45:26', '2019-12-23 17:00:00', 1);
INSERT INTO `images` (`id`, `filename`, `filepath`, `created_at`, `updated_at`, `resized`) VALUES
(541, '1569505526_соло6.jpg', 'uploads/13/hall/37/1569505526_соло6.jpg', '2019-09-26 13:45:26', '2019-12-23 17:00:03', 1),
(542, '1569505552_соло9.jpg', 'uploads/13/hall/38/1569505552_соло9.jpg', '2019-09-26 13:45:52', '2019-12-23 17:00:07', 1),
(552, '1569505983_корона_банк_04.jpg', 'uploads/10/hall/39/1569505983_корона_банк_04.jpg', '2019-09-26 13:53:03', '2019-12-23 17:00:14', 1),
(553, '1569505983_корона_банк01.jpg', 'uploads/10/hall/39/1569505983_корона_банк01.jpg', '2019-09-26 13:53:03', '2019-12-23 17:00:22', 1),
(554, '1569505984_корона_банк02.jpg', 'uploads/10/hall/39/1569505984_корона_банк02.jpg', '2019-09-26 13:53:04', '2019-12-23 17:00:28', 1),
(555, '1569505984_корона_банк05.jpg', 'uploads/10/hall/39/1569505984_корона_банк05.jpg', '2019-09-26 13:53:04', '2019-12-23 17:00:35', 1),
(556, '1569505984_корона_банк06.jpg', 'uploads/10/hall/39/1569505984_корона_банк06.jpg', '2019-09-26 13:53:04', '2019-12-23 17:00:41', 1),
(557, '1569505984_корона_сен4.jpg', 'uploads/10/hall/39/1569505984_корона_сен4.jpg', '2019-09-26 13:53:04', '2019-12-23 17:00:43', 1),
(558, '1569505984_корона_сен8.jpg', 'uploads/10/hall/39/1569505984_корона_сен8.jpg', '2019-09-26 13:53:04', '2019-12-23 17:00:45', 1),
(559, '1569505984_корона_сент_7.jpg', 'uploads/10/hall/39/1569505984_корона_сент_7.jpg', '2019-09-26 13:53:04', '2019-12-23 17:00:48', 1),
(560, '1569505984_корона_сент1.jpg', 'uploads/10/hall/39/1569505984_корона_сент1.jpg', '2019-09-26 13:53:04', '2019-12-23 17:00:50', 1),
(561, '1569505984_корона_сент2.jpg', 'uploads/10/hall/39/1569505984_корона_сент2.jpg', '2019-09-26 13:53:04', '2019-12-23 17:00:52', 1),
(562, '1569505984_корона_сент3.jpg', 'uploads/10/hall/39/1569505984_корона_сент3.jpg', '2019-09-26 13:53:04', '2019-12-23 17:00:54', 1),
(563, '1569505984_корона_сент5.jpg', 'uploads/10/hall/39/1569505984_корона_сент5.jpg', '2019-09-26 13:53:04', '2019-12-23 17:00:57', 1),
(564, '1569505984_корона_сент6.jpg', 'uploads/10/hall/39/1569505984_корона_сент6.jpg', '2019-09-26 13:53:04', '2019-12-23 17:00:58', 1),
(565, '1569505984_корона_сент8.jpg', 'uploads/10/hall/39/1569505984_корона_сент8.jpg', '2019-09-26 13:53:04', '2019-12-23 17:01:01', 1),
(566, '1569506090_корона_кар01.jpg', 'uploads/10/hall/40/1569506090_корона_кар01.jpg', '2019-09-26 13:54:50', '2019-12-23 17:01:08', 1),
(567, '1569506091_корона_кар1.jpg', 'uploads/10/hall/40/1569506091_корона_кар1.jpg', '2019-09-26 13:54:51', '2019-12-23 17:01:10', 1),
(568, '1569506091_корона_кар02.jpg', 'uploads/10/hall/40/1569506091_корона_кар02.jpg', '2019-09-26 13:54:51', '2019-12-23 17:01:14', 1),
(569, '1569506091_корона_кар2.jpg', 'uploads/10/hall/40/1569506091_корона_кар2.jpg', '2019-09-26 13:54:51', '2019-12-23 17:01:16', 1),
(570, '1569506091_корона_кар03.jpg', 'uploads/10/hall/40/1569506091_корона_кар03.jpg', '2019-09-26 13:54:51', '2019-12-23 17:01:20', 1),
(571, '1569506091_корона_кар04.jpg', 'uploads/10/hall/40/1569506091_корона_кар04.jpg', '2019-09-26 13:54:51', '2019-12-23 17:01:28', 1),
(572, '1569506091_корона_кар4.jpg', 'uploads/10/hall/40/1569506091_корона_кар4.jpg', '2019-09-26 13:54:51', '2019-12-23 17:01:30', 1),
(573, '1569506091_корона_кар5.jpg', 'uploads/10/hall/40/1569506091_корона_кар5.jpg', '2019-09-26 13:54:51', '2019-12-23 17:01:32', 1),
(574, '1569506091_корона_кар6.jpg', 'uploads/10/hall/40/1569506091_корона_кар6.jpg', '2019-09-26 13:54:51', '2019-12-23 17:01:33', 1),
(575, '1569506091_корона_кар7.jpg', 'uploads/10/hall/40/1569506091_корона_кар7.jpg', '2019-09-26 13:54:51', '2019-12-23 17:01:35', 1),
(576, '1569506091_корона_кар8.jpg', 'uploads/10/hall/40/1569506091_корона_кар8.jpg', '2019-09-26 13:54:51', '2019-12-23 17:01:37', 1),
(577, '1569506091_корона_кар9.jpg', 'uploads/10/hall/40/1569506091_корона_кар9.jpg', '2019-09-26 13:54:51', '2019-12-23 17:01:39', 1),
(578, '1569506091_корона_кар10.jpg', 'uploads/10/hall/40/1569506091_корона_кар10.jpg', '2019-09-26 13:54:51', '2019-12-23 17:01:41', 1),
(579, '1569506091_корона_кар11.jpg', 'uploads/10/hall/40/1569506091_корона_кар11.jpg', '2019-09-26 13:54:51', '2019-12-23 17:01:42', 1),
(580, '1569506091_корона_кар12.jpg', 'uploads/10/hall/40/1569506091_корона_кар12.jpg', '2019-09-26 13:54:51', '2019-12-23 17:01:44', 1),
(581, '1569506120_корона_лет1.jpg', 'uploads/10/hall/41/1569506120_корона_лет1.jpg', '2019-09-26 13:55:20', '2019-12-23 17:01:47', 1),
(582, '1569506120_корона_лет2.jpg', 'uploads/10/hall/41/1569506120_корона_лет2.jpg', '2019-09-26 13:55:20', '2019-12-23 17:01:48', 1),
(583, '1569506168_корона_бл01.jpg', 'uploads/10/menu/1569506168_корона_бл01.jpg', '2019-09-26 13:56:08', '2019-12-23 17:01:56', 1),
(585, '1569506168_корона_бл02.jpg', 'uploads/10/menu/1569506168_корона_бл02.jpg', '2019-09-26 13:56:08', '2019-12-23 17:02:03', 1),
(586, '1569506168_корона_бл03.jpg', 'uploads/10/menu/1569506168_корона_бл03.jpg', '2019-09-26 13:56:08', '2019-12-23 17:02:08', 1),
(587, '1569506168_корона_бл04.jpg', 'uploads/10/menu/1569506168_корона_бл04.jpg', '2019-09-26 13:56:08', '2019-12-23 17:02:15', 1),
(589, '1569506168_корона_бл06.jpg', 'uploads/10/menu/1569506168_корона_бл06.jpg', '2019-09-26 13:56:08', '2019-12-23 17:02:22', 1),
(590, '1569506168_корона07.jpg', 'uploads/10/menu/1569506168_корона07.jpg', '2019-09-26 13:56:08', '2019-12-23 17:02:30', 1),
(591, '1569506168_корона08.jpg', 'uploads/10/menu/1569506168_корона08.jpg', '2019-09-26 13:56:08', '2019-12-23 17:02:37', 1),
(595, '1569506625_пр7.JPG', 'uploads/3/menu/1569506625_пр7.JPG', '2019-09-26 14:03:45', '2019-12-23 17:02:50', 1),
(596, '1569506626_пр9.JPG', 'uploads/3/menu/1569506626_пр9.JPG', '2019-09-26 14:03:46', '2019-12-23 17:03:02', 1),
(598, '1569506626_пр11.JPG', 'uploads/3/menu/1569506626_пр11.JPG', '2019-09-26 14:03:46', '2019-12-23 17:03:14', 1),
(599, '1569506626_пр12.JPG', 'uploads/3/menu/1569506626_пр12.JPG', '2019-09-26 14:03:46', '2019-12-23 17:03:27', 1),
(600, '1569506626_пр14.JPG', 'uploads/3/menu/1569506626_пр14.JPG', '2019-09-26 14:03:46', '2019-12-23 17:03:39', 1),
(601, '1569506626_пр15.JPG', 'uploads/3/menu/1569506626_пр15.JPG', '2019-09-26 14:03:46', '2019-12-23 17:03:52', 1),
(602, '1569506626_пр16.JPG', 'uploads/3/menu/1569506626_пр16.JPG', '2019-09-26 14:03:46', '2019-12-23 17:04:05', 1),
(603, '1569506626_пр17.JPG', 'uploads/3/menu/1569506626_пр17.JPG', '2019-09-26 14:03:46', '2019-12-23 17:04:20', 1),
(604, '1569506626_пр18.JPG', 'uploads/3/menu/1569506626_пр18.JPG', '2019-09-26 14:03:46', '2019-12-23 17:04:33', 1),
(605, '1569507101_pr1a.jpg', 'uploads/3/hall/42/1569507101_pr1a.jpg', '2019-09-26 14:11:41', '2019-12-23 17:04:35', 1),
(606, '1569507101_pr1b.jpg', 'uploads/3/hall/42/1569507101_pr1b.jpg', '2019-09-26 14:11:41', '2019-12-23 17:04:38', 1),
(607, '1569507101_pr1c.jpg', 'uploads/3/hall/42/1569507101_pr1c.jpg', '2019-09-26 14:11:41', '2019-12-23 17:04:43', 1),
(608, '1569507101_pr1d.JPG', 'uploads/3/hall/42/1569507101_pr1d.JPG', '2019-09-26 14:11:41', '2019-12-23 17:04:49', 1),
(609, '1569507101_интерьер_папа_рома.jpg', 'uploads/3/hall/42/1569507101_интерьер_папа_рома.jpg', '2019-09-26 14:11:41', '2019-12-23 17:04:52', 1),
(610, '1569507168_IMG_8702.jpg', 'uploads/3/hall/43/1569507168_IMG_8702.jpg', '2019-09-26 14:12:48', '2019-12-23 17:05:02', 1),
(611, '1569507170_ПР_2_эт.1.JPG', 'uploads/3/hall/43/1569507170_ПР_2_эт.1.JPG', '2019-09-26 14:12:50', '2019-12-23 17:05:13', 1),
(612, '1569507170_ПР_2_эт.3.JPG', 'uploads/3/hall/43/1569507170_ПР_2_эт.3.JPG', '2019-09-26 14:12:50', '2019-12-23 17:05:18', 1),
(613, '1569507170_ПР_2эт_5.jpg', 'uploads/3/hall/43/1569507170_ПР_2эт_5.jpg', '2019-09-26 14:12:50', '2019-12-23 17:05:22', 1),
(614, '1569507170_ПР_2эт.__4.jpg', 'uploads/3/hall/43/1569507170_ПР_2эт.__4.jpg', '2019-09-26 14:12:50', '2019-12-23 17:05:25', 1),
(615, '1569507170_ПР_2эт._а.jpg', 'uploads/3/hall/43/1569507170_ПР_2эт._а.jpg', '2019-09-26 14:12:50', '2019-12-23 17:05:28', 1),
(616, '1569507170_ПР2_эт.4.JPG', 'uploads/3/hall/43/1569507170_ПР2_эт.4.JPG', '2019-09-26 14:12:50', '2019-12-23 17:05:34', 1),
(617, '1569507170_пр8.JPG', 'uploads/3/hall/43/1569507170_пр8.JPG', '2019-09-26 14:12:50', '2019-12-23 17:05:37', 1),
(618, '1569507265_gh3.jpg', 'uploads/3/hall/44/1569507265_gh3.jpg', '2019-09-26 14:14:25', '2019-12-23 17:05:39', 1),
(619, '1569507265_gh4.jpg', 'uploads/3/hall/44/1569507265_gh4.jpg', '2019-09-26 14:14:25', '2019-12-23 17:05:41', 1),
(620, '1569507265_gh7.jpg', 'uploads/3/hall/44/1569507265_gh7.jpg', '2019-09-26 14:14:25', '2019-12-23 17:05:43', 1),
(621, '1569507265_gh10.jpg', 'uploads/3/hall/44/1569507265_gh10.jpg', '2019-09-26 14:14:25', '2019-12-23 17:05:45', 1),
(625, '1569507266_пр4.JPG', 'uploads/3/hall/44/1569507266_пр4.JPG', '2019-09-26 14:14:26', '2019-12-23 17:05:57', 1),
(626, '1569507266_пр5.JPG', 'uploads/3/hall/44/1569507266_пр5.JPG', '2019-09-26 14:14:26', '2019-12-23 17:06:08', 1),
(628, '1569572242_рок_кафе3.jpg', 'uploads/22/gallery/1569572242_рок_кафе3.jpg', '2019-09-27 08:17:22', '2019-12-23 17:06:11', 1),
(629, '1569572242_рок1.jpg', 'uploads/22/gallery/1569572242_рок1.jpg', '2019-09-27 08:17:22', '2019-12-23 17:06:14', 1),
(630, '1569572242_рок10.jpg', 'uploads/22/gallery/1569572242_рок10.jpg', '2019-09-27 08:17:22', '2019-12-23 17:06:16', 1),
(631, '1569572242_рок12.jpg', 'uploads/22/gallery/1569572242_рок12.jpg', '2019-09-27 08:17:22', '2019-12-23 16:56:34', 1),
(632, '1569572242_рок15.jpg', 'uploads/22/gallery/1569572242_рок15.jpg', '2019-09-27 08:17:22', '2019-12-23 17:06:19', 1),
(633, '1569574562_рок_кафе3.jpg', 'uploads/22/hall/45/1569574562_рок_кафе3.jpg', '2019-09-27 08:56:02', '2019-12-23 17:06:21', 1),
(634, '1569574562_рок1.jpg', 'uploads/22/hall/45/1569574562_рок1.jpg', '2019-09-27 08:56:02', '2019-12-23 17:06:24', 1),
(635, '1569574562_рок2.jpg', 'uploads/22/hall/45/1569574562_рок2.jpg', '2019-09-27 08:56:02', '2019-12-23 17:06:27', 1),
(636, '1569574562_рок4.jpg', 'uploads/22/hall/45/1569574562_рок4.jpg', '2019-09-27 08:56:02', '2019-12-23 17:06:29', 1),
(637, '1569574562_рок5.jpg', 'uploads/22/hall/45/1569574562_рок5.jpg', '2019-09-27 08:56:02', '2019-12-23 17:06:32', 1),
(638, '1569574562_рок6.jpg', 'uploads/22/hall/45/1569574562_рок6.jpg', '2019-09-27 08:56:02', '2019-12-23 17:06:34', 1),
(639, '1569574562_рок7.jpg', 'uploads/22/hall/45/1569574562_рок7.jpg', '2019-09-27 08:56:02', '2019-12-23 17:06:37', 1),
(640, '1569574562_рок8.jpg', 'uploads/22/hall/45/1569574562_рок8.jpg', '2019-09-27 08:56:02', '2019-12-23 17:06:39', 1),
(641, '1569574562_рок9.jpg', 'uploads/22/hall/45/1569574562_рок9.jpg', '2019-09-27 08:56:02', '2019-12-23 17:06:41', 1),
(642, '1569574562_рок10.jpg', 'uploads/22/hall/45/1569574562_рок10.jpg', '2019-09-27 08:56:02', '2019-12-23 17:06:44', 1),
(643, '1569574562_рок11.jpg', 'uploads/22/hall/45/1569574562_рок11.jpg', '2019-09-27 08:56:02', '2019-12-23 17:06:46', 1),
(644, '1569575177_табу_24_1.jpg', 'uploads/23/hall/46/1569575177_табу_24_1.jpg', '2019-09-27 09:06:17', '2019-12-23 17:06:48', 1),
(645, '1569575177_табу_24_2.jpg', 'uploads/23/hall/46/1569575177_табу_24_2.jpg', '2019-09-27 09:06:17', '2019-12-23 17:06:50', 1),
(646, '1569575177_табу_24_3.jpg', 'uploads/23/hall/46/1569575177_табу_24_3.jpg', '2019-09-27 09:06:17', '2019-12-23 17:06:52', 1),
(647, '1569575177_табу_24_4.jpg', 'uploads/23/hall/46/1569575177_табу_24_4.jpg', '2019-09-27 09:06:17', '2019-12-23 17:06:54', 1),
(648, '1569575177_табу_24_5.jpg', 'uploads/23/hall/46/1569575177_табу_24_5.jpg', '2019-09-27 09:06:17', '2019-12-23 17:06:56', 1),
(649, '1569575177_табу_24_6.jpg', 'uploads/23/hall/46/1569575177_табу_24_6.jpg', '2019-09-27 09:06:17', '2019-12-23 17:06:58', 1),
(650, '1569575177_табу_24_7.jpg', 'uploads/23/hall/46/1569575177_табу_24_7.jpg', '2019-09-27 09:06:17', '2019-12-23 17:07:00', 1),
(651, '1569575177_табу_24_блюдо1.jpeg', 'uploads/23/hall/46/1569575177_табу_24_блюдо1.jpeg', '2019-09-27 09:06:17', '2019-12-23 17:07:02', 1),
(652, '1569575607_20190404_132856.jpg', 'uploads/14/hall/47/1569575607_20190404_132856.jpg', '2019-09-27 09:13:27', '2019-12-23 17:07:13', 1),
(653, '1569575608_шампань2.jpg', 'uploads/14/hall/47/1569575608_шампань2.jpg', '2019-09-27 09:13:28', '2019-12-23 17:07:16', 1),
(654, '1569575608_шампань3.jpg', 'uploads/14/hall/47/1569575608_шампань3.jpg', '2019-09-27 09:13:28', '2019-12-23 17:07:19', 1),
(655, '1569575608_шампань4.jpg', 'uploads/14/hall/47/1569575608_шампань4.jpg', '2019-09-27 09:13:28', '2019-12-23 17:07:22', 1),
(656, '1569575650_шампань12.jpg', 'uploads/14/hall/48/1569575650_шампань12.jpg', '2019-09-27 09:14:10', '2019-12-23 17:07:25', 1),
(657, '1569575650_шампань13.jpg', 'uploads/14/hall/48/1569575650_шампань13.jpg', '2019-09-27 09:14:10', '2019-12-23 17:07:29', 1),
(659, '1569575686_шампань5.jpg', 'uploads/14/hall/49/1569575686_шампань5.jpg', '2019-09-27 09:14:46', '2019-12-23 17:07:32', 1),
(660, '1569575686_шампань6.jpg', 'uploads/14/hall/49/1569575686_шампань6.jpg', '2019-09-27 09:14:46', '2019-12-23 17:07:36', 1),
(661, '1569575686_шампань7.jpg', 'uploads/14/hall/49/1569575686_шампань7.jpg', '2019-09-27 09:14:46', '2019-12-23 17:07:40', 1),
(662, '1569576077_оазис04.jpg', 'uploads/19/hall/50/1569576077_оазис04.jpg', '2019-09-27 09:21:17', '2019-12-23 17:07:43', 1),
(663, '1569576077_оазис06.jpg', 'uploads/19/hall/50/1569576077_оазис06.jpg', '2019-09-27 09:21:17', '2019-12-23 17:07:45', 1),
(664, '1569576077_оазис07.jpg', 'uploads/19/hall/50/1569576077_оазис07.jpg', '2019-09-27 09:21:17', '2019-12-23 17:07:48', 1),
(665, '1569576077_оазис08.jpg', 'uploads/19/hall/50/1569576077_оазис08.jpg', '2019-09-27 09:21:17', '2019-12-23 17:07:51', 1),
(666, '1569576077_оазис012.jpg', 'uploads/19/hall/50/1569576077_оазис012.jpg', '2019-09-27 09:21:17', '2019-12-23 17:07:54', 1),
(667, '1569576077_оазис016.jpg', 'uploads/19/hall/50/1569576077_оазис016.jpg', '2019-09-27 09:21:17', '2019-12-23 17:07:57', 1),
(668, '1569576106_оазис_011.jpg', 'uploads/19/hall/51/1569576106_оазис_011.jpg', '2019-09-27 09:21:46', '2019-12-23 17:07:59', 1),
(669, '1569576106_оазис_015.jpg', 'uploads/19/hall/51/1569576106_оазис_015.jpg', '2019-09-27 09:21:46', '2019-12-23 17:08:02', 1),
(670, '1569576106_оазис01.jpg', 'uploads/19/hall/51/1569576106_оазис01.jpg', '2019-09-27 09:21:46', '2019-12-23 17:08:06', 1),
(671, '1569576106_оазис05.jpg', 'uploads/19/hall/51/1569576106_оазис05.jpg', '2019-09-27 09:21:46', '2019-12-23 17:08:09', 1),
(672, '1569576106_оазис014.jpg', 'uploads/19/hall/51/1569576106_оазис014.jpg', '2019-09-27 09:21:46', '2019-12-23 17:08:13', 1),
(673, '1569576872_кейтеринг_пр1.jpg', 'uploads/25/hall/52/1569576872_кейтеринг_пр1.jpg', '2019-09-27 09:34:32', '2019-12-23 17:08:16', 1),
(677, '1569576872_кейтеринг9.jpg', 'uploads/25/hall/52/1569576872_кейтеринг9.jpg', '2019-09-27 09:34:32', '2019-12-23 17:08:18', 1),
(680, '1569576872_кейтеринг17.jpg', 'uploads/25/hall/52/1569576872_кейтеринг17.jpg', '2019-09-27 09:34:32', '2019-12-23 17:08:22', 1),
(681, '1569576872_кейтеринг18.jpg', 'uploads/25/hall/52/1569576872_кейтеринг18.jpg', '2019-09-27 09:34:32', '2019-12-23 17:08:24', 1),
(682, '1569576929_кейтеринг_7.jpg', 'uploads/25/menu/1569576929_кейтеринг_7.jpg', '2019-09-27 09:35:29', '2019-12-23 17:08:26', 1),
(683, '1569576929_кейтеринг6.jpg', 'uploads/25/menu/1569576929_кейтеринг6.jpg', '2019-09-27 09:35:29', '2019-12-23 17:08:28', 1),
(684, '1569576929_кейтеринг10.jpg', 'uploads/25/menu/1569576929_кейтеринг10.jpg', '2019-09-27 09:35:29', '2019-12-23 17:08:29', 1),
(685, '1569576929_кейтеринг11.jpg', 'uploads/25/menu/1569576929_кейтеринг11.jpg', '2019-09-27 09:35:29', '2019-12-23 17:08:34', 1),
(686, '1569576929_кейтеринг14.jpg', 'uploads/25/menu/1569576929_кейтеринг14.jpg', '2019-09-27 09:35:29', '2019-12-23 17:08:38', 1),
(688, '1569577491_мож1.JPG', 'uploads/24/menu/1569577491_мож1.JPG', '2019-09-27 09:44:51', '2019-12-23 17:08:49', 1),
(689, '1569577492_мож2.JPG', 'uploads/24/menu/1569577492_мож2.JPG', '2019-09-27 09:44:52', '2019-12-23 17:09:00', 1),
(690, '1569577492_мож5.JPG', 'uploads/24/menu/1569577492_мож5.JPG', '2019-09-27 09:44:52', '2019-12-23 17:09:11', 1),
(691, '1569577492_мож8.JPG', 'uploads/24/menu/1569577492_мож8.JPG', '2019-09-27 09:44:52', '2019-12-23 17:09:23', 1),
(692, '1569577492_мож11.jpg', 'uploads/24/menu/1569577492_мож11.jpg', '2019-09-27 09:44:52', '2019-12-23 17:09:41', 1),
(694, '1569577492_мож16.jpg', 'uploads/24/menu/1569577492_мож16.jpg', '2019-09-27 09:44:52', '2019-12-23 17:09:51', 1),
(695, '1569577492_мож17.JPG', 'uploads/24/menu/1569577492_мож17.JPG', '2019-09-27 09:44:52', '2019-12-23 17:10:02', 1),
(696, '1569577492_мож18.JPG', 'uploads/24/menu/1569577492_мож18.JPG', '2019-09-27 09:44:52', '2019-12-23 17:10:13', 1),
(697, '1569577492_мож26.jpg', 'uploads/24/menu/1569577492_мож26.jpg', '2019-09-27 09:44:52', '2019-12-23 17:10:17', 1),
(698, '1569577492_мож28.jpg', 'uploads/24/menu/1569577492_мож28.jpg', '2019-09-27 09:44:52', '2019-12-23 17:10:19', 1),
(699, '1569577492_мож29.jpg', 'uploads/24/menu/1569577492_мож29.jpg', '2019-09-27 09:44:52', '2019-12-23 17:10:22', 1),
(700, '1569577492_мож31.jpg', 'uploads/24/menu/1569577492_мож31.jpg', '2019-09-27 09:44:52', '2019-12-23 17:10:24', 1),
(701, '1569577592_мож19.JPG', 'uploads/24/menu/1569577592_мож19.JPG', '2019-09-27 09:46:32', '2019-12-23 17:10:36', 1),
(702, '1569577592_мож25.jpg', 'uploads/24/menu/1569577592_мож25.jpg', '2019-09-27 09:46:32', '2019-12-23 17:10:40', 1),
(704, '1569578183_ля_мажор_банк.2.jpg', 'uploads/24/hall/55/1569578183_ля_мажор_банк.2.jpg', '2019-09-27 09:56:23', '2019-12-23 17:10:41', 1),
(705, '1569578183_ля_можор_банк.1.jpg', 'uploads/24/hall/55/1569578183_ля_можор_банк.1.jpg', '2019-09-27 09:56:23', '2019-12-23 17:10:43', 1),
(707, '1569578226_Лмб2.jpg', 'uploads/24/hall/55/1569578226_Лмб2.jpg', '2019-09-27 09:57:06', '2019-12-23 17:10:46', 1),
(712, '1569578226_Лмб7.jpg', 'uploads/24/hall/55/1569578226_Лмб7.jpg', '2019-09-27 09:57:06', '2019-12-23 17:10:50', 1),
(713, '1569578226_Лмб8.jpg', 'uploads/24/hall/55/1569578226_Лмб8.jpg', '2019-09-27 09:57:06', '2019-12-23 17:10:54', 1),
(714, '1569578226_Лмб9.jpg', 'uploads/24/hall/55/1569578226_Лмб9.jpg', '2019-09-27 09:57:06', '2019-12-23 17:10:57', 1),
(715, '1569578281_ЛМб1.jpg', 'uploads/24/hall/55/1569578281_ЛМб1.jpg', '2019-09-27 09:58:01', '2019-12-23 17:11:01', 1),
(716, '1569578281_Лмб2.jpg', 'uploads/24/hall/55/1569578281_Лмб2.jpg', '2019-09-27 09:58:01', '2019-12-23 17:11:04', 1),
(717, '1569578392_Дм29.jpg', 'uploads/24/hall/57/1569578392_Дм29.jpg', '2019-09-27 09:59:52', '2019-12-23 17:11:06', 1),
(718, '1569578392_ЛМ!.jpg', 'uploads/24/hall/57/1569578392_ЛМ!.jpg', '2019-09-27 09:59:52', '2019-12-23 17:11:09', 1),
(719, '1569578392_ЛМ2.jpg', 'uploads/24/hall/57/1569578392_ЛМ2.jpg', '2019-09-27 09:59:52', '2019-12-23 17:11:13', 1),
(720, '1569578392_ЛМ5.jpg', 'uploads/24/hall/57/1569578392_ЛМ5.jpg', '2019-09-27 09:59:52', '2019-12-23 17:11:16', 1),
(721, '1569578392_Лм6.jpg', 'uploads/24/hall/57/1569578392_Лм6.jpg', '2019-09-27 09:59:52', '2019-12-23 17:11:19', 1),
(722, '1569578392_ЛМ7.jpg', 'uploads/24/hall/57/1569578392_ЛМ7.jpg', '2019-09-27 09:59:52', '2019-12-23 17:11:23', 1),
(723, '1569578392_Лм8.jpg', 'uploads/24/hall/57/1569578392_Лм8.jpg', '2019-09-27 09:59:52', '2019-12-23 17:11:26', 1),
(724, '1569578392_Лм11.jpg', 'uploads/24/hall/57/1569578392_Лм11.jpg', '2019-09-27 09:59:52', '2019-12-23 17:11:29', 1),
(728, '1569579146_Лм9.jpg', 'uploads/24/hall/57/1569579146_Лм9.jpg', '2019-09-27 10:12:26', '2019-12-23 17:11:33', 1),
(729, '1569579146_ЛМ12.jpg', 'uploads/24/hall/57/1569579146_ЛМ12.jpg', '2019-09-27 10:12:26', '2019-12-23 17:11:36', 1),
(730, '1569579146_Лм14.jpg', 'uploads/24/hall/57/1569579146_Лм14.jpg', '2019-09-27 10:12:26', '2019-12-23 17:11:40', 1),
(731, '1569579146_Лм15.jpg', 'uploads/24/hall/57/1569579146_Лм15.jpg', '2019-09-27 10:12:26', '2019-12-23 17:11:43', 1),
(732, '1569579146_Лм21.jpg', 'uploads/24/hall/57/1569579146_Лм21.jpg', '2019-09-27 10:12:26', '2019-12-23 17:11:46', 1),
(733, '1569579146_ЛМ25.jpg', 'uploads/24/hall/57/1569579146_ЛМ25.jpg', '2019-09-27 10:12:26', '2019-12-23 17:11:49', 1),
(734, '1569579146_Лм31.jpg', 'uploads/24/hall/57/1569579146_Лм31.jpg', '2019-09-27 10:12:26', '2019-12-23 17:11:52', 1),
(735, '1569580277_маж_бз.jpg', 'uploads/24/hall/55/1569580277_маж_бз.jpg', '2019-09-27 10:31:17', '2019-12-23 17:11:55', 1),
(736, '1569580277_маж_бз1.jpg', 'uploads/24/hall/55/1569580277_маж_бз1.jpg', '2019-09-27 10:31:17', '2019-12-23 17:11:58', 1),
(737, '1569580277_маж_бз2.jpg', 'uploads/24/hall/55/1569580277_маж_бз2.jpg', '2019-09-27 10:31:17', '2019-12-23 17:12:01', 1),
(738, '1569580277_маж_бз3.jpg', 'uploads/24/hall/55/1569580277_маж_бз3.jpg', '2019-09-27 10:31:17', '2019-12-23 17:12:04', 1),
(739, '1569580277_маж_бз6.jpg', 'uploads/24/hall/55/1569580277_маж_бз6.jpg', '2019-09-27 10:31:17', '2019-12-23 17:12:08', 1),
(740, '1569580277_маж_бз7.jpg', 'uploads/24/hall/55/1569580277_маж_бз7.jpg', '2019-09-27 10:31:17', '2019-12-23 17:12:11', 1),
(741, '1569581119_Лмажкар1.jpg', 'uploads/24/hall/58/1569581119_Лмажкар1.jpg', '2019-09-27 10:45:19', '2019-12-23 17:12:14', 1),
(742, '1569581119_Лмажкар5.jpg', 'uploads/24/hall/58/1569581119_Лмажкар5.jpg', '2019-09-27 10:45:19', '2019-12-23 17:12:17', 1),
(743, '1569581119_Лмажкар8.jpg', 'uploads/24/hall/58/1569581119_Лмажкар8.jpg', '2019-09-27 10:45:19', '2019-12-23 17:12:20', 1),
(744, '1569581119_Лмажкар10.jpg', 'uploads/24/hall/58/1569581119_Лмажкар10.jpg', '2019-09-27 10:45:19', '2019-12-23 17:12:23', 1),
(745, '1569581119_Лмажкар14.jpg', 'uploads/24/hall/58/1569581119_Лмажкар14.jpg', '2019-09-27 10:45:19', '2019-12-23 17:12:27', 1),
(746, '1569581367_Лм19.jpg', 'uploads/24/hall/56/1569581367_Лм19.jpg', '2019-09-27 10:49:27', '2019-12-23 17:12:31', 1),
(747, '1569581367_Лм23.jpg', 'uploads/24/hall/56/1569581367_Лм23.jpg', '2019-09-27 10:49:27', '2019-12-23 17:12:34', 1),
(748, '1569581367_Лм24.jpg', 'uploads/24/hall/56/1569581367_Лм24.jpg', '2019-09-27 10:49:27', '2019-12-23 17:12:37', 1),
(749, '1569581367_ЛМ25.jpg', 'uploads/24/hall/56/1569581367_ЛМ25.jpg', '2019-09-27 10:49:27', '2019-12-23 17:12:41', 1),
(750, '1569581367_Лм26.jpg', 'uploads/24/hall/56/1569581367_Лм26.jpg', '2019-09-27 10:49:27', '2019-12-23 17:12:44', 1),
(751, '1569582253_ЛМаж.1.jpg', 'uploads/24/hall/59/1569582253_ЛМаж.1.jpg', '2019-09-27 11:04:13', '2019-12-23 17:12:47', 1),
(752, '1569582253_ЛМаж2.jpg', 'uploads/24/hall/59/1569582253_ЛМаж2.jpg', '2019-09-27 11:04:13', '2019-12-23 17:12:50', 1),
(753, '1569582253_ЛМаж3.jpg', 'uploads/24/hall/59/1569582253_ЛМаж3.jpg', '2019-09-27 11:04:13', '2019-12-23 17:12:54', 1),
(754, '1569582254_ЛМаж4.jpg', 'uploads/24/hall/59/1569582254_ЛМаж4.jpg', '2019-09-27 11:04:14', '2019-12-23 17:12:57', 1),
(755, '1569582254_ЛМаж5.jpg', 'uploads/24/hall/59/1569582254_ЛМаж5.jpg', '2019-09-27 11:04:14', '2019-12-23 17:13:00', 1),
(756, '1569582254_ЛМаж6.jpg', 'uploads/24/hall/59/1569582254_ЛМаж6.jpg', '2019-09-27 11:04:14', '2019-12-23 17:13:04', 1),
(757, '1569582254_ЛМаж7.jpg', 'uploads/24/hall/59/1569582254_ЛМаж7.jpg', '2019-09-27 11:04:14', '2019-12-23 17:13:07', 1),
(758, '1569582254_ЛМаж8.jpg', 'uploads/24/hall/59/1569582254_ЛМаж8.jpg', '2019-09-27 11:04:14', '2019-12-23 17:13:11', 1),
(759, '1569582254_ЛМаж9.jpg', 'uploads/24/hall/59/1569582254_ЛМаж9.jpg', '2019-09-27 11:04:14', '2019-12-23 17:13:14', 1),
(760, '1569582254_ЛМаж10.jpg', 'uploads/24/hall/59/1569582254_ЛМаж10.jpg', '2019-09-27 11:04:14', '2019-12-23 17:13:17', 1),
(761, '1569582891_DSC_0017_Extracted.JPG', 'uploads/15/hall/60/1569582891_DSC_0017_Extracted.JPG', '2019-09-27 11:14:51', '2019-12-23 17:13:30', 1),
(762, '1569582891_DSC_0022_Extracted.JPG', 'uploads/15/hall/60/1569582891_DSC_0022_Extracted.JPG', '2019-09-27 11:14:51', '2019-12-23 17:13:43', 1),
(763, '1569582891_DSC_0055_Extracted.JPG', 'uploads/15/hall/60/1569582891_DSC_0055_Extracted.JPG', '2019-09-27 11:14:51', '2019-12-23 17:13:55', 1),
(764, '1569582891_DSC_0064_Extracted.JPG', 'uploads/15/hall/60/1569582891_DSC_0064_Extracted.JPG', '2019-09-27 11:14:51', '2019-12-23 17:14:09', 1),
(765, '1569582892_DSC_0069_Extracted.JPG', 'uploads/15/hall/60/1569582892_DSC_0069_Extracted.JPG', '2019-09-27 11:14:52', '2019-12-23 17:14:22', 1),
(766, '1569582892_DSC_0072_Extracted.JPG', 'uploads/15/hall/60/1569582892_DSC_0072_Extracted.JPG', '2019-09-27 11:14:52', '2019-12-23 17:14:34', 1),
(767, '1569582970_DSC_0014.jpg', 'uploads/15/hall/62/1569582970_DSC_0014.jpg', '2019-09-27 11:16:10', '2019-12-23 17:14:49', 1),
(768, '1569582971_DSC_0018.jpg', 'uploads/15/hall/62/1569582971_DSC_0018.jpg', '2019-09-27 11:16:11', '2019-12-23 17:15:02', 1),
(769, '1569582971_DSC_0041_Extracted.JPG', 'uploads/15/hall/62/1569582971_DSC_0041_Extracted.JPG', '2019-09-27 11:16:11', '2019-12-23 17:15:15', 1),
(773, '1569586270_пс14.jpg', 'uploads/8/menu/1569586270_пс14.jpg', '2019-09-27 12:11:10', '2019-12-23 17:15:18', 1),
(780, '1569586387_mini_Ананас_на_гриле_с_перцем_чили.jpg', 'uploads/8/menu/1569586387_mini_Ананас_на_гриле_с_перцем_чили.jpg', '2019-09-27 12:13:07', '2019-12-23 17:15:23', 1),
(781, '1569586387_mini_Свиная_корейка_на_гриле.jpg', 'uploads/8/menu/1569586387_mini_Свиная_корейка_на_гриле.jpg', '2019-09-27 12:13:07', '2019-12-23 17:15:27', 1),
(782, '1569586387_mini_Стейк_из_семги_на_решетке.jpg', 'uploads/8/menu/1569586387_mini_Стейк_из_семги_на_решетке.jpg', '2019-09-27 12:13:07', '2019-12-23 17:15:34', 1),
(783, '1569586387_пан.с_бл1.jpg', 'uploads/8/menu/1569586387_пан.с_бл1.jpg', '2019-09-27 12:13:07', '2019-12-23 17:15:37', 1),
(784, '1569586387_пан.с_бл2.jpg', 'uploads/8/menu/1569586387_пан.с_бл2.jpg', '2019-09-27 12:13:07', '2019-12-23 17:15:39', 1),
(785, '1569586387_панс.с_бл3.jpg', 'uploads/8/menu/1569586387_панс.с_бл3.jpg', '2019-09-27 12:13:07', '2019-12-23 17:15:40', 1),
(786, '1569586387_панс.с_бл4.jpg', 'uploads/8/menu/1569586387_панс.с_бл4.jpg', '2019-09-27 12:13:07', '2019-12-23 17:15:43', 1),
(789, '1569586389_Хачапури_по-аджарски_с_сыром.jpg', 'uploads/8/menu/1569586389_Хачапури_по-аджарски_с_сыром.jpg', '2019-09-27 12:13:09', '2019-12-23 17:16:00', 1),
(790, '1569586518_пс22.jpg', 'uploads/8/menu/1569586518_пс22.jpg', '2019-09-27 12:15:18', '2019-12-23 17:16:02', 1),
(791, '1569586518_пс9.jpg', 'uploads/8/menu/1569586518_пс9.jpg', '2019-09-27 12:15:18', '2019-12-23 17:16:05', 1),
(792, '1569586518_пс15.jpg', 'uploads/8/menu/1569586518_пс15.jpg', '2019-09-27 12:15:18', '2019-12-23 17:16:08', 1),
(793, '1569587088_IMG-3ff68a193d235cb02335b2973bd014e3-V.jpg', 'uploads/8/hall/64/1569587088_IMG-3ff68a193d235cb02335b2973bd014e3-V.jpg', '2019-09-27 12:24:48', '2019-12-23 17:16:11', 1),
(794, '1569587088_IMG-59bc92739744727052485251dd64051d-V.jpg', 'uploads/8/hall/64/1569587088_IMG-59bc92739744727052485251dd64051d-V.jpg', '2019-09-27 12:24:48', '2019-12-23 17:16:14', 1),
(796, '1569587163_пс8.jpg', 'uploads/8/hall/64/1569587163_пс8.jpg', '2019-09-27 12:26:03', '2019-12-23 17:16:17', 1),
(797, '1569587217_11-56-24.jpg', 'uploads/8/hall/64/1569587217_11-56-24.jpg', '2019-09-27 12:26:57', '2019-12-23 17:16:21', 1),
(798, '1569587217_DSC_9161.jpg', 'uploads/8/hall/64/1569587217_DSC_9161.jpg', '2019-09-27 12:26:57', '2019-12-23 17:16:40', 1),
(799, '1569587221_DSC_9163.jpg', 'uploads/8/hall/64/1569587221_DSC_9163.jpg', '2019-09-27 12:27:01', '2019-12-23 17:16:59', 1),
(801, '1569587289_11-56-12.jpg', 'uploads/8/hall/65/1569587289_11-56-12.jpg', '2019-09-27 12:28:09', '2019-12-23 17:17:01', 1),
(802, '1569587289_DSC_9143.jpg', 'uploads/8/hall/65/1569587289_DSC_9143.jpg', '2019-09-27 12:28:09', '2019-12-23 17:17:18', 1),
(803, '1569587315_пс5.jpg', 'uploads/8/hall/65/1569587315_пс5.jpg', '2019-09-27 12:28:35', '2019-12-23 17:17:21', 1),
(804, '1569587315_пс6.jpg', 'uploads/8/hall/65/1569587315_пс6.jpg', '2019-09-27 12:28:35', '2019-12-23 17:17:23', 1),
(806, '1569587434_viber_1.jpg', 'uploads/8/hall/66/1569587434_viber_1.jpg', '2019-09-27 12:30:34', '2019-12-23 17:17:26', 1),
(808, '1569587434_пс16.jpg', 'uploads/8/hall/66/1569587434_пс16.jpg', '2019-09-27 12:30:34', '2019-12-23 17:17:29', 1),
(809, '1569587434_пс18.jpg', 'uploads/8/hall/66/1569587434_пс18.jpg', '2019-09-27 12:30:34', '2019-12-23 17:17:31', 1),
(811, '1569587478_ps7.jpg', 'uploads/8/hall/66/1569587478_ps7.jpg', '2019-09-27 12:31:18', '2019-12-23 17:17:33', 1),
(812, '1569587516_ps5.jpg', 'uploads/8/hall/67/1569587516_ps5.jpg', '2019-09-27 12:31:56', '2019-12-23 17:17:37', 1),
(813, '1569587516_ps9.jpg', 'uploads/8/hall/67/1569587516_ps9.jpg', '2019-09-27 12:31:56', '2019-12-23 17:17:40', 1),
(814, '1569587516_ps10.jpg', 'uploads/8/hall/67/1569587516_ps10.jpg', '2019-09-27 12:31:56', '2019-12-23 17:17:42', 1),
(815, '1569587516_пс19.jpg', 'uploads/8/hall/67/1569587516_пс19.jpg', '2019-09-27 12:31:56', '2019-12-23 17:17:44', 1),
(816, '1569587527_панск.с_10.jpg', 'uploads/8/hall/67/1569587527_панск.с_10.jpg', '2019-09-27 12:32:07', '2019-12-23 17:17:46', 1),
(817, '1569587527_пан.с7.jpg', 'uploads/8/hall/67/1569587527_пан.с7.jpg', '2019-09-27 12:32:07', '2019-12-23 17:17:48', 1),
(818, '1569587552_пан.с6.jpg', 'uploads/8/hall/67/1569587552_пан.с6.jpg', '2019-09-27 12:32:32', '2019-12-23 17:17:51', 1),
(819, '1569587600_2-1.jpg', 'uploads/8/hall/67/1569587600_2-1.jpg', '2019-09-27 12:33:20', '2019-12-23 17:17:52', 1),
(820, '1569587600_19.jpg', 'uploads/8/hall/67/1569587600_19.jpg', '2019-09-27 12:33:20', '2019-12-23 17:17:56', 1),
(821, '1569587600_31-с-1.jpg', 'uploads/8/hall/67/1569587600_31-с-1.jpg', '2019-09-27 12:33:20', '2019-12-23 17:17:59', 1),
(823, '1569588324_пл.вор.12вапеник.jpg', 'uploads/28/menu/1569588324_пл.вор.12вапеник.jpg', '2019-09-27 12:45:24', '2019-12-23 17:18:02', 1),
(824, '1569588324_пл.вор1.jpg', 'uploads/28/menu/1569588324_пл.вор1.jpg', '2019-09-27 12:45:24', '2019-12-23 17:18:04', 1),
(825, '1569588324_пл.вор2.jpg', 'uploads/28/menu/1569588324_пл.вор2.jpg', '2019-09-27 12:45:24', '2019-12-23 17:18:07', 1),
(826, '1569588324_пл.вор3.jpg', 'uploads/28/menu/1569588324_пл.вор3.jpg', '2019-09-27 12:45:24', '2019-12-23 17:18:09', 1),
(827, '1569588324_пл.вор4.jpg', 'uploads/28/menu/1569588324_пл.вор4.jpg', '2019-09-27 12:45:24', '2019-12-23 17:18:11', 1),
(830, '1569588324_пл.вор6.jpg', 'uploads/28/menu/1569588324_пл.вор6.jpg', '2019-09-27 12:45:24', '2019-12-23 17:18:13', 1),
(831, '1569588324_пл.вор7.jpg', 'uploads/28/menu/1569588324_пл.вор7.jpg', '2019-09-27 12:45:24', '2019-12-23 17:18:15', 1),
(832, '1569588324_пл.вор8.jpg', 'uploads/28/menu/1569588324_пл.вор8.jpg', '2019-09-27 12:45:24', '2019-12-23 17:18:18', 1),
(833, '1569588324_пл.вор9.jpg', 'uploads/28/menu/1569588324_пл.вор9.jpg', '2019-09-27 12:45:24', '2019-12-23 17:18:20', 1),
(834, '1569588324_пл.вор10мясной.jpg', 'uploads/28/menu/1569588324_пл.вор10мясной.jpg', '2019-09-27 12:45:24', '2019-12-23 17:18:24', 1),
(835, '1569588324_пл.вор11овощ.jpg', 'uploads/28/menu/1569588324_пл.вор11овощ.jpg', '2019-09-27 12:45:24', '2019-12-23 17:18:27', 1),
(836, '1569588418_пл.вор01.jpg', 'uploads/28/hall/68/1569588418_пл.вор01.jpg', '2019-09-27 12:46:58', '2019-12-23 17:18:29', 1),
(837, '1569588418_пл.вор02.jpg', 'uploads/28/hall/68/1569588418_пл.вор02.jpg', '2019-09-27 12:46:58', '2019-12-23 17:18:32', 1),
(838, '1569588418_пл.вор03.jpg', 'uploads/28/hall/68/1569588418_пл.вор03.jpg', '2019-09-27 12:46:58', '2019-12-23 17:18:35', 1),
(839, '1569588418_пл.вор04.jpg', 'uploads/28/hall/68/1569588418_пл.вор04.jpg', '2019-09-27 12:46:58', '2019-12-23 17:18:38', 1),
(840, '1569588418_пл.вор06.jpg', 'uploads/28/hall/68/1569588418_пл.вор06.jpg', '2019-09-27 12:46:58', '2019-12-23 17:18:41', 1),
(841, '1569588418_пл.вор07.jpg', 'uploads/28/hall/68/1569588418_пл.вор07.jpg', '2019-09-27 12:46:58', '2019-12-23 17:18:44', 1),
(842, '1569588418_пл.вор08.jpg', 'uploads/28/hall/68/1569588418_пл.вор08.jpg', '2019-09-27 12:46:58', '2019-12-23 17:18:48', 1),
(843, '1569588418_пл.вор09.jpg', 'uploads/28/hall/68/1569588418_пл.вор09.jpg', '2019-09-27 12:46:58', '2019-12-23 17:18:50', 1),
(844, '1569588418_пл.вор10.jpg', 'uploads/28/hall/68/1569588418_пл.вор10.jpg', '2019-09-27 12:46:58', '2019-12-23 17:18:53', 1),
(845, '1569588418_пл.вор11.jpg', 'uploads/28/hall/68/1569588418_пл.вор11.jpg', '2019-09-27 12:46:58', '2019-12-23 17:18:57', 1),
(847, '1569588418_пл.вор13.jpg', 'uploads/28/hall/68/1569588418_пл.вор13.jpg', '2019-09-27 12:46:58', '2019-12-23 17:19:00', 1),
(848, '1569588418_пл.вор14.jpg', 'uploads/28/hall/68/1569588418_пл.вор14.jpg', '2019-09-27 12:46:58', '2019-12-23 17:19:03', 1),
(849, '1569588690_пл.вор09.jpg', 'uploads/28/thumb/1569588690_пл.вор09.jpg', '2019-09-27 12:51:30', '2019-12-23 17:19:05', 1),
(851, '1569589271_Б2.jpg', 'uploads/9/menu/1569589271_Б2.jpg', '2019-09-27 13:01:11', '2019-12-23 17:19:09', 1),
(853, '1569589271_Б4.jpg', 'uploads/9/menu/1569589271_Б4.jpg', '2019-09-27 13:01:11', '2019-12-23 17:19:12', 1),
(855, '1569589271_Б6.jpg', 'uploads/9/menu/1569589271_Б6.jpg', '2019-09-27 13:01:11', '2019-12-23 17:19:14', 1),
(856, '1569589271_б7.jpg', 'uploads/9/menu/1569589271_б7.jpg', '2019-09-27 13:01:11', '2019-12-23 17:19:16', 1),
(857, '1569589271_б9.jpg', 'uploads/9/menu/1569589271_б9.jpg', '2019-09-27 13:01:11', '2019-12-23 17:19:19', 1),
(858, '1569589271_б10.jpg', 'uploads/9/menu/1569589271_б10.jpg', '2019-09-27 13:01:11', '2019-12-23 17:19:22', 1),
(859, '1569589271_б11.jpg', 'uploads/9/menu/1569589271_б11.jpg', '2019-09-27 13:01:11', '2019-12-23 17:15:30', 1),
(860, '1569589271_б12.jpg', 'uploads/9/menu/1569589271_б12.jpg', '2019-09-27 13:01:11', '2019-12-23 17:19:26', 1),
(861, '1569589271_б13.jpg', 'uploads/9/menu/1569589271_б13.jpg', '2019-09-27 13:01:11', '2019-12-23 17:19:29', 1),
(862, '1569589271_б14.jpg', 'uploads/9/menu/1569589271_б14.jpg', '2019-09-27 13:01:11', '2019-12-23 17:19:33', 1),
(863, '1569589271_б15.jpg', 'uploads/9/menu/1569589271_б15.jpg', '2019-09-27 13:01:11', '2019-12-23 17:19:36', 1),
(864, '1569589271_б16.jpg', 'uploads/9/menu/1569589271_б16.jpg', '2019-09-27 13:01:11', '2019-12-23 17:19:39', 1),
(868, '1569589503_IMG_20181005_192758_912.jpg', 'uploads/9/menu/1569589503_IMG_20181005_192758_912.jpg', '2019-09-27 13:05:03', '2019-12-23 17:19:40', 1),
(870, '1569589503_IMG_20181015_172731_049.jpg', 'uploads/9/menu/1569589503_IMG_20181015_172731_049.jpg', '2019-09-27 13:05:03', '2019-12-23 17:19:41', 1),
(872, '1569589503_IMG_20181024_135020_213.jpg', 'uploads/9/menu/1569589503_IMG_20181024_135020_213.jpg', '2019-09-27 13:05:03', '2019-12-23 17:19:42', 1),
(874, '1569589503_IMG_20181102_115847_583.jpg', 'uploads/9/menu/1569589503_IMG_20181102_115847_583.jpg', '2019-09-27 13:05:03', '2019-12-23 17:19:44', 1),
(875, '1569591967_М-роял_-Рыцарский_зал2.jpg', 'uploads/9/hall/69/1569591967_М-роял_-Рыцарский_зал2.jpg', '2019-09-27 13:46:07', '2019-12-23 17:19:47', 1),
(876, '1569591967_М-роял_-Рыцарский_зал4.jpg', 'uploads/9/hall/69/1569591967_М-роял_-Рыцарский_зал4.jpg', '2019-09-27 13:46:07', '2019-12-23 17:19:49', 1),
(877, '1569591967_М-роял_-Рыцарский_зал5.jpg', 'uploads/9/hall/69/1569591967_М-роял_-Рыцарский_зал5.jpg', '2019-09-27 13:46:07', '2019-12-23 17:19:52', 1),
(878, '1569591988_роял2.jpg', 'uploads/9/hall/69/1569591988_роял2.jpg', '2019-09-27 13:46:28', '2019-12-23 17:19:57', 1),
(879, '1569591988_роял7.jpg', 'uploads/9/hall/69/1569591988_роял7.jpg', '2019-09-27 13:46:28', '2019-12-23 17:19:58', 1),
(881, '1569592092_IMG_3764.jpg', 'uploads/9/hall/70/1569592092_IMG_3764.jpg', '2019-09-27 13:48:12', '2019-12-23 17:20:01', 1),
(884, '1569592137_Royal3.jpg', 'uploads/9/hall/70/1569592137_Royal3.jpg', '2019-09-27 13:48:57', '2019-12-23 17:20:04', 1),
(885, '1569592137_Royal6.jpg', 'uploads/9/hall/70/1569592137_Royal6.jpg', '2019-09-27 13:48:57', '2019-12-23 17:20:06', 1),
(886, '1569592137_роял8.jpg', 'uploads/9/hall/70/1569592137_роял8.jpg', '2019-09-27 13:48:57', '2019-12-23 17:20:08', 1),
(887, '1569592218_1f02_112.jpg', 'uploads/9/hall/71/1569592218_1f02_112.jpg', '2019-09-27 13:50:18', '2019-12-23 17:20:11', 1),
(890, '1569592324_бмр5.jpg', 'uploads/9/hall/72/1569592324_бмр5.jpg', '2019-09-27 13:52:04', '2019-12-23 17:20:13', 1),
(891, '1569592354_бмр6.jpg', 'uploads/9/hall/73/1569592354_бмр6.jpg', '2019-09-27 13:52:34', '2019-12-23 17:20:15', 1),
(892, '1569592354_бмр7.jpg', 'uploads/9/hall/73/1569592354_бмр7.jpg', '2019-09-27 13:52:34', '2019-12-23 17:20:17', 1),
(893, '1569665214_ирис_011.jpg', 'uploads/2/hall/1/1569665214_ирис_011.jpg', '2019-09-28 10:06:54', '2019-12-23 17:20:20', 1),
(896, '1569665253_ирис_06.jpg', 'uploads/2/hall/1/1569665253_ирис_06.jpg', '2019-09-28 10:07:33', '2019-12-23 17:20:23', 1),
(898, '1569679229_IMG_2858_еда.jpg', 'uploads/4/menu/1569679229_IMG_2858_еда.jpg', '2019-09-28 14:00:29', '2019-12-23 17:20:41', 1),
(899, '1569679230_IMG_7488.jpg', 'uploads/4/menu/1569679230_IMG_7488.jpg', '2019-09-28 14:00:30', '2019-12-23 17:20:48', 1),
(900, '1569679230_IMG_7495.jpg', 'uploads/4/menu/1569679230_IMG_7495.jpg', '2019-09-28 14:00:30', '2019-12-23 17:20:56', 1),
(901, '1569679230_IMG_7523.jpg', 'uploads/4/menu/1569679230_IMG_7523.jpg', '2019-09-28 14:00:30', '2019-12-23 17:21:03', 1),
(902, '1569679230_IMG_7536.jpg', 'uploads/4/menu/1569679230_IMG_7536.jpg', '2019-09-28 14:00:30', '2019-12-23 17:21:10', 1),
(903, '1569679230_IMG_7548.jpg', 'uploads/4/menu/1569679230_IMG_7548.jpg', '2019-09-28 14:00:30', '2019-12-23 17:21:16', 1),
(904, '1569680265_2019-07-18_21.37.54(1).jpg', 'uploads/4/hall/14/1569680265_2019-07-18_21.37.54(1).jpg', '2019-09-28 14:17:45', '2019-12-23 17:21:18', 1),
(905, '1569680265_2019-07-18_21.37.58(1).jpg', 'uploads/4/hall/14/1569680265_2019-07-18_21.37.58(1).jpg', '2019-09-28 14:17:45', '2019-12-23 17:21:20', 1),
(906, '1569929866_43851627_10212664995848857_95583925941829632_o.jpg', 'uploads/3/menu/1569929866_43851627_10212664995848857_95583925941829632_o.jpg', '2019-10-01 11:37:46', '2019-12-23 17:21:23', 1),
(907, '1569930754_photo_2019-09-03_12-21-46.jpg', 'uploads/3/menu/1569930754_photo_2019-09-03_12-21-46.jpg', '2019-10-01 11:52:34', '2019-12-23 17:21:25', 1),
(908, '1569930754_photo_2019-09-03_12-26-28.jpg', 'uploads/3/menu/1569930754_photo_2019-09-03_12-26-28.jpg', '2019-10-01 11:52:34', '2019-12-23 17:21:29', 1),
(909, '1569930754_photo_2019-09-03_12-27-32.jpg', 'uploads/3/menu/1569930754_photo_2019-09-03_12-27-32.jpg', '2019-10-01 11:52:34', '2019-12-23 17:21:31', 1),
(910, '1569930754_photo_2019-09-03_12-35-43.jpg', 'uploads/3/menu/1569930754_photo_2019-09-03_12-35-43.jpg', '2019-10-01 11:52:34', '2019-12-23 17:21:34', 1),
(911, '1569930754_photo_2019-09-03_12-35-44.jpg', 'uploads/3/menu/1569930754_photo_2019-09-03_12-35-44.jpg', '2019-10-01 11:52:34', '2019-12-23 17:21:36', 1),
(912, '1569930754_photo_2019-09-03_12-39-58.jpg', 'uploads/3/menu/1569930754_photo_2019-09-03_12-39-58.jpg', '2019-10-01 11:52:34', '2019-12-23 17:21:39', 1),
(913, '1569930754_photo_2019-09-03_12-40-54.jpg', 'uploads/3/menu/1569930754_photo_2019-09-03_12-40-54.jpg', '2019-10-01 11:52:34', '2019-12-23 17:21:41', 1),
(914, '1569930754_photo_2019-09-03_12-41-28.jpg', 'uploads/3/menu/1569930754_photo_2019-09-03_12-41-28.jpg', '2019-10-01 11:52:34', '2019-12-23 17:21:44', 1),
(915, '1569930754_photo_2019-09-03_12-43-03.jpg', 'uploads/3/menu/1569930754_photo_2019-09-03_12-43-03.jpg', '2019-10-01 11:52:34', '2019-12-23 17:21:46', 1),
(916, '1569930754_photo_2019-09-03_12-44-03.jpg', 'uploads/3/menu/1569930754_photo_2019-09-03_12-44-03.jpg', '2019-10-01 11:52:34', '2019-12-23 17:21:49', 1),
(917, '1569930754_photo_2019-09-03_12-45-12.jpg', 'uploads/3/menu/1569930754_photo_2019-09-03_12-45-12.jpg', '2019-10-01 11:52:34', '2019-12-23 17:21:52', 1),
(918, '1569930754_photo_2019-09-03_12-47-27.jpg', 'uploads/3/menu/1569930754_photo_2019-09-03_12-47-27.jpg', '2019-10-01 11:52:34', '2019-12-23 17:21:53', 1),
(919, '1569930754_photo_2019-09-03_12-48-45.jpg', 'uploads/3/menu/1569930754_photo_2019-09-03_12-48-45.jpg', '2019-10-01 11:52:34', '2019-12-23 17:21:55', 1),
(920, '1569930754_photo_2019-09-03_12-49-17_(2).jpg', 'uploads/3/menu/1569930754_photo_2019-09-03_12-49-17_(2).jpg', '2019-10-01 11:52:34', '2019-12-23 17:21:57', 1),
(923, '1569930754_photo_2019-09-03_12-51-14.jpg', 'uploads/3/menu/1569930754_photo_2019-09-03_12-51-14.jpg', '2019-10-01 11:52:34', '2019-12-23 17:21:59', 1),
(924, '1569930754_photo_2019-09-03_12-51-15.jpg', 'uploads/3/menu/1569930754_photo_2019-09-03_12-51-15.jpg', '2019-10-01 11:52:34', '2019-12-23 17:22:01', 1),
(925, '1569930754_photo_2019-09-03_12-51-16.jpg', 'uploads/3/menu/1569930754_photo_2019-09-03_12-51-16.jpg', '2019-10-01 11:52:34', '2019-12-23 17:22:03', 1),
(926, '1570014353_IMG_7497.JPG', 'uploads/24/menu/1570014353_IMG_7497.JPG', '2019-10-02 11:05:53', '2019-12-23 17:22:14', 1),
(927, '1570014484_мож7.JPG', 'uploads/24/menu/1570014484_мож7.JPG', '2019-10-02 11:08:04', '2019-12-23 17:22:25', 1),
(928, '1570014841_мож24.jpg', 'uploads/24/menu/1570014841_мож24.jpg', '2019-10-02 11:14:01', '2019-12-23 17:22:29', 1),
(929, '1570015396_000_7908.jpg', 'uploads/24/menu/1570015396_000_7908.jpg', '2019-10-02 11:23:16', '2019-12-23 17:22:33', 1),
(930, '1570108347_тр_1Мясные_деликатесы_из_Италии_160_20_20_240грн..jpg', 'uploads/17/menu/1570108347_тр_1Мясные_деликатесы_из_Италии_160_20_20_240грн..jpg', '2019-10-03 13:12:27', '2019-12-23 17:22:34', 1),
(932, '1570108347_тр_Стейк_куриный_на_мангале_100г__58грн..jpg', 'uploads/17/menu/1570108347_тр_Стейк_куриный_на_мангале_100г__58грн..jpg', '2019-10-03 13:12:27', '2019-12-23 17:22:36', 1),
(933, '1570108347_тр_Тар-тар_из_тунца_170____280грн..jpg', 'uploads/17/menu/1570108347_тр_Тар-тар_из_тунца_170____280грн..jpg', '2019-10-03 13:12:27', '2019-12-23 17:22:38', 1),
(934, '1570630072_бачев.jpg', 'uploads/29/thumb/1570630072_бачев.jpg', '2019-10-07 12:36:10', '2019-12-23 17:27:12', 1),
(935, '1570451974_bernardazzi_-_odessa-1.jpg', 'uploads/29/gallery/1570451974_bernardazzi_-_odessa-1.jpg', '2019-10-07 12:39:34', '2019-12-23 17:22:40', 1),
(936, '1570451974_bernardazzi_(1).jpg', 'uploads/29/gallery/1570451974_bernardazzi_(1).jpg', '2019-10-07 12:39:34', '2019-12-23 17:22:41', 1),
(937, '1570451974_Bernardazzi.jpeg', 'uploads/29/gallery/1570451974_Bernardazzi.jpeg', '2019-10-07 12:39:34', '2019-12-23 17:22:43', 1),
(938, '1570451974_bernardazzi.jpg', 'uploads/29/gallery/1570451974_bernardazzi.jpg', '2019-10-07 12:39:34', '2019-12-23 17:22:44', 1),
(939, '1570451974_image.jpg', 'uploads/29/gallery/1570451974_image.jpg', '2019-10-07 12:39:34', '2019-12-23 17:22:46', 1),
(940, '1570453725_170_541a0c6ee6b22b4a6177b4ca9573258a.jpg', 'uploads//thumb/1570453725_170_541a0c6ee6b22b4a6177b4ca9573258a.jpg', '2019-10-07 13:08:45', '2019-12-23 17:22:48', 1),
(941, '1570453868_169_a364686a546858739c899c8a1fffd041.jpg', 'uploads/30/gallery/1570453868_169_a364686a546858739c899c8a1fffd041.jpg', '2019-10-07 13:11:08', '2019-12-23 17:22:57', 1),
(942, '1570453868_1949967d4d.jpg', 'uploads/30/gallery/1570453868_1949967d4d.jpg', '2019-10-07 13:11:08', '2019-12-23 17:22:59', 1),
(943, '1570453868_caption.jpg', 'uploads/30/gallery/1570453868_caption.jpg', '2019-10-07 13:11:08', '2019-12-23 17:23:02', 1),
(944, '1570453868_UfdUCDiu4d1h8JYpmIP2sA-article.jpg', 'uploads/30/gallery/1570453868_UfdUCDiu4d1h8JYpmIP2sA-article.jpg', '2019-10-07 13:11:08', '2019-12-23 17:23:03', 1),
(945, '1570453868_zaq-ORzePVVpw_-2h4BBHWs1ongpCLDK.jpg', 'uploads/30/gallery/1570453868_zaq-ORzePVVpw_-2h4BBHWs1ongpCLDK.jpg', '2019-10-07 13:11:08', '2019-12-23 17:23:09', 1),
(946, '1570454389_5beeb5856c338jpg.jpg', 'uploads//thumb/1570454389_5beeb5856c338jpg.jpg', '2019-10-07 13:19:49', '2019-12-23 17:23:10', 1),
(947, '1570456350_odessa-img-20525319_0.jpg', 'uploads/32/thumb/1570456350_odessa-img-20525319_0.jpg', '2019-10-07 13:52:30', '2019-12-23 17:23:14', 1),
(948, '1570456393_odessa-img-20525319_0.jpg', 'uploads/32/gallery/1570456393_odessa-img-20525319_0.jpg', '2019-10-07 13:53:13', '2019-12-23 17:23:16', 1),
(949, '1570456393_restoran-sophi-odessa-2.png', 'uploads/32/gallery/1570456393_restoran-sophi-odessa-2.png', '2019-10-07 13:53:13', '2019-12-23 17:23:18', 1),
(950, '1570456393_sophie-cafe_(1).jpg', 'uploads/32/gallery/1570456393_sophie-cafe_(1).jpg', '2019-10-07 13:53:13', '2019-12-23 17:23:20', 1),
(951, '1570456393_sophie-cafe.jpg', 'uploads/32/gallery/1570456393_sophie-cafe.jpg', '2019-10-07 13:53:13', '2019-12-23 17:23:21', 1),
(952, '1570457355_caption_(1).jpg', 'uploads/33/thumb/1570457355_caption_(1).jpg', '2019-10-07 14:05:14', '2019-12-23 17:23:23', 1),
(954, '1570457445_caption_(1).jpg', 'uploads/33/gallery/1570457445_caption_(1).jpg', '2019-10-07 14:10:45', '2019-12-23 17:23:25', 1),
(955, '1570457445_caption.jpg', 'uploads/33/gallery/1570457445_caption.jpg', '2019-10-07 14:10:45', '2019-12-23 17:23:26', 1),
(956, '1570458840_149673927159366dc7b539c_59366dbd960100.73241856.jpeg', 'uploads//thumb/1570458840_149673927159366dc7b539c_59366dbd960100.73241856.jpeg', '2019-10-07 14:34:00', '2019-12-23 17:23:29', 1),
(957, '1570459027_13912731_1821239414788870_3239279761445530869_n.jpg', 'uploads/34/gallery/1570459027_13912731_1821239414788870_3239279761445530869_n.jpg', '2019-10-07 14:37:07', '2019-12-23 17:23:36', 1),
(958, '1570459027_149673927159366dc7b539c_59366dbd960100.73241856.jpeg', 'uploads/34/gallery/1570459027_149673927159366dc7b539c_59366dbd960100.73241856.jpeg', '2019-10-07 14:37:07', '2019-12-23 17:23:42', 1),
(959, '1570459027_149673929359366ddddaa1f_59366dbdd10e34.70998851.jpeg', 'uploads/34/gallery/1570459027_149673929359366ddddaa1f_59366dbdd10e34.70998851.jpeg', '2019-10-07 14:37:07', '2019-12-23 17:23:44', 1),
(960, '1570459027_pan01.jpg', 'uploads/34/gallery/1570459027_pan01.jpg', '2019-10-07 14:37:07', '2019-12-23 17:23:49', 1),
(961, '1570459371_149483083559194ef39a598_59194ee650e994.26516717.jpeg', 'uploads//thumb/1570459371_149483083559194ef39a598_59194ee650e994.26516717.jpeg', '2019-10-07 14:42:51', '2019-12-23 17:23:50', 1),
(962, '1570460346_14801759615839b159b18d0_2f6ed75b62985fdb1ec00f3e67b3a1e2.jpg', 'uploads/35/gallery/1570460346_14801759615839b159b18d0_2f6ed75b62985fdb1ec00f3e67b3a1e2.jpg', '2019-10-07 14:59:06', '2019-12-23 17:23:53', 1),
(963, '1570460346_14801759625839b15a1c588_09aded8e26703ae544867757bac9c1af.jpg', 'uploads/35/gallery/1570460346_14801759625839b15a1c588_09aded8e26703ae544867757bac9c1af.jpg', '2019-10-07 14:59:06', '2019-12-23 17:23:56', 1),
(964, '1570460346_149483089859194f322b4d3_59194f2fbc2739.87777246.jpeg', 'uploads/35/gallery/1570460346_149483089859194f322b4d3_59194f2fbc2739.87777246.jpeg', '2019-10-07 14:59:06', '2019-12-23 17:23:59', 1),
(965, '1570460346_149483091859194f4671471_59194f431c1d17.82558299.jpeg', 'uploads/35/gallery/1570460346_149483091859194f4671471_59194f431c1d17.82558299.jpeg', '2019-10-07 14:59:06', '2019-12-23 17:24:01', 1),
(966, '1570460346_149483103059194fb659e43_59194fb40693a2.57492740.jpeg', 'uploads/35/gallery/1570460346_149483103059194fb659e43_59194fb40693a2.57492740.jpeg', '2019-10-07 14:59:06', '2019-12-23 17:24:03', 1),
(967, '1570460707_14966474835935073bebefd_593507229abc41.23505629.jpeg', 'uploads/36/thumb/1570460707_14966474835935073bebefd_593507229abc41.23505629.jpeg', '2019-10-07 15:05:08', '2019-12-23 17:24:10', 1),
(968, '1570460766_1496647589593507a5b93a1_593507a3a60491.68612015.jpeg', 'uploads/36/gallery/1570460766_1496647589593507a5b93a1_593507a3a60491.68612015.jpeg', '2019-10-07 15:06:06', '2019-12-23 17:24:21', 1),
(969, '1570460766_14966474835935073bebefd_593507229abc41.23505629.jpeg', 'uploads/36/gallery/1570460766_14966474835935073bebefd_593507229abc41.23505629.jpeg', '2019-10-07 15:06:06', '2019-12-23 17:24:30', 1),
(970, '1570460767_149664755359350781af0c1_5935077cc3fcc5.46598440.jpeg', 'uploads/36/gallery/1570460767_149664755359350781af0c1_5935077cc3fcc5.46598440.jpeg', '2019-10-07 15:06:07', '2019-12-23 17:24:33', 1),
(971, '1570460767_149664755959350787cb299_5935077ce13949.14284097.jpeg', 'uploads/36/gallery/1570460767_149664755959350787cb299_5935077ce13949.14284097.jpeg', '2019-10-07 15:06:07', '2019-12-23 17:24:39', 1),
(972, '1570460767_1496647828593508941de64_59350891da3eb1.35315957.jpeg', 'uploads/36/gallery/1570460767_1496647828593508941de64_59350891da3eb1.35315957.jpeg', '2019-10-07 15:06:07', '2019-12-23 17:24:41', 1),
(973, '1570461076_149424430659105bd216126_59105bcf92d331.07909016.jpeg', 'uploads//thumb/1570461076_149424430659105bd216126_59105bcf92d331.07909016.jpeg', '2019-10-07 15:11:16', '2019-12-23 17:24:43', 1),
(974, '1570461117_149424420659105b6ee8fb0_59105b6d3489b7.63610304.jpeg', 'uploads/37/gallery/1570461117_149424420659105b6ee8fb0_59105b6d3489b7.63610304.jpeg', '2019-10-07 15:11:57', '2019-12-23 17:24:49', 1),
(975, '1570461117_149424422559105b8107afb_59105b7f21bb25.44286701.jpeg', 'uploads/37/gallery/1570461117_149424422559105b8107afb_59105b7f21bb25.44286701.jpeg', '2019-10-07 15:11:57', '2019-12-23 17:24:51', 1),
(976, '1570461117_149424427959105bb752c73_59105bb50986d9.08061639.jpeg', 'uploads/37/gallery/1570461117_149424427959105bb752c73_59105bb50986d9.08061639.jpeg', '2019-10-07 15:11:57', '2019-12-23 17:24:53', 1),
(977, '1570461117_149424430659105bd216126_59105bcf92d331.07909016.jpeg', 'uploads/37/gallery/1570461117_149424430659105bd216126_59105bcf92d331.07909016.jpeg', '2019-10-07 15:11:57', '2019-12-23 17:24:56', 1),
(978, '1570461117_149424432559105be58e7b8_59105be3d77415.38411962.jpeg', 'uploads/37/gallery/1570461117_149424432559105be58e7b8_59105be3d77415.38411962.jpeg', '2019-10-07 15:11:57', '2019-12-23 17:25:00', 1),
(979, '1570461117_149424435459105c026eae9_59105c0043df43.64947192.jpeg', 'uploads/37/gallery/1570461117_149424435459105c026eae9_59105c0043df43.64947192.jpeg', '2019-10-07 15:11:57', '2019-12-23 17:25:03', 1),
(980, '1570461416_15640631235d39b593cb74b_5d39b575768b47.70228381.jpeg', 'uploads//thumb/1570461416_15640631235d39b593cb74b_5d39b575768b47.70228381.jpeg', '2019-10-07 15:16:56', '2019-12-23 17:25:05', 1),
(981, '1570461525_15640631235d39b593cd79b_5d39b575880104.23291442.jpeg', 'uploads/38/gallery/1570461525_15640631235d39b593cd79b_5d39b575880104.23291442.jpeg', '2019-10-07 15:18:45', '2019-12-23 17:25:13', 1),
(982, '1570461525_15640631235d39b593cfa76_5d39b5759ded23.44844801.jpeg', 'uploads/38/gallery/1570461525_15640631235d39b593cfa76_5d39b5759ded23.44844801.jpeg', '2019-10-07 15:18:45', '2019-12-23 17:25:17', 1),
(983, '1570461525_15640631235d39b593d1bde_5d39b5759e1103.61113742.jpeg', 'uploads/38/gallery/1570461525_15640631235d39b593d1bde_5d39b5759e1103.61113742.jpeg', '2019-10-07 15:18:45', '2019-12-23 17:25:20', 1),
(984, '1570461525_15640631235d39b593d83ce_5d39b575d219a9.44732438.jpeg', 'uploads/38/gallery/1570461525_15640631235d39b593d83ce_5d39b575d219a9.44732438.jpeg', '2019-10-07 15:18:45', '2019-12-23 17:25:22', 1);
INSERT INTO `images` (`id`, `filename`, `filepath`, `created_at`, `updated_at`, `resized`) VALUES
(985, '1570461525_15640631235d39b593d6118_5d39b575c70686.25735515.jpeg', 'uploads/38/gallery/1570461525_15640631235d39b593d6118_5d39b575c70686.25735515.jpeg', '2019-10-07 15:18:45', '2019-12-23 17:25:24', 1),
(986, '1570461525_15640631235d39b593dc6a8_5d39b575e622e0.33809588.jpeg', 'uploads/38/gallery/1570461525_15640631235d39b593dc6a8_5d39b575e622e0.33809588.jpeg', '2019-10-07 15:18:45', '2019-12-23 17:25:26', 1),
(987, '1570461525_15640631235d39b593ded4d_5d39b575ef51b0.09992235.jpeg', 'uploads/38/gallery/1570461525_15640631235d39b593ded4d_5d39b575ef51b0.09992235.jpeg', '2019-10-07 15:18:45', '2019-12-23 17:25:29', 1),
(988, '1570614337_71242511_1668226916648200_6116647395078963200_n.jpg', 'uploads/39/thumb/1570614337_71242511_1668226916648200_6116647395078963200_n.jpg', '2019-10-09 09:45:05', '2019-12-23 17:25:30', 1),
(989, '1570614396_52495939_1490460497758177_5292643715884515328_n.jpg', 'uploads/39/gallery/1570614396_52495939_1490460497758177_5292643715884515328_n.jpg', '2019-10-09 09:46:36', '2019-12-23 17:25:34', 1),
(990, '1570614396_52561395_1490461184424775_5198557672672067584_n.jpg', 'uploads/39/gallery/1570614396_52561395_1490461184424775_5198557672672067584_n.jpg', '2019-10-09 09:46:36', '2019-12-23 17:25:36', 1),
(991, '1570614396_69492601_1650020328468859_5421976429686423552_n.jpg', 'uploads/39/gallery/1570614396_69492601_1650020328468859_5421976429686423552_n.jpg', '2019-10-09 09:46:36', '2019-12-23 17:25:39', 1),
(992, '1570614396_69669873_1650963638374528_7955191266633842688_n.jpg', 'uploads/39/gallery/1570614396_69669873_1650963638374528_7955191266633842688_n.jpg', '2019-10-09 09:46:36', '2019-12-23 17:25:41', 1),
(993, '1570614396_71039781_1669543286516563_289019769665880064_n.jpg', 'uploads/39/gallery/1570614396_71039781_1669543286516563_289019769665880064_n.jpg', '2019-10-09 09:46:36', '2019-12-23 17:25:43', 1),
(994, '1570614396_71242511_1668226916648200_6116647395078963200_n.jpg', 'uploads/39/gallery/1570614396_71242511_1668226916648200_6116647395078963200_n.jpg', '2019-10-09 09:46:36', '2019-12-23 17:25:45', 1),
(995, '1570614396_папа_кар.jpg', 'uploads/39/gallery/1570614396_папа_кар.jpg', '2019-10-09 09:46:36', '2019-12-23 17:25:48', 1),
(996, '1570614396_папа_карло.jpg', 'uploads/39/gallery/1570614396_папа_карло.jpg', '2019-10-09 09:46:36', '2019-12-23 17:25:50', 1),
(997, '1570614396_папакар.jpg', 'uploads/39/gallery/1570614396_папакар.jpg', '2019-10-09 09:46:36', '2019-12-23 17:25:52', 1),
(998, '1570615298_resize_beerhouse-2.jpg', 'uploads//thumb/1570615298_resize_beerhouse-2.jpg', '2019-10-09 10:01:38', '2019-12-23 17:25:54', 1),
(999, '1570615349_resize_beerhouse-3.jpg', 'uploads/40/gallery/1570615349_resize_beerhouse-3.jpg', '2019-10-09 10:02:29', '2019-12-23 17:25:59', 1),
(1000, '1570615349_resize_beerhouse-4.jpg', 'uploads/40/gallery/1570615349_resize_beerhouse-4.jpg', '2019-10-09 10:02:29', '2019-12-23 17:26:02', 1),
(1001, '1570615349_resize_beerhouse-5.jpg', 'uploads/40/gallery/1570615349_resize_beerhouse-5.jpg', '2019-10-09 10:02:29', '2019-12-23 17:26:04', 1),
(1002, '1570615349_resize_beerhouse-6.jpg', 'uploads/40/gallery/1570615349_resize_beerhouse-6.jpg', '2019-10-09 10:02:29', '2019-12-23 17:26:07', 1),
(1003, '1570615349_resize_beerhouse-7_(1).jpg', 'uploads/40/gallery/1570615349_resize_beerhouse-7_(1).jpg', '2019-10-09 10:02:29', '2019-12-23 17:26:10', 1),
(1004, '1570623519_артист2.jpg', 'uploads/41/thumb/1570623519_артист2.jpg', '2019-10-09 12:15:34', '2019-12-23 17:26:12', 1),
(1005, '1570623725_01_big-2.jpg', 'uploads/41/gallery/1570623725_01_big-2.jpg', '2019-10-09 12:22:05', '2019-12-23 17:26:17', 1),
(1006, '1570623725_2e9557963fe4dbf6c6f551ccee373169.jpg', 'uploads/41/gallery/1570623725_2e9557963fe4dbf6c6f551ccee373169.jpg', '2019-10-09 12:22:05', '2019-12-23 17:26:19', 1),
(1007, '1570623725_b080c6ca431a1291e13c5d8e84945867.jpg', 'uploads/41/gallery/1570623725_b080c6ca431a1291e13c5d8e84945867.jpg', '2019-10-09 12:22:05', '2019-12-23 17:26:21', 1),
(1008, '1570623725_артист.jpg', 'uploads/41/gallery/1570623725_артист.jpg', '2019-10-09 12:22:05', '2019-12-23 17:26:23', 1),
(1009, '1570623725_артист1.jpg', 'uploads/41/gallery/1570623725_артист1.jpg', '2019-10-09 12:22:05', '2019-12-23 17:26:25', 1),
(1010, '1570623725_артист2.jpg', 'uploads/41/gallery/1570623725_артист2.jpg', '2019-10-09 12:22:05', '2019-12-23 17:26:30', 1),
(1011, '1570623725_артист3.jpeg', 'uploads/41/gallery/1570623725_артист3.jpeg', '2019-10-09 12:22:05', '2019-12-23 17:26:33', 1),
(1012, '1570623726_артист4.jpg', 'uploads/41/gallery/1570623726_артист4.jpg', '2019-10-09 12:22:06', '2019-12-23 17:26:35', 1),
(1013, '1570624536_1-155m.jpg', 'uploads/42/thumb/1570624536_1-155m.jpg', '2019-10-09 12:35:36', '2019-12-23 17:26:36', 1),
(1014, '1570624634_1-69m.jpg', 'uploads/42/gallery/1570624634_1-69m.jpg', '2019-10-09 12:37:14', '2019-12-23 17:26:39', 1),
(1015, '1570624634_1-155m.jpg', 'uploads/42/gallery/1570624634_1-155m.jpg', '2019-10-09 12:37:14', '2019-12-23 17:26:40', 1),
(1016, '1570624634_14312_800x600_Restoran_«Felicità!»__2.jpg', 'uploads/42/gallery/1570624634_14312_800x600_Restoran_«Felicità!»__2.jpg', '2019-10-09 12:37:14', '2019-12-23 17:26:42', 1),
(1017, '1570624634_19184556.jpg', 'uploads/42/gallery/1570624634_19184556.jpg', '2019-10-09 12:37:14', '2019-12-23 17:26:44', 1),
(1018, '1570624634_caption.jpg', 'uploads/42/gallery/1570624634_caption.jpg', '2019-10-09 12:37:14', '2019-12-23 17:26:46', 1),
(1019, '1570624634_dsc_0252m.jpg', 'uploads/42/gallery/1570624634_dsc_0252m.jpg', '2019-10-09 12:37:14', '2019-12-23 17:26:48', 1),
(1020, '1570624634_felicita.jpg', 'uploads/42/gallery/1570624634_felicita.jpg', '2019-10-09 12:37:14', '2019-12-23 17:26:49', 1),
(1021, '1570624634_IMG_0245m.jpg', 'uploads/42/gallery/1570624634_IMG_0245m.jpg', '2019-10-09 12:37:14', '2019-12-23 17:26:51', 1),
(1022, '1570626905_кор5.jpg', 'uploads/43/thumb/1570626905_кор5.jpg', '2019-10-09 13:15:05', '2019-12-23 17:26:52', 1),
(1023, '1570626990_кор..jpg', 'uploads/43/gallery/1570626990_кор..jpg', '2019-10-09 13:16:30', '2019-12-23 17:26:55', 1),
(1024, '1570626990_кор.jpg', 'uploads/43/gallery/1570626990_кор.jpg', '2019-10-09 13:16:30', '2019-12-23 17:26:57', 1),
(1025, '1570626990_кор1.jpg', 'uploads/43/gallery/1570626990_кор1.jpg', '2019-10-09 13:16:30', '2019-12-23 17:26:58', 1),
(1026, '1570626990_кор3.jpg', 'uploads/43/gallery/1570626990_кор3.jpg', '2019-10-09 13:16:30', '2019-12-23 17:27:00', 1),
(1027, '1570626990_кор4.jpg', 'uploads/43/gallery/1570626990_кор4.jpg', '2019-10-09 13:16:30', '2019-12-23 17:27:02', 1),
(1028, '1570626990_кор5.jpg', 'uploads/43/gallery/1570626990_кор5.jpg', '2019-10-09 13:16:30', '2019-12-23 17:27:04', 1),
(1029, '1570629241_baczewski.virtual.ua_038.jpg', 'uploads//thumb/1570629241_baczewski.virtual.ua_038.jpg', '2019-10-09 13:54:01', '2019-12-23 17:27:06', 1),
(1030, '1570630204_baczewski.virtual.ua_032.jpg', 'uploads/44/gallery/1570630204_baczewski.virtual.ua_032.jpg', '2019-10-09 14:10:04', '2019-12-23 17:27:20', 1),
(1031, '1570630204_baczewski.virtual.ua_033.jpg', 'uploads/44/gallery/1570630204_baczewski.virtual.ua_033.jpg', '2019-10-09 14:10:04', '2019-12-23 17:27:25', 1),
(1032, '1570630204_baczewski.virtual.ua_038.jpg', 'uploads/44/gallery/1570630204_baczewski.virtual.ua_038.jpg', '2019-10-09 14:10:04', '2019-12-23 17:27:31', 1),
(1033, '1570630204_images.jpg', 'uploads/44/gallery/1570630204_images.jpg', '2019-10-09 14:10:04', '2019-12-23 17:27:32', 1),
(1034, '1570630204_orangery-view.jpg', 'uploads/44/gallery/1570630204_orangery-view.jpg', '2019-10-09 14:10:04', '2019-12-23 17:27:34', 1),
(1035, '1570630204_бач.jpg', 'uploads/44/gallery/1570630204_бач.jpg', '2019-10-09 14:10:04', '2019-12-23 17:27:37', 1),
(1036, '1570630204_бачев.jpg', 'uploads/44/gallery/1570630204_бачев.jpg', '2019-10-09 14:10:04', '2019-12-23 17:27:40', 1),
(1037, '1570633831_нрг.jpg', 'uploads/45/thumb/1570633831_нрг.jpg', '2019-10-09 15:10:31', '2019-12-23 17:27:42', 1),
(1038, '1570633856_8823_1pos.jpg', 'uploads/45/gallery/1570633856_8823_1pos.jpg', '2019-10-09 15:10:56', '2019-12-23 17:27:45', 1),
(1039, '1570633856_masony.jpg', 'uploads/45/gallery/1570633856_masony.jpg', '2019-10-09 15:10:56', '2019-12-23 17:27:47', 1),
(1040, '1570633856_загружено.jpg', 'uploads/45/gallery/1570633856_загружено.jpg', '2019-10-09 15:10:56', '2019-12-23 17:27:49', 1),
(1041, '1570633856_нрг.jpg', 'uploads/45/gallery/1570633856_нрг.jpg', '2019-10-09 15:10:56', '2019-12-23 17:27:51', 1),
(1042, '1570633856_нрг1.jpg', 'uploads/45/gallery/1570633856_нрг1.jpg', '2019-10-09 15:10:56', '2019-12-23 17:27:53', 1),
(1043, '1570700984_dim-legend.jpg', 'uploads//thumb/1570700984_dim-legend.jpg', '2019-10-10 09:49:44', '2019-12-23 17:27:55', 1),
(1044, '1570701023_9108pos.jpg', 'uploads/46/gallery/1570701023_9108pos.jpg', '2019-10-10 09:50:23', '2019-12-23 17:27:58', 1),
(1045, '1570701023_17129_900.jpg', 'uploads/46/gallery/1570701023_17129_900.jpg', '2019-10-10 09:50:23', '2019-12-23 17:28:01', 1),
(1046, '1570701023_1480086120583852680f0a4_5cf71940d280c1296ce807eb7c8aebdd.jpg', 'uploads/46/gallery/1570701023_1480086120583852680f0a4_5cf71940d280c1296ce807eb7c8aebdd.jpg', '2019-10-10 09:50:23', '2019-12-23 17:28:03', 1),
(1047, '1570701023_dim-legend.jpg', 'uploads/46/gallery/1570701023_dim-legend.jpg', '2019-10-10 09:50:23', '2019-12-23 17:28:05', 1),
(1048, '1570701023_dom_legend_03.jpg', 'uploads/46/gallery/1570701023_dom_legend_03.jpg', '2019-10-10 09:50:23', '2019-12-23 17:28:06', 1),
(1049, '1570701023_images.jpg', 'uploads/46/gallery/1570701023_images.jpg', '2019-10-10 09:50:23', '2019-12-23 17:28:07', 1),
(1050, '1570701023_дом_легенд.jpeg', 'uploads/46/gallery/1570701023_дом_легенд.jpeg', '2019-10-10 09:50:23', '2019-12-23 17:28:09', 1),
(1052, '1570701023_лкгенд.jpeg', 'uploads/46/gallery/1570701023_лкгенд.jpeg', '2019-10-10 09:50:23', '2019-12-23 17:28:11', 1),
(1053, '1570701023_ресторації-львова.jpg', 'uploads/46/gallery/1570701023_ресторації-львова.jpg', '2019-10-10 09:50:23', '2019-12-23 17:28:13', 1),
(1054, '1570701672_images.jpg', 'uploads/47/thumb/1570701672_images.jpg', '2019-10-10 10:01:12', '2019-12-23 17:28:14', 1),
(1055, '1570701728__87B2394+.jpg', 'uploads/47/gallery/1570701728__87B2394+.jpg', '2019-10-10 10:02:08', '2019-12-23 17:28:17', 1),
(1056, '1570701728__MG_2267.jpg', 'uploads/47/gallery/1570701728__MG_2267.jpg', '2019-10-10 10:02:08', '2019-12-23 17:28:19', 1),
(1057, '1570701728_Astoriya_02-1220x700.jpg', 'uploads/47/gallery/1570701728_Astoriya_02-1220x700.jpg', '2019-10-10 10:02:08', '2019-12-23 17:28:22', 1),
(1058, '1570701728_images.jpg', 'uploads/47/gallery/1570701728_images.jpg', '2019-10-10 10:02:08', '2019-12-23 17:28:23', 1),
(1059, '1570701728_Mon_Chef_lviv_5.jpg', 'uploads/47/gallery/1570701728_Mon_Chef_lviv_5.jpg', '2019-10-10 10:02:08', '2019-12-23 17:28:25', 1),
(1060, '1570701728_Mon_Chef_lviv_7.jpg', 'uploads/47/gallery/1570701728_Mon_Chef_lviv_7.jpg', '2019-10-10 10:02:08', '2019-12-23 17:28:28', 1),
(1061, '1570701728_restoran_astoria_18.jpg', 'uploads/47/gallery/1570701728_restoran_astoria_18.jpg', '2019-10-10 10:02:08', '2019-12-23 17:28:31', 1),
(1062, '1570707953_logo-present-.jpg', 'uploads/48/thumb/1570707953_logo-present-.jpg', '2019-10-10 11:45:53', '2019-12-23 17:28:33', 1),
(1063, '1570708044_5927db8848e64.jpg', 'uploads/48/gallery/1570708044_5927db8848e64.jpg', '2019-10-10 11:47:24', '2019-12-23 17:28:40', 1),
(1064, '1570708044_5927db8501079.jpg', 'uploads/48/gallery/1570708044_5927db8501079.jpg', '2019-10-10 11:47:24', '2019-12-23 17:28:42', 1),
(1065, '1570708044_logo-present-.jpg', 'uploads/48/gallery/1570708044_logo-present-.jpg', '2019-10-10 11:47:24', '2019-12-23 17:28:45', 1),
(1066, '1570708044_photo0jpg.jpg', 'uploads/48/gallery/1570708044_photo0jpg.jpg', '2019-10-10 11:47:24', '2019-12-23 17:28:47', 1),
(1067, '1570708044_photo5jpg.jpg', 'uploads/48/gallery/1570708044_photo5jpg.jpg', '2019-10-10 11:47:24', '2019-12-23 17:28:48', 1),
(1068, '1570708044_slide-2.jpg', 'uploads/48/gallery/1570708044_slide-2.jpg', '2019-10-10 11:47:24', '2019-12-23 17:28:51', 1),
(1069, '1570712196_L.jpg', 'uploads//thumb/1570712196_L.jpg', '2019-10-10 12:56:36', '2019-12-23 17:28:53', 1),
(1070, '1570712486_1552504796_1.jpg', 'uploads/49/gallery/1570712486_1552504796_1.jpg', '2019-10-10 13:01:26', '2019-12-23 17:28:56', 1),
(1071, '1570712486_caption_(1).jpg', 'uploads/49/gallery/1570712486_caption_(1).jpg', '2019-10-10 13:01:26', '2019-12-23 17:28:58', 1),
(1072, '1570712486_caption_(2).jpg', 'uploads/49/gallery/1570712486_caption_(2).jpg', '2019-10-10 13:01:26', '2019-12-23 17:28:59', 1),
(1073, '1570712486_caption_(3).jpg', 'uploads/49/gallery/1570712486_caption_(3).jpg', '2019-10-10 13:01:26', '2019-12-23 17:29:00', 1),
(1074, '1570712486_caption.jpg', 'uploads/49/gallery/1570712486_caption.jpg', '2019-10-10 13:01:26', '2019-12-23 17:29:02', 1),
(1075, '1570712486_L.jpg', 'uploads/49/gallery/1570712486_L.jpg', '2019-10-10 13:01:26', '2019-12-23 17:29:03', 1),
(1076, '1570713186_zal1-vatra.jpg', 'uploads//thumb/1570713186_zal1-vatra.jpg', '2019-10-10 13:13:06', '2019-12-23 17:29:05', 1),
(1077, '1570713210_394b639cf590997929a53bb851c8080b.ipthumb800xprop.jpg', 'uploads/50/gallery/1570713210_394b639cf590997929a53bb851c8080b.ipthumb800xprop.jpg', '2019-10-10 13:13:30', '2019-12-23 17:29:09', 1),
(1078, '1570713210_7572-1-5a7c55ca99cb3.jpeg', 'uploads/50/gallery/1570713210_7572-1-5a7c55ca99cb3.jpeg', '2019-10-10 13:13:30', '2019-12-23 17:29:12', 1),
(1079, '1570713210_dsc_0031.jpg', 'uploads/50/gallery/1570713210_dsc_0031.jpg', '2019-10-10 13:13:30', '2019-12-23 17:29:14', 1),
(1080, '1570713210_Lx7o2F_400w_250h.jpg', 'uploads/50/gallery/1570713210_Lx7o2F_400w_250h.jpg', '2019-10-10 13:13:30', '2019-12-23 17:29:15', 1),
(1081, '1570713210_main-room-of-the-restaurant.jpg', 'uploads/50/gallery/1570713210_main-room-of-the-restaurant.jpg', '2019-10-10 13:13:30', '2019-12-23 17:29:16', 1),
(1082, '1570713210_stekl-zal-kamin.jpg', 'uploads/50/gallery/1570713210_stekl-zal-kamin.jpg', '2019-10-10 13:13:30', '2019-12-23 17:29:20', 1),
(1083, '1570713210_zal1-vatra.jpg', 'uploads/50/gallery/1570713210_zal1-vatra.jpg', '2019-10-10 13:13:30', '2019-12-23 17:29:22', 1),
(1084, '1570713732_12-02-2013-161650.jpg', 'uploads//thumb/1570713732_12-02-2013-161650.jpg', '2019-10-10 13:22:12', '2019-12-23 17:29:24', 1),
(1085, '1570713780_3.jpg', 'uploads/51/gallery/1570713780_3.jpg', '2019-10-10 13:23:00', '2019-12-23 17:29:26', 1),
(1086, '1570713780_4.jpg', 'uploads/51/gallery/1570713780_4.jpg', '2019-10-10 13:23:00', '2019-12-23 17:29:28', 1),
(1087, '1570713780_12-02-2013-161650_(1).jpg', 'uploads/51/gallery/1570713780_12-02-2013-161650_(1).jpg', '2019-10-10 13:23:00', '2019-12-23 17:29:29', 1),
(1089, '1570713780_12-02-2013-161913.jpg', 'uploads/51/gallery/1570713780_12-02-2013-161913.jpg', '2019-10-10 13:23:00', '2019-12-23 17:29:31', 1),
(1090, '1570713780_7589-1-5a7c56cfcaf95.jpeg', 'uploads/51/gallery/1570713780_7589-1-5a7c56cfcaf95.jpeg', '2019-10-10 13:23:00', '2019-12-23 17:29:35', 1),
(1091, '1570713780_XXL.jpg', 'uploads/51/gallery/1570713780_XXL.jpg', '2019-10-10 13:23:00', '2019-12-23 17:29:37', 1),
(1092, '1570714285_column01_b.jpg', 'uploads/52/thumb/1570714285_column01_b.jpg', '2019-10-10 13:31:25', '2019-12-23 17:29:39', 1),
(1093, '1570714317_column01_b.jpg', 'uploads/52/gallery/1570714317_column01_b.jpg', '2019-10-10 13:31:57', '2019-12-23 17:29:43', 1),
(1094, '1570714318_column02_b.jpg', 'uploads/52/gallery/1570714318_column02_b.jpg', '2019-10-10 13:31:58', '2019-12-23 17:29:46', 1),
(1095, '1570714318_column04_b.jpg', 'uploads/52/gallery/1570714318_column04_b.jpg', '2019-10-10 13:31:58', '2019-12-23 17:29:49', 1),
(1096, '1570714318_oval01_b.jpg', 'uploads/52/gallery/1570714318_oval01_b.jpg', '2019-10-10 13:31:58', '2019-12-23 17:29:51', 1),
(1097, '1570714318_venetian01_b.jpg', 'uploads/52/gallery/1570714318_venetian01_b.jpg', '2019-10-10 13:31:58', '2019-12-23 17:29:54', 1),
(1098, '1570714318_venetian03_b.jpg', 'uploads/52/gallery/1570714318_venetian03_b.jpg', '2019-10-10 13:31:58', '2019-12-23 17:29:56', 1),
(1099, '1570714318_vip1_b.jpg', 'uploads/52/gallery/1570714318_vip1_b.jpg', '2019-10-10 13:31:58', '2019-12-23 17:29:59', 1),
(1100, '1570715085_24-01-2018-225213.jpg', 'uploads/53/thumb/1570715085_24-01-2018-225213.jpg', '2019-10-10 13:44:45', '2019-12-23 17:30:01', 1),
(1101, '1570715108_06-02-2014-225823.gif', 'uploads/53/gallery/1570715108_06-02-2014-225823.gif', '2019-10-10 13:45:08', '2019-12-23 17:30:03', 1),
(1102, '1570715108_06-02-2014-225856.gif', 'uploads/53/gallery/1570715108_06-02-2014-225856.gif', '2019-10-10 13:45:08', '2019-12-23 17:30:05', 1),
(1103, '1570715108_06-02-2014-225909.gif', 'uploads/53/gallery/1570715108_06-02-2014-225909.gif', '2019-10-10 13:45:08', '2019-12-23 17:30:07', 1),
(1104, '1570715108_24-01-2018-225100.jpg', 'uploads/53/gallery/1570715108_24-01-2018-225100.jpg', '2019-10-10 13:45:08', '2019-12-23 17:30:08', 1),
(1105, '1570715108_24-01-2018-225213.jpg', 'uploads/53/gallery/1570715108_24-01-2018-225213.jpg', '2019-10-10 13:45:08', '2019-12-23 17:30:10', 1),
(1106, '1570715108_1552505195_1.jpg', 'uploads/53/gallery/1570715108_1552505195_1.jpg', '2019-10-10 13:45:08', '2019-12-23 17:30:12', 1),
(1107, '1570715108_stariychernigov_05.jpg', 'uploads/53/gallery/1570715108_stariychernigov_05.jpg', '2019-10-10 13:45:08', '2019-12-23 17:30:13', 1),
(1108, '1570800744_DPP_0002.jpg', 'uploads//thumb/1570800744_DPP_0002.jpg', '2019-10-11 13:32:24', '2019-12-23 17:30:16', 1),
(1109, '1570800788_0002.jpg', 'uploads/54/gallery/1570800788_0002.jpg', '2019-10-11 13:33:08', '2019-12-23 17:30:20', 1),
(1110, '1570800788_DPP_0002.jpg', 'uploads/54/gallery/1570800788_DPP_0002.jpg', '2019-10-11 13:33:08', '2019-12-23 17:30:23', 1),
(1111, '1570800788_DPP_0007.jpg', 'uploads/54/gallery/1570800788_DPP_0007.jpg', '2019-10-11 13:33:08', '2019-12-23 17:30:26', 1),
(1112, '1570800788_DPP_0023.jpg', 'uploads/54/gallery/1570800788_DPP_0023.jpg', '2019-10-11 13:33:08', '2019-12-23 17:30:29', 1),
(1113, '1570800788_DPP_0036.jpg', 'uploads/54/gallery/1570800788_DPP_0036.jpg', '2019-10-11 13:33:08', '2019-12-23 17:30:32', 1),
(1114, '1570800788_DPP_0037.jpg', 'uploads/54/gallery/1570800788_DPP_0037.jpg', '2019-10-11 13:33:08', '2019-12-23 17:30:33', 1),
(1115, '1570800788_DPP_0053.jpg', 'uploads/54/gallery/1570800788_DPP_0053.jpg', '2019-10-11 13:33:08', '2019-12-23 17:30:36', 1),
(1116, '1570800788_DPP_0057.jpg', 'uploads/54/gallery/1570800788_DPP_0057.jpg', '2019-10-11 13:33:08', '2019-12-23 17:30:38', 1),
(1117, '1570800788_DPP_0061.jpg', 'uploads/54/gallery/1570800788_DPP_0061.jpg', '2019-10-11 13:33:08', '2019-12-23 17:30:40', 1),
(1118, '1570803319_bc7791476080fb3f74f579f634ccec9c.jpeg', 'uploads/55/thumb/1570803319_bc7791476080fb3f74f579f634ccec9c.jpeg', '2019-10-11 14:15:19', '2019-12-23 17:30:43', 1),
(1119, '1570803386_2aec36cb0e1c3a1a18784d94c7821141.jpeg', 'uploads/55/gallery/1570803386_2aec36cb0e1c3a1a18784d94c7821141.jpeg', '2019-10-11 14:16:26', '2019-12-23 17:30:51', 1),
(1120, '1570803386_5f012236da88065cdff726ddb31c1a19.jpeg', 'uploads/55/gallery/1570803386_5f012236da88065cdff726ddb31c1a19.jpeg', '2019-10-11 14:16:26', '2019-12-23 17:30:56', 1),
(1121, '1570803386_3071e7cf46d1b6e98637219d3b1591d4.jpeg', 'uploads/55/gallery/1570803386_3071e7cf46d1b6e98637219d3b1591d4.jpeg', '2019-10-11 14:16:26', '2019-12-23 17:31:00', 1),
(1122, '1570803386_91163e976a0a0962d5ae23fc29e8a324.jpeg', 'uploads/55/gallery/1570803386_91163e976a0a0962d5ae23fc29e8a324.jpeg', '2019-10-11 14:16:26', '2019-12-23 17:31:05', 1),
(1123, '1570803386_bc7791476080fb3f74f579f634ccec9c.jpeg', 'uploads/55/gallery/1570803386_bc7791476080fb3f74f579f634ccec9c.jpeg', '2019-10-11 14:16:26', '2019-12-23 17:31:09', 1),
(1124, '1570803386_d0a76995f14fbd395a80e7224ab91ec4.jpeg', 'uploads/55/gallery/1570803386_d0a76995f14fbd395a80e7224ab91ec4.jpeg', '2019-10-11 14:16:26', '2019-12-23 17:31:13', 1),
(1125, '1570804524_b804167dfb744c1f9159588b24c8e6c8.jpg', 'uploads/56/thumb/1570804524_b804167dfb744c1f9159588b24c8e6c8.jpg', '2019-10-11 14:35:24', '2019-12-23 17:31:15', 1),
(1126, '1570804646_0e62c37a22984bd0b357635de5bc0278.jpg', 'uploads/56/gallery/1570804646_0e62c37a22984bd0b357635de5bc0278.jpg', '2019-10-11 14:37:26', '2019-12-23 17:31:19', 1),
(1127, '1570804646_6ca0fccbdea24b9f821674afd4a0f61b.jpg', 'uploads/56/gallery/1570804646_6ca0fccbdea24b9f821674afd4a0f61b.jpg', '2019-10-11 14:37:26', '2019-12-23 17:31:21', 1),
(1128, '1570804646_6d4e335ff18944a6bcb612afe1d5de39.jpg', 'uploads/56/gallery/1570804646_6d4e335ff18944a6bcb612afe1d5de39.jpg', '2019-10-11 14:37:26', '2019-12-23 17:31:25', 1),
(1129, '1570804646_8c64e7630abc4672bb46c2d949d46115.jpg', 'uploads/56/gallery/1570804646_8c64e7630abc4672bb46c2d949d46115.jpg', '2019-10-11 14:37:26', '2019-12-23 17:31:27', 1),
(1130, '1570804646_13d665d349ae4f37938b5f2fb385f20b.jpg', 'uploads/56/gallery/1570804646_13d665d349ae4f37938b5f2fb385f20b.jpg', '2019-10-11 14:37:26', '2019-12-23 17:31:30', 1),
(1131, '1570804646_37a74e8e6d0542dca30393ec05bf3feb.jpg', 'uploads/56/gallery/1570804646_37a74e8e6d0542dca30393ec05bf3feb.jpg', '2019-10-11 14:37:26', '2019-12-23 17:31:32', 1),
(1132, '1570804646_069f83f158874a52b2e6e00412f0e257.jpg', 'uploads/56/gallery/1570804646_069f83f158874a52b2e6e00412f0e257.jpg', '2019-10-11 14:37:26', '2019-12-23 17:31:35', 1),
(1133, '1570804646_95fad028060f4dfe81b2e48a7159ac06.jpg', 'uploads/56/gallery/1570804646_95fad028060f4dfe81b2e48a7159ac06.jpg', '2019-10-11 14:37:26', '2019-12-23 17:31:37', 1),
(1134, '1570804646_508ace8ed0884b9db3c159b19eb9e60a.jpg', 'uploads/56/gallery/1570804646_508ace8ed0884b9db3c159b19eb9e60a.jpg', '2019-10-11 14:37:26', '2019-12-23 17:31:40', 1),
(1135, '1570804646_a04f9abc6ec1416780e42afaa1a936fd.jpg', 'uploads/56/gallery/1570804646_a04f9abc6ec1416780e42afaa1a936fd.jpg', '2019-10-11 14:37:26', '2019-12-23 17:31:42', 1),
(1136, '1570804646_b002cb49e16d404f8af18943cd1dfc3c.jpg', 'uploads/56/gallery/1570804646_b002cb49e16d404f8af18943cd1dfc3c.jpg', '2019-10-11 14:37:26', '2019-12-23 17:31:45', 1),
(1137, '1570804646_b804167dfb744c1f9159588b24c8e6c8.jpg', 'uploads/56/gallery/1570804646_b804167dfb744c1f9159588b24c8e6c8.jpg', '2019-10-11 14:37:26', '2019-12-23 17:31:48', 1),
(1138, '1570804646_dc2f779ccb5c479eb2c77123a4972332.jpg', 'uploads/56/gallery/1570804646_dc2f779ccb5c479eb2c77123a4972332.jpg', '2019-10-11 14:37:26', '2019-12-23 17:31:51', 1),
(1139, '1570805749_23354-1-5d1f957120e4d.jpeg', 'uploads/57/thumb/1570805749_23354-1-5d1f957120e4d.jpeg', '2019-10-11 14:55:49', '2019-12-23 17:31:53', 1),
(1140, '1570805929_5a29cb580c807.jpg', 'uploads/57/gallery/1570805929_5a29cb580c807.jpg', '2019-10-11 14:58:49', '2019-12-23 17:31:59', 1),
(1141, '1570805929_75f0ee3bd3d92884f8b4d9d0779a9a11.jpg', 'uploads/57/gallery/1570805929_75f0ee3bd3d92884f8b4d9d0779a9a11.jpg', '2019-10-11 14:58:49', '2019-12-23 17:32:01', 1),
(1142, '1570805929_2017-11-30.jpg', 'uploads/57/gallery/1570805929_2017-11-30.jpg', '2019-10-11 14:58:49', '2019-12-23 17:32:06', 1),
(1143, '1570805929_2017-12-29.jpg', 'uploads/57/gallery/1570805929_2017-12-29.jpg', '2019-10-11 14:58:49', '2019-12-23 17:32:08', 1),
(1144, '1570805929_23354-1-5d1f957120e4d.jpeg', 'uploads/57/gallery/1570805929_23354-1-5d1f957120e4d.jpeg', '2019-10-11 14:58:49', '2019-12-23 17:32:12', 1),
(1145, '1570805929_140370_1.jpg', 'uploads/57/gallery/1570805929_140370_1.jpg', '2019-10-11 14:58:49', '2019-12-23 17:32:14', 1),
(1146, '1570805929_24296627_1768564816556527_2942501232202612839_n-9999x800.jpg', 'uploads/57/gallery/1570805929_24296627_1768564816556527_2942501232202612839_n-9999x800.jpg', '2019-10-11 14:58:49', '2019-12-23 17:32:16', 1),
(1147, '1570806494_1484068523587516ab7b4b4_36a4cf284487ad5b5fbe7e9f96d2e230.jpg', 'uploads/58/thumb/1570806494_1484068523587516ab7b4b4_36a4cf284487ad5b5fbe7e9f96d2e230.jpg', '2019-10-11 15:08:14', '2019-12-23 17:32:18', 1),
(1148, '1570806526_1564591159_1.jpg', 'uploads/58/gallery/1570806526_1564591159_1.jpg', '2019-10-11 15:08:46', '2019-12-23 17:32:22', 1),
(1149, '1570806526_15631753155d2c299309c11_5d2c29538ed2c2.57338262.jpeg', 'uploads/58/gallery/1570806526_15631753155d2c299309c11_5d2c29538ed2c2.57338262.jpeg', '2019-10-11 15:08:46', '2019-12-23 17:32:25', 1),
(1150, '1570806526_1484068523587516ab7b4b4_36a4cf284487ad5b5fbe7e9f96d2e230.jpg', 'uploads/58/gallery/1570806526_1484068523587516ab7b4b4_36a4cf284487ad5b5fbe7e9f96d2e230.jpg', '2019-10-11 15:08:46', '2019-12-23 17:32:28', 1),
(1151, '1570806526_dFrgo-vi6dM.jpg', 'uploads/58/gallery/1570806526_dFrgo-vi6dM.jpg', '2019-10-11 15:08:46', '2019-12-23 17:32:34', 1),
(1152, '1570806526_dvir-9081.jpg', 'uploads/58/gallery/1570806526_dvir-9081.jpg', '2019-10-11 15:08:46', '2019-12-23 17:32:36', 1),
(1153, '1570806526_images.jpg', 'uploads/58/gallery/1570806526_images.jpg', '2019-10-11 15:08:46', '2019-12-23 17:32:37', 1),
(1154, '1570807702_large-3.jpg', 'uploads/59/thumb/1570807702_large-3.jpg', '2019-10-11 15:28:22', '2019-12-23 17:32:39', 1),
(1155, '1570807905_01_(1).jpg', 'uploads/59/gallery/1570807905_01_(1).jpg', '2019-10-11 15:31:45', '2019-12-23 17:32:44', 1),
(1156, '1570807905_01.jpg', 'uploads/59/gallery/1570807905_01.jpg', '2019-10-11 15:31:45', '2019-12-23 17:32:46', 1),
(1157, '1570807905_02.jpg', 'uploads/59/gallery/1570807905_02.jpg', '2019-10-11 15:31:45', '2019-12-23 17:32:49', 1),
(1158, '1570807905_04.jpg', 'uploads/59/gallery/1570807905_04.jpg', '2019-10-11 15:31:45', '2019-12-23 17:32:51', 1),
(1159, '1570807906_05.jpg', 'uploads/59/gallery/1570807906_05.jpg', '2019-10-11 15:31:46', '2019-12-23 17:32:54', 1),
(1160, '1570807906_07.jpg', 'uploads/59/gallery/1570807906_07.jpg', '2019-10-11 15:31:46', '2019-12-23 17:32:57', 1),
(1161, '1570807906_08.jpg', 'uploads/59/gallery/1570807906_08.jpg', '2019-10-11 15:31:46', '2019-12-23 17:32:59', 1),
(1162, '1570807906_12.jpg', 'uploads/59/gallery/1570807906_12.jpg', '2019-10-11 15:31:46', '2019-12-23 17:33:02', 1),
(1163, '1570807906_large-3.jpg', 'uploads/59/gallery/1570807906_large-3.jpg', '2019-10-11 15:31:46', '2019-12-23 17:33:05', 1),
(1164, '1570808597_images.jpg', 'uploads/60/thumb/1570808597_images.jpg', '2019-10-11 15:43:17', '2019-12-23 17:33:06', 1),
(1165, '1570808638_18668-1-5c058abeb1cdc.jpeg', 'uploads/60/gallery/1570808638_18668-1-5c058abeb1cdc.jpeg', '2019-10-11 15:43:58', '2019-12-23 17:33:10', 1),
(1166, '1570808638_images.jpg', 'uploads/60/gallery/1570808638_images.jpg', '2019-10-11 15:43:58', '2019-12-23 17:33:11', 1),
(1167, '1570808638_photo1jpg.jpg', 'uploads/60/gallery/1570808638_photo1jpg.jpg', '2019-10-11 15:43:58', '2019-12-23 17:33:12', 1),
(1168, '1570808638_restoran-aristokrat-foto.jpg', 'uploads/60/gallery/1570808638_restoran-aristokrat-foto.jpg', '2019-10-11 15:43:58', '2019-12-23 17:33:17', 1),
(1169, '1571133985_1920-1200-5abcd474b78a6.jpg', 'uploads//thumb/1571133985_1920-1200-5abcd474b78a6.jpg', '2019-10-15 10:06:25', '2019-12-23 17:33:20', 1),
(1170, '1571134021_5-5aeb13a78573f.jpg', 'uploads/61/gallery/1571134021_5-5aeb13a78573f.jpg', '2019-10-15 10:07:01', '2019-12-23 17:33:29', 1),
(1171, '1571134021_6-5aeb13bac2173.jpg', 'uploads/61/gallery/1571134021_6-5aeb13bac2173.jpg', '2019-10-15 10:07:01', '2019-12-23 17:33:34', 1),
(1172, '1571134021_1920-1200-5abcd4c28216c.jpg', 'uploads/61/gallery/1571134021_1920-1200-5abcd4c28216c.jpg', '2019-10-15 10:07:01', '2019-12-23 17:33:40', 1),
(1173, '1571134021_1920-1200-5abcd4e6423d0.jpg', 'uploads/61/gallery/1571134021_1920-1200-5abcd4e6423d0.jpg', '2019-10-15 10:07:01', '2019-12-23 17:33:45', 1),
(1174, '1571134021_1920-1200-5abcd48c281a9.jpg', 'uploads/61/gallery/1571134021_1920-1200-5abcd48c281a9.jpg', '2019-10-15 10:07:01', '2019-12-23 17:33:50', 1),
(1175, '1571134021_1920-1200-5abcd474b78a6.jpg', 'uploads/61/gallery/1571134021_1920-1200-5abcd474b78a6.jpg', '2019-10-15 10:07:01', '2019-12-23 17:33:55', 1),
(1176, '1571134458_олива4.jpg', 'uploads//thumb/1571134458_олива4.jpg', '2019-10-15 10:14:18', '2019-12-23 17:33:57', 1),
(1177, '1571134497_олива_1.jpg', 'uploads/62/gallery/1571134497_олива_1.jpg', '2019-10-15 10:14:57', '2019-12-23 17:34:01', 1),
(1178, '1571134497_олива.jpg', 'uploads/62/gallery/1571134497_олива.jpg', '2019-10-15 10:14:57', '2019-12-23 17:34:03', 1),
(1179, '1571134497_олива2.jpg', 'uploads/62/gallery/1571134497_олива2.jpg', '2019-10-15 10:14:57', '2019-12-23 17:34:06', 1),
(1180, '1571134497_олива3.jpg', 'uploads/62/gallery/1571134497_олива3.jpg', '2019-10-15 10:14:57', '2019-12-23 17:34:08', 1),
(1181, '1571134497_олива4.jpg', 'uploads/62/gallery/1571134497_олива4.jpg', '2019-10-15 10:14:57', '2019-12-23 17:34:11', 1),
(1182, '1571134497_олива5.jpg', 'uploads/62/gallery/1571134497_олива5.jpg', '2019-10-15 10:14:57', '2019-12-23 17:34:13', 1),
(1183, '1571135120_камин3.jpg', 'uploads//thumb/1571135120_камин3.jpg', '2019-10-15 10:25:20', '2019-12-23 17:34:15', 1),
(1184, '1571135839_images.jpg', 'uploads//thumb/1571135839_images.jpg', '2019-10-15 10:37:19', '2019-12-23 17:34:18', 1),
(1185, '1571135872_2017-12-07-korona-vitovta-25.jpg', 'uploads/64/gallery/1571135872_2017-12-07-korona-vitovta-25.jpg', '2019-10-15 10:37:52', '2019-12-23 17:34:20', 1),
(1186, '1571135872_6837-1-5a7877c0459c0.jpeg', 'uploads/64/gallery/1571135872_6837-1-5a7877c0459c0.jpeg', '2019-10-15 10:37:52', '2019-12-23 17:34:24', 1),
(1187, '1571135872_16515_3pos.jpg', 'uploads/64/gallery/1571135872_16515_3pos.jpg', '2019-10-15 10:37:52', '2019-12-23 17:34:26', 1),
(1188, '1571135872_120520.jpg', 'uploads/64/gallery/1571135872_120520.jpg', '2019-10-15 10:37:52', '2019-12-23 17:34:27', 1),
(1189, '1571135872_caption_(1).jpg', 'uploads/64/gallery/1571135872_caption_(1).jpg', '2019-10-15 10:37:52', '2019-12-23 17:34:29', 1),
(1190, '1571135872_caption.jpg', 'uploads/64/gallery/1571135872_caption.jpg', '2019-10-15 10:37:52', '2019-12-23 17:34:30', 1),
(1191, '1571135872_images.jpg', 'uploads/64/gallery/1571135872_images.jpg', '2019-10-15 10:37:52', '2019-12-23 17:34:31', 1),
(1192, '1571135872_wcarousel_ArticleImages_14_10.jpg', 'uploads/64/gallery/1571135872_wcarousel_ArticleImages_14_10.jpg', '2019-10-15 10:37:52', '2019-12-23 17:34:33', 1),
(1193, '1571140185_black-gold-8584.jpg', 'uploads//thumb/1571140185_black-gold-8584.jpg', '2019-10-15 11:49:45', '2019-12-23 17:34:35', 1),
(1194, '1571140215_6857-1-5a7878e9a66f7.jpeg', 'uploads/65/gallery/1571140215_6857-1-5a7878e9a66f7.jpeg', '2019-10-15 11:50:15', '2019-12-23 17:34:39', 1),
(1195, '1571140215_40166pos.jpg', 'uploads/65/gallery/1571140215_40166pos.jpg', '2019-10-15 11:50:15', '2019-12-23 17:34:41', 1),
(1196, '1571140215_bg.jpg', 'uploads/65/gallery/1571140215_bg.jpg', '2019-10-15 11:50:15', '2019-12-23 17:34:43', 1),
(1197, '1571140215_black-gold-4688.jpg', 'uploads/65/gallery/1571140215_black-gold-4688.jpg', '2019-10-15 11:50:15', '2019-12-23 17:34:45', 1),
(1198, '1571140215_black-gold-8584.jpg', 'uploads/65/gallery/1571140215_black-gold-8584.jpg', '2019-10-15 11:50:15', '2019-12-23 17:34:46', 1),
(1199, '1571140215_gallery-234550_11.jpg', 'uploads/65/gallery/1571140215_gallery-234550_11.jpg', '2019-10-15 11:50:15', '2019-12-23 17:34:48', 1),
(1200, '1571140215_images.jpg', 'uploads/65/gallery/1571140215_images.jpg', '2019-10-15 11:50:15', '2019-12-23 17:34:49', 1),
(1201, '1571140215_img_7456.jpg', 'uploads/65/gallery/1571140215_img_7456.jpg', '2019-10-15 11:50:15', '2019-12-23 17:34:51', 1),
(1202, '1571140215_logo-present-97-26-13503-kb.jpg', 'uploads/65/gallery/1571140215_logo-present-97-26-13503-kb.jpg', '2019-10-15 11:50:15', '2019-12-23 17:34:54', 1),
(1203, '1571140766_slide-638-slide3254view195937-2846-kb.jpg', 'uploads//thumb/1571140766_slide-638-slide3254view195937-2846-kb.jpg', '2019-10-15 11:59:26', '2019-12-23 17:34:55', 1),
(1204, '1571140850_6870-4-5a787d997d93a.jpeg', 'uploads/66/gallery/1571140850_6870-4-5a787d997d93a.jpeg', '2019-10-15 12:00:50', '2019-12-23 17:35:01', 1),
(1205, '1571140850_6870-6-5a787d9c3b54e.jpeg', 'uploads/66/gallery/1571140850_6870-6-5a787d9c3b54e.jpeg', '2019-10-15 12:00:50', '2019-12-23 17:35:04', 1),
(1206, '1571140850_40166pos.jpg', 'uploads/66/gallery/1571140850_40166pos.jpg', '2019-10-15 12:00:50', '2019-12-23 17:35:06', 1),
(1207, '1571140850_images.jpg', 'uploads/66/gallery/1571140850_images.jpg', '2019-10-15 12:00:50', '2019-12-23 17:35:07', 1),
(1208, '1571140851_slide-638-2-11274-kb.jpg', 'uploads/66/gallery/1571140851_slide-638-2-11274-kb.jpg', '2019-10-15 12:00:51', '2019-12-23 17:35:09', 1),
(1209, '1571140851_slide-638-slide3252view168060-2442-kb.jpg', 'uploads/66/gallery/1571140851_slide-638-slide3252view168060-2442-kb.jpg', '2019-10-15 12:00:51', '2019-12-23 17:35:11', 1),
(1210, '1571140851_slide-638-slide3254view195937-2846-kb.jpg', 'uploads/66/gallery/1571140851_slide-638-slide3254view195937-2846-kb.jpg', '2019-10-15 12:00:51', '2019-12-23 17:35:13', 1),
(1212, '1571140851_slide-638-slide3258view251962-3052-kb.jpg', 'uploads/66/gallery/1571140851_slide-638-slide3258view251962-3052-kb.jpg', '2019-10-15 12:00:51', '2019-12-23 17:35:15', 1),
(1213, '1571140851_slide-638-slide3259view248531-2693-kb.jpg', 'uploads/66/gallery/1571140851_slide-638-slide3259view248531-2693-kb.jpg', '2019-10-15 12:00:51', '2019-12-23 17:35:17', 1),
(1214, '1571141981_IMG_7895.jpg', 'uploads//thumb/1571141981_IMG_7895.jpg', '2019-10-15 12:19:41', '2019-12-23 17:35:19', 1),
(1215, '1571142031_IMG_7803.jpg', 'uploads/67/gallery/1571142031_IMG_7803.jpg', '2019-10-15 12:20:31', '2019-12-23 17:35:23', 1),
(1216, '1571142031_IMG_7835.jpg', 'uploads/67/gallery/1571142031_IMG_7835.jpg', '2019-10-15 12:20:31', '2019-12-23 17:35:25', 1),
(1217, '1571142031_IMG_7843.jpg', 'uploads/67/gallery/1571142031_IMG_7843.jpg', '2019-10-15 12:20:31', '2019-12-23 17:35:28', 1),
(1218, '1571142031_IMG_7845.jpg', 'uploads/67/gallery/1571142031_IMG_7845.jpg', '2019-10-15 12:20:31', '2019-12-23 17:35:30', 1),
(1219, '1571142031_IMG_7849.jpg', 'uploads/67/gallery/1571142031_IMG_7849.jpg', '2019-10-15 12:20:31', '2019-12-23 17:35:34', 1),
(1220, '1571142031_IMG_7853.jpg', 'uploads/67/gallery/1571142031_IMG_7853.jpg', '2019-10-15 12:20:31', '2019-12-23 17:35:37', 1),
(1221, '1571142031_IMG_7855.jpg', 'uploads/67/gallery/1571142031_IMG_7855.jpg', '2019-10-15 12:20:31', '2019-12-23 17:35:39', 1),
(1222, '1571142031_IMG_7863.jpg', 'uploads/67/gallery/1571142031_IMG_7863.jpg', '2019-10-15 12:20:31', '2019-12-23 17:35:42', 1),
(1223, '1571142031_IMG_7895.jpg', 'uploads/67/gallery/1571142031_IMG_7895.jpg', '2019-10-15 12:20:31', '2019-12-23 17:35:44', 1),
(1224, '1571142031_IMG_7912.jpg', 'uploads/67/gallery/1571142031_IMG_7912.jpg', '2019-10-15 12:20:31', '2019-12-23 17:35:47', 1),
(1225, '1571142484_getlstd-property-photo.jpg', 'uploads//thumb/1571142484_getlstd-property-photo.jpg', '2019-10-15 12:28:04', '2019-12-23 17:35:48', 1),
(1226, '1571142519_3.jpg', 'uploads/68/gallery/1571142519_3.jpg', '2019-10-15 12:28:39', '2019-12-23 17:35:54', 1),
(1227, '1571142520_7afa51053af25751498a21255c2c01f8.png', 'uploads/68/gallery/1571142520_7afa51053af25751498a21255c2c01f8.png', '2019-10-15 12:28:40', '2019-12-23 17:36:02', 1),
(1228, '1571142520_c9a82e72d6d29f1eedbce9e6fc634773.jpg', 'uploads/68/gallery/1571142520_c9a82e72d6d29f1eedbce9e6fc634773.jpg', '2019-10-15 12:28:40', '2019-12-23 17:36:04', 1),
(1229, '1571142520_getlstd-property-photo.jpg', 'uploads/68/gallery/1571142520_getlstd-property-photo.jpg', '2019-10-15 12:28:40', '2019-12-23 17:36:05', 1),
(1230, '1571142520_vubCKdGBBI7jEwAYUDAiDKU1P3WhCmMq60YFWp7y.jpeg', 'uploads/68/gallery/1571142520_vubCKdGBBI7jEwAYUDAiDKU1P3WhCmMq60YFWp7y.jpeg', '2019-10-15 12:28:40', '2019-12-23 17:36:07', 1),
(1231, '1571143448_454981679_w640_h640_preroda_1.jpg', 'uploads//thumb/1571143448_454981679_w640_h640_preroda_1.jpg', '2019-10-15 12:44:08', '2019-12-23 17:36:09', 1),
(1232, '1571143645_01-1.jpg', 'uploads/69/gallery/1571143645_01-1.jpg', '2019-10-15 12:47:25', '2019-12-23 17:36:12', 1),
(1233, '1571143645_454981679_w640_h640_preroda_1.jpg', 'uploads/69/gallery/1571143645_454981679_w640_h640_preroda_1.jpg', '2019-10-15 12:47:25', '2019-12-23 17:36:15', 1),
(1234, '1571143645_462734995_w640_h640_13567340_11924__48845902_n.jpg', 'uploads/69/gallery/1571143645_462734995_w640_h640_13567340_11924__48845902_n.jpg', '2019-10-15 12:47:25', '2019-12-23 17:36:16', 1),
(1235, '1571143645_462734997_w640_h640_13612126_11924__92976959_n.jpg', 'uploads/69/gallery/1571143645_462734997_w640_h640_13612126_11924__92976959_n.jpg', '2019-10-15 12:47:25', '2019-12-23 17:36:18', 1),
(1236, '1571143645_1494518233591489d988c89_fe2d17247e9472c55cb24d26e5fe9d79_—_копия.jpg', 'uploads/69/gallery/1571143645_1494518233591489d988c89_fe2d17247e9472c55cb24d26e5fe9d79_—_копия.jpg', '2019-10-15 12:47:25', '2019-12-23 17:36:20', 1),
(1237, '1571143645_1494518236591489dcbfd98_fbf9ab93bc9f9a90cd2e2089cfce15f5_—_копия.jpg', 'uploads/69/gallery/1571143645_1494518236591489dcbfd98_fbf9ab93bc9f9a90cd2e2089cfce15f5_—_копия.jpg', '2019-10-15 12:47:25', '2019-12-23 17:36:22', 1),
(1239, '1571143645_caption_(1).jpg', 'uploads/69/gallery/1571143645_caption_(1).jpg', '2019-10-15 12:47:25', '2019-12-23 17:36:24', 1),
(1240, '1571143645_caption.jpg', 'uploads/69/gallery/1571143645_caption.jpg', '2019-10-15 12:47:25', '2019-12-23 17:36:25', 1),
(1241, '1571143645_hpl_funderma_priroda_stolki_1_ea2984bf9b52e95ade8610b0823c7839.jpg', 'uploads/69/gallery/1571143645_hpl_funderma_priroda_stolki_1_ea2984bf9b52e95ade8610b0823c7839.jpg', '2019-10-15 12:47:25', '2019-12-23 17:36:28', 1),
(1242, '1571143645_загружено.jpg', 'uploads/69/gallery/1571143645_загружено.jpg', '2019-10-15 12:47:25', '2019-12-23 17:36:29', 1),
(1243, '1571145794_ChIJ8cViDq8g20ARRyub-F86guc.jpg', 'uploads/70/thumb/1571145794_ChIJ8cViDq8g20ARRyub-F86guc.jpg', '2019-10-15 13:21:31', '2019-12-23 17:36:47', 1),
(1244, '1571145730_8637-1-5a7dfb782829f.jpeg', 'uploads/70/gallery/1571145730_8637-1-5a7dfb782829f.jpeg', '2019-10-15 13:22:10', '2019-12-23 17:36:32', 1),
(1245, '1571145730_8637-6-5a7dfb7ec7160.jpeg', 'uploads/70/gallery/1571145730_8637-6-5a7dfb7ec7160.jpeg', '2019-10-15 13:22:10', '2019-12-23 17:36:36', 1),
(1246, '1571145730_8637-8-5a7dfb8153af8.jpeg', 'uploads/70/gallery/1571145730_8637-8-5a7dfb8153af8.jpeg', '2019-10-15 13:22:10', '2019-12-23 17:36:38', 1),
(1247, '1571145730_403552418_LEtysq_LGbizIoaS43hTdZZUNek6AeZoY2XutXYCAjкр.jpg', 'uploads/70/gallery/1571145730_403552418_LEtysq_LGbizIoaS43hTdZZUNek6AeZoY2XutXYCAjкр.jpg', '2019-10-15 13:22:10', '2019-12-23 17:36:40', 1),
(1248, '1571145730_caption_(1).jpg', 'uploads/70/gallery/1571145730_caption_(1).jpg', '2019-10-15 13:22:10', '2019-12-23 17:36:41', 1),
(1249, '1571145730_caption.jpg', 'uploads/70/gallery/1571145730_caption.jpg', '2019-10-15 13:22:10', '2019-12-23 17:36:43', 1),
(1250, '1571145730_ChIJ8cViDq8g20ARRyub-F86guc.jpg', 'uploads/70/gallery/1571145730_ChIJ8cViDq8g20ARRyub-F86guc.jpg', '2019-10-15 13:22:10', '2019-12-23 17:36:44', 1),
(1251, '1571145730_photo0jpg.jpg', 'uploads/70/gallery/1571145730_photo0jpg.jpg', '2019-10-15 13:22:10', '2019-12-23 17:36:46', 1),
(1252, '1571147065_8605-1-5a7df9462f05b.jpeg', 'uploads//thumb/1571147065_8605-1-5a7df9462f05b.jpeg', '2019-10-15 13:44:25', '2019-12-23 17:36:50', 1),
(1253, '1571147097_8605-1-5a7df9462f05b.jpeg', 'uploads/71/gallery/1571147097_8605-1-5a7df9462f05b.jpeg', '2019-10-15 13:44:57', '2019-12-23 17:36:53', 1),
(1254, '1571147097_images_(1).jpg', 'uploads/71/gallery/1571147097_images_(1).jpg', '2019-10-15 13:44:57', '2019-12-23 17:36:54', 1),
(1255, '1571147097_images.jpg', 'uploads/71/gallery/1571147097_images.jpg', '2019-10-15 13:44:57', '2019-12-23 17:36:55', 1),
(1256, '1571147097_вилен.jpg', 'uploads/71/gallery/1571147097_вилен.jpg', '2019-10-15 13:44:57', '2019-12-23 17:36:57', 1),
(1257, '1571147097_кр1.jpg', 'uploads/71/gallery/1571147097_кр1.jpg', '2019-10-15 13:44:57', '2019-12-23 17:36:59', 1),
(1258, '1571147097_кр3.jpg', 'uploads/71/gallery/1571147097_кр3.jpg', '2019-10-15 13:44:57', '2019-12-23 17:37:02', 1),
(1259, '1571147845_images.jpg', 'uploads//thumb/1571147845_images.jpg', '2019-10-15 13:57:25', '2019-12-23 17:37:03', 1),
(1260, '1571147892_12756_ba4b9cc0f8d2e2e75ab331702176d058.jpg', 'uploads/72/gallery/1571147892_12756_ba4b9cc0f8d2e2e75ab331702176d058.jpg', '2019-10-15 13:58:12', '2019-12-23 17:37:06', 1),
(1261, '1571147892_22627_800x600_5.jpg', 'uploads/72/gallery/1571147892_22627_800x600_5.jpg', '2019-10-15 13:58:12', '2019-12-23 17:37:08', 1),
(1262, '1571147892_eb081c5f11.jpg', 'uploads/72/gallery/1571147892_eb081c5f11.jpg', '2019-10-15 13:58:12', '2019-12-23 17:37:10', 1),
(1263, '1571147892_f3cd.jpg', 'uploads/72/gallery/1571147892_f3cd.jpg', '2019-10-15 13:58:12', '2019-12-23 17:37:12', 1),
(1264, '1571147892_images_(1).jpg', 'uploads/72/gallery/1571147892_images_(1).jpg', '2019-10-15 13:58:12', '2019-12-23 17:37:14', 1),
(1265, '1571147892_images.jpg', 'uploads/72/gallery/1571147892_images.jpg', '2019-10-15 13:58:12', '2019-12-23 17:37:15', 1),
(1266, '1571148542_24.jpg', 'uploads//thumb/1571148542_24.jpg', '2019-10-15 14:09:02', '2019-12-23 17:37:16', 1),
(1267, '1571148574_17.jpg', 'uploads/73/gallery/1571148574_17.jpg', '2019-10-15 14:09:34', '2019-12-23 17:37:19', 1),
(1268, '1571148574_24.jpg', 'uploads/73/gallery/1571148574_24.jpg', '2019-10-15 14:09:34', '2019-12-23 17:37:21', 1),
(1269, '1571148574_0667e2f17328dd3d3b058bb8a61e63e3_c1.jpg', 'uploads/73/gallery/1571148574_0667e2f17328dd3d3b058bb8a61e63e3_c1.jpg', '2019-10-15 14:09:34', '2019-12-23 17:37:22', 1),
(1270, '1571148574_22435_800x600_3.jpg', 'uploads/73/gallery/1571148574_22435_800x600_3.jpg', '2019-10-15 14:09:34', '2019-12-23 17:37:24', 1),
(1271, '1571148574_86709483.jpg', 'uploads/73/gallery/1571148574_86709483.jpg', '2019-10-15 14:09:34', '2019-12-23 17:37:26', 1),
(1272, '1571148574_15540966775ca1a22507b24_5ca1a122398dd0.71800686.jpeg', 'uploads/73/gallery/1571148574_15540966775ca1a22507b24_5ca1a122398dd0.71800686.jpeg', '2019-10-15 14:09:34', '2019-12-23 17:37:28', 1),
(1273, '1571148574_149462256859162168283b0_845a03c90d7af155fd84f7066631b017.jpg', 'uploads/73/gallery/1571148574_149462256859162168283b0_845a03c90d7af155fd84f7066631b017.jpg', '2019-10-15 14:09:34', '2019-12-23 17:37:30', 1),
(1274, '1571148574_загружено.jpg', 'uploads/73/gallery/1571148574_загружено.jpg', '2019-10-15 14:09:34', '2019-12-23 17:37:31', 1),
(1276, '1579548771_Logo.png', 'uploads/74/gallery/1579548771_Logo.png', '2020-01-20 19:32:51', '2020-01-20 19:32:52', 1),
(1277, '1579548794_gradient-logo.jpg', 'uploads/74/gallery/1579548794_gradient-logo.jpg', '2020-01-20 19:33:14', '2020-01-20 19:33:15', 1),
(1278, '1579548814_logo.jpg', 'uploads/74/gallery/1579548814_logo.jpg', '2020-01-20 19:33:34', '2020-01-20 19:33:35', 1),
(1279, '1579548847_хфд-лого-1.jpg', 'uploads/74/gallery/1579548847_хфд-лого-1.jpg', '2020-01-20 19:34:07', '2020-01-20 19:34:08', 1),
(1280, '1579548862_logo.jpg', 'uploads/74/gallery/1579548862_logo.jpg', '2020-01-20 19:34:22', '2020-01-20 19:34:22', 1),
(1289, '1580394804_galvanic.png', 'uploads/events_thumbs/5/1580394804_galvanic.png', '2020-01-30 14:33:24', '2020-01-30 14:33:27', 1);

--
-- Дамп данных таблицы `kitchens`
--

INSERT INTO `kitchens` (`id`, `created_at`, `updated_at`) VALUES
(1, '2019-09-30 13:11:31', '2019-09-30 13:11:31'),
(2, '2019-09-30 13:12:07', '2019-09-30 13:12:07'),
(3, '2019-09-30 13:12:57', '2019-09-30 13:12:57'),
(4, '2019-09-30 13:13:16', '2019-09-30 13:13:16'),
(5, '2019-09-30 13:13:43', '2019-09-30 13:13:43'),
(6, '2019-09-30 13:14:02', '2019-09-30 13:14:02'),
(7, '2019-09-30 13:14:24', '2019-09-30 13:14:24'),
(8, '2019-10-01 14:55:26', '2019-10-01 14:55:26'),
(9, '2019-10-02 07:25:59', '2019-10-02 07:25:59');

--
-- Дамп данных таблицы `kitchens_langs`
--

INSERT INTO `kitchens_langs` (`id`, `kitchen_id`, `lang`, `name`, `created_at`, `updated_at`) VALUES
(1, 1, 'ru', 'Европейская', '2019-09-30 13:11:31', '2019-09-30 13:11:31'),
(2, 1, 'ua', 'Європейська', '2019-09-30 13:11:31', '2019-09-30 13:11:31'),
(3, 2, 'ru', 'Украинская', '2019-09-30 13:12:07', '2019-09-30 13:12:07'),
(4, 2, 'ua', 'Українська', '2019-09-30 13:12:07', '2019-09-30 13:12:07'),
(5, 3, 'ru', 'Итальянская', '2019-09-30 13:12:57', '2019-09-30 13:12:57'),
(6, 3, 'ua', 'Італійська', '2019-09-30 13:12:57', '2019-09-30 13:12:57'),
(7, 4, 'ru', 'Домашняя', '2019-09-30 13:13:16', '2019-09-30 13:13:16'),
(8, 4, 'ua', 'Домашня', '2019-09-30 13:13:16', '2019-09-30 13:13:16'),
(9, 5, 'ru', 'Кавказская', '2019-09-30 13:13:43', '2019-09-30 13:13:43'),
(10, 5, 'ua', 'Кавказька', '2019-09-30 13:13:43', '2019-09-30 13:13:43'),
(11, 6, 'ru', 'Здоровое питание', '2019-09-30 13:14:02', '2019-09-30 13:14:02'),
(12, 6, 'ua', 'Здорове харчування', '2019-09-30 13:14:02', '2019-09-30 13:14:02'),
(13, 7, 'ru', 'Постное меню', '2019-09-30 13:14:24', '2019-09-30 13:14:24'),
(14, 7, 'ua', 'Пісне меню', '2019-09-30 13:14:24', '2019-09-30 13:14:24'),
(15, 8, 'ru', 'Вегетарианская', '2019-10-01 14:55:26', '2019-10-01 14:55:26'),
(16, 8, 'ua', 'Вегетаріанська', '2019-10-01 14:55:26', '2019-10-01 14:55:26'),
(17, 9, 'ru', 'Азиатская', '2019-10-02 07:25:59', '2019-10-02 07:25:59'),
(18, 9, 'ua', 'Азіатська', '2019-10-02 07:25:59', '2019-10-02 07:25:59');


--
-- Дамп данных таблицы `orders`
--

INSERT INTO `orders` (`id`, `user_id`, `restaurant_id`, `hall_id`, `order_all_location`, `event_type`, `date`, `time`, `guests`, `deposit`, `service_deposit`, `total`, `phone`, `email`, `administrator_id`, `status`, `cashback`, `commission`, `administrator_bonus`, `partner_bonus`, `created_at`, `updated_at`) VALUES
(2, 1, 2, NULL, 0, NULL, '2020-02-11', NULL, 1, 400.00, 80.00, NULL, '380662029016', 'rikardo.verdo@gmail.com', NULL, 'not_confirmed', NULL, NULL, NULL, NULL, '2020-02-11 15:02:29', '2020-03-09 12:25:27'),
(3, 1, 2, NULL, 0, '5', '2020-02-28', '04:40:00', 1, 400.00, 80.00, NULL, '380662029016', 'rikardo.verdo@gmail.com', NULL, 'confirmed', NULL, NULL, NULL, NULL, '2020-02-27 00:22:46', '2020-03-09 12:22:21');

--
-- Дамп данных таблицы `restaurants`
--

INSERT INTO `restaurants` (`id`, `uri`, `sorting`, `active`, `cities_id`, `images_id`, `gallery_id`, `menu_id`, `price`, `video`, `capacity`, `created_at`, `updated_at`, `opt_price`, `gift`) VALUES
(2, 'restaurant-IRIS-art-RESTAURANT', 2, 1, 1, 1, 1, 5, 400, 'https://www.youtube.com/watch?time_continue=17&v=linQ9aigrmk', 60, '2019-09-23 15:34:51', '2019-10-02 07:27:27', 30, 1),
(3, 'Family restaurant \"Papa Roma\"', 10, 1, 1, 12, NULL, 54, 100, 'https://www.youtube.com/watch?v=i0V-Vae-r9c', 62, '2019-09-23 16:14:34', '2019-10-02 07:39:29', 30, 1),
(4, 'restaurant-mani', 10, 1, 1, 14, NULL, 19, 300, NULL, 200, '2019-09-24 08:44:17', '2019-10-01 15:09:23', 30, 1),
(5, 'restaurant-complex-Misto', 1, 1, 1, 15, NULL, 6, 400, 'https://www.youtube.com/watch?v=idNuxjnG7-0', 500, '2019-09-24 09:09:20', '2019-09-30 12:56:42', 30, 1),
(6, 'restaurant \"AltBier Vinoteka\"', 10, 1, 1, 16, NULL, 11, 500, NULL, 100, '2019-09-24 09:12:26', '2019-09-25 10:40:50', 30, 0),
(7, 'restaurant \"Kolyada\"', 10, 1, 1, 17, NULL, 14, 600, NULL, 100, '2019-09-24 09:21:08', '2019-10-01 15:05:43', 30, 1),
(8, 'restaurant \"Panskoe Selo\"', 10, 1, 1, 18, NULL, 77, 400, NULL, 100, '2019-09-24 09:24:29', '2019-10-02 07:54:53', 30, 1),
(9, 'restaurant \"M-Royal', 10, 1, 1, 19, NULL, 84, 400, NULL, 60, '2019-09-24 09:29:07', '2019-09-27 13:01:11', 30, 0),
(10, 'restaurant \"Crown\"', 10, 1, 1, 20, NULL, 53, 300, NULL, 60, '2019-09-24 09:32:55', '2019-10-01 15:14:16', 30, 1),
(11, 'cafe \"Abricos\"', 10, 1, 1, 21, NULL, NULL, 220, NULL, 60, '2019-09-24 09:34:55', '2019-09-24 09:34:55', 30, 0),
(12, 'pirogovaya Testov', 10, 1, 1, 22, NULL, 38, 300, NULL, 62, '2019-09-24 09:36:39', '2019-09-26 10:53:47', 30, 0),
(13, 'rесторан «Solo»', 10, 1, 1, 23, NULL, NULL, 500, NULL, 65, '2019-09-24 09:38:44', '2019-10-02 07:49:14', 30, 1),
(14, 'restaurant \"Champagne\"', 10, 1, 1, 24, NULL, NULL, 450, NULL, 100, '2019-09-24 09:41:14', '2019-10-02 07:48:08', 30, 1),
(15, 'restaurant \"Light Hall', 10, 1, 1, 25, NULL, NULL, 500, NULL, 120, '2019-09-24 09:43:29', '2019-10-02 07:46:41', 30, 1),
(16, 'banquet-Hall-Phoenix', 10, 1, 1, 26, NULL, 43, 100, 'https://www.youtube.com/channel/UCmTcHCYpnkg47KsL9Im8hvQ', 400, '2019-09-24 09:47:04', '2019-10-03 14:04:47', 30, 1),
(17, 'restaurant-complex-Tradition-Resto-Park', 1, 1, 1, 27, NULL, 22, 300, NULL, 250, '2019-09-24 09:53:07', '2019-10-02 07:41:06', 30, 1),
(18, 'tратторія-Al-Dente', 10, 1, 1, 28, NULL, 29, 170, NULL, 100, '2019-09-24 09:58:51', '2019-10-02 07:37:20', 30, 1),
(19, 'cafe-Oasis', 10, 1, 1, 29, NULL, NULL, 350, NULL, 50, '2019-09-24 10:03:32', '2019-09-24 10:03:32', 30, 0),
(20, 'restaurant-pech\'', 10, 1, 1, 30, NULL, NULL, 400, NULL, 80, '2019-09-24 10:08:39', '2019-10-02 07:34:29', 30, 1),
(21, 'restaurant-tartufo', 10, 1, 1, 31, NULL, 32, 500, NULL, 60, '2019-09-24 10:10:46', '2019-10-02 07:29:56', 30, 1),
(22, 'Rock-cafe-Yellow-Zeppelin', 10, 1, 1, 32, 59, 58, 500, NULL, 50, '2019-09-24 10:14:30', '2019-09-27 08:17:22', 30, 0),
(23, 'restaurant-taboo-lounge24', 10, 1, 1, 33, NULL, NULL, 400, NULL, 65, '2019-09-24 10:17:52', '2019-10-01 14:52:51', 30, 1),
(24, 'кestaurant-A-Major', 10, 1, 1, 96, NULL, 69, 200, 'https://www.youtube.com/watch?v=OuBeGuCxxrc&feature=youtu.be', 180, '2019-09-24 14:16:52', '2019-09-27 09:55:36', 30, 0),
(25, 'сatering-cafe-maksimys', 20, 1, 1, 97, NULL, 68, 150, NULL, 100, '2019-09-24 14:22:37', '2019-10-01 14:55:57', 30, 1),
(26, 'traktir-mishkina-malina', 20, 1, 1, 98, NULL, 41, 300, NULL, 33, '2019-09-24 14:30:56', '2019-10-01 15:11:29', 30, 1),
(27, 'cafe-yak-vdoma', 20, 0, 1, 99, NULL, NULL, 350, NULL, 30, '2019-09-24 14:47:33', '2019-09-25 07:51:20', 30, 0),
(28, 'artcafeplasticinevorona', 10, 1, 1, 849, NULL, 82, 400, NULL, 65, '2019-09-27 12:40:55', '2019-10-01 15:18:15', 30, 1),
(29, 'restaurantbernardazzi', 0, 1, 2, 934, 90, NULL, 650, NULL, 200, '2019-10-07 12:36:10', '2019-10-09 14:28:53', 30, 0),
(30, 'restauranttavernetta', 0, 1, 2, 940, 91, NULL, 500, NULL, 200, '2019-10-07 13:08:45', '2019-10-09 15:11:37', 30, 0),
(31, 'restaurantsteakhousemeatandwine', 0, 1, 2, 946, NULL, NULL, 600, NULL, 100, '2019-10-07 13:19:49', '2019-10-07 13:19:49', 30, 0),
(32, 'restaurantsophiecafé', 0, 1, 1, 947, 92, NULL, 600, NULL, 30, '2019-10-07 13:49:40', '2019-10-07 13:53:13', 30, 0),
(33, 'Cafe Strudel', 0, 1, 1, 952, 93, NULL, 300, NULL, 30, '2019-10-07 13:59:24', '2019-10-07 14:10:45', 30, 0),
(34, 'restaurantdikanka', 0, 1, 3, 956, 94, NULL, 600, NULL, 65, '2019-10-07 14:34:00', '2019-10-07 14:37:07', 30, 0),
(35, 'restaurantchachapuri', 0, 1, 1, 961, 95, NULL, 600, NULL, 30, '2019-10-07 14:42:51', '2019-10-07 14:59:06', 30, 0),
(36, 'restaurantcommeilfaut', 0, 1, 1, 967, 96, NULL, 600, NULL, 30, '2019-10-07 15:03:26', '2019-10-07 15:06:06', 30, 0),
(37, 'restaurantodessa', 0, 1, 3, 973, 97, NULL, 600, NULL, 50, '2019-10-07 15:11:16', '2019-10-07 15:11:57', 30, 0),
(38, 'restaurant whiskeycorner', 0, 1, 3, 980, 98, NULL, 600, NULL, 50, '2019-10-07 15:16:56', '2019-10-07 15:18:45', 30, 0),
(39, 'papakarla', 0, 1, 1, 988, 99, NULL, 500, NULL, 30, '2019-10-09 09:11:02', '2019-10-09 09:46:36', 30, 0),
(40, 'pivnoyrestoranbirkhaus', 0, 1, 1, 998, 100, NULL, 500, NULL, 50, '2019-10-09 10:01:38', '2019-10-09 10:02:29', 30, 0),
(41, 'restoranartist', 0, 1, 4, 1004, 101, NULL, 500, NULL, 50, '2019-10-09 12:15:34', '2019-10-09 12:22:05', 30, 0),
(42, 'restoranfelicita', 0, 1, 4, 1013, 102, NULL, 500, NULL, 30, '2019-10-09 12:30:05', '2019-10-09 12:37:14', 30, 0),
(43, 'banketnyykholkorona', 0, 1, 4, 1022, 103, NULL, 500, NULL, 50, '2019-10-09 13:08:11', '2019-10-09 13:16:30', 30, 0),
(44, 'restoratsiyabachevsʹkykh', 0, 1, 6, 1029, 104, NULL, 500, NULL, 50, '2019-10-09 13:54:01', '2019-10-09 14:24:56', 30, 0),
(45, 'naydorozhcharestoratsiyahalychyny', 0, 1, 6, 1037, 105, NULL, 1500, NULL, 50, '2019-10-09 15:00:39', '2019-10-09 15:12:04', 30, 0),
(46, 'restorandomlegend', 0, 1, 6, 1043, 106, NULL, 500, NULL, 50, '2019-10-10 09:49:44', '2019-10-10 09:50:23', 30, 0),
(47, 'restoranmonchef', 0, 1, 1, 1054, 107, NULL, 500, NULL, 50, '2019-10-10 09:58:51', '2019-10-10 10:02:08', 30, 0),
(48, 'semeynyyrestoranlove&lviv', 0, 1, 6, 1062, 108, NULL, 500, NULL, 500, '2019-10-10 11:45:24', '2019-10-10 11:47:24', 30, 0),
(49, 'restoransenator', 0, 1, 7, 1069, 109, NULL, 500, NULL, 50, '2019-10-10 12:56:36', '2019-10-10 13:01:26', 30, 0),
(50, 'restorankoliba', 0, 1, 7, 1076, 110, NULL, 500, NULL, 50, '2019-10-10 13:13:06', '2019-10-10 13:13:30', 30, 0),
(51, 'restoranal\'fonso', 0, 1, 7, 1084, 111, NULL, 500, NULL, 50, '2019-10-10 13:22:12', '2019-10-10 13:23:00', 30, 0),
(52, 'restoranbanketkholl', 0, 1, 7, 1092, 112, NULL, 500, NULL, 50, '2019-10-10 13:29:12', '2019-10-10 13:31:57', 30, 0),
(53, 'restoranstaryychernigov', 0, 1, 7, 1100, 113, NULL, 500, NULL, 50, '2019-10-10 13:41:40', '2019-10-10 13:45:08', 30, 0),
(54, 'restorannootel\'nyykompleks podkova', 0, 1, 8, 1108, 114, NULL, 500, NULL, 50, '2019-10-11 13:32:24', '2019-10-11 13:33:08', 30, 0),
(55, 'restoranlariva', 0, 1, 8, 1118, 115, NULL, 500, NULL, 30, '2019-10-11 14:13:04', '2019-10-11 14:16:26', 30, 0),
(56, 'restoranflamingo', 0, 1, 8, 1125, 116, NULL, 500, NULL, 100, '2019-10-11 14:27:00', '2019-10-11 14:37:26', 30, 0),
(57, 'restoranmelanzh', 0, 1, 8, 1139, 117, NULL, 500, NULL, 250, '2019-10-11 14:47:33', '2019-10-11 14:58:49', 30, 0),
(58, 'restorandvir', 0, 1, 8, 1147, 118, NULL, 500, NULL, 50, '2019-10-11 15:05:02', '2019-10-11 15:08:46', 30, 0),
(59, 'restorannairipatio', 0, 1, 9, 1154, 119, NULL, 500, NULL, 50, '2019-10-11 15:19:58', '2019-10-11 15:31:45', 30, 0),
(60, 'restoranaristocrate', 0, 1, 9, 1164, 120, NULL, 500, NULL, 50, '2019-10-11 15:40:08', '2019-10-11 15:43:58', 30, 0),
(61, 'restorangruzinskoykukhnionegogi', 0, 1, 9, 1169, 121, NULL, 500, NULL, 30, '2019-10-15 10:06:25', '2019-10-15 10:07:01', 30, 0),
(62, 'Restoranvillaolyva', 0, 1, 9, 1176, 122, NULL, 500, NULL, 30, '2019-10-15 10:14:18', '2019-10-15 10:14:57', 30, 0),
(63, 'traktyrbilyakamina', 0, 1, 9, 1183, NULL, NULL, 500, NULL, 50, '2019-10-15 10:25:20', '2019-10-15 10:25:20', 30, 0),
(64, 'restorankoronavytovta', 0, 1, 10, 1184, 123, NULL, 500, NULL, 50, '2019-10-15 10:37:19', '2019-10-15 10:37:52', 30, 0),
(65, 'restoranchernoyeoloto', 0, 1, 10, 1193, 124, NULL, 500, NULL, 50, '2019-10-15 11:49:45', '2019-10-15 11:50:15', 30, 0),
(66, 'restoranpraha', 0, 1, 10, 1203, 125, NULL, 500, NULL, 50, '2019-10-15 11:59:26', '2019-10-15 12:00:50', 30, 0),
(67, 'restorantereveni', 0, 1, 10, 1214, 126, NULL, 500, NULL, 30, '2019-10-15 12:19:41', '2019-10-15 12:20:31', 30, 0),
(68, 'cafedevino', 0, 1, 10, 1225, 127, NULL, 500, NULL, 30, '2019-10-15 12:28:04', '2019-10-15 12:28:39', 30, 0),
(69, 'restoranpriroda', 0, 1, 11, 1231, 128, NULL, 500, NULL, 50, '2019-10-15 12:44:08', '2019-10-15 12:47:25', 30, 0),
(70, 'restoranternovnyk', 0, 1, 11, 1243, 129, NULL, 500, NULL, 50, '2019-10-15 13:21:31', '2019-10-15 13:22:10', 30, 0),
(71, 'restoranvylen', 0, 1, 11, 1252, 130, NULL, 500, NULL, 50, '2019-10-15 13:44:25', '2019-10-15 13:44:57', 30, 0),
(72, 'restoran tango', 0, 1, 11, 1259, 131, NULL, 500, NULL, 100, '2019-10-15 13:57:25', '2019-10-15 13:58:12', 30, 0),
(73, 'restorantsarskoyeselo', 0, 1, 11, 1266, 132, NULL, 1000, NULL, 100, '2019-10-15 14:09:02', '2019-10-15 14:14:56', 30, 0);

--
-- Дамп данных таблицы `restaurants_kitchens`
--

INSERT INTO `restaurants_kitchens` (`id`, `restaurant_id`, `kitchen_id`, `created_at`, `updated_at`) VALUES
(105, 8, 1, NULL, NULL),
(106, 8, 2, NULL, NULL),
(107, 8, 7, NULL, NULL),
(145, 24, 1, NULL, NULL),
(146, 22, 1, NULL, NULL),
(147, 12, 4, NULL, NULL),
(148, 6, 1, NULL, NULL),
(149, 6, 6, NULL, NULL),
(150, 6, 7, NULL, NULL),
(151, 27, 1, NULL, NULL),
(152, 27, 2, NULL, NULL),
(153, 19, 1, NULL, NULL),
(154, 19, 4, NULL, NULL),
(163, 9, 1, NULL, NULL),
(164, 5, 1, NULL, NULL),
(165, 23, 1, NULL, NULL),
(166, 23, 2, NULL, NULL),
(167, 25, 1, NULL, NULL),
(168, 25, 2, NULL, NULL),
(169, 25, 4, NULL, NULL),
(170, 25, 6, NULL, NULL),
(171, 25, 7, NULL, NULL),
(172, 25, 8, NULL, NULL),
(173, 7, 1, NULL, NULL),
(174, 7, 2, NULL, NULL),
(175, 4, 1, NULL, NULL),
(176, 4, 5, NULL, NULL),
(177, 4, 7, NULL, NULL),
(178, 26, 1, NULL, NULL),
(179, 26, 2, NULL, NULL),
(180, 26, 5, NULL, NULL),
(181, 10, 1, NULL, NULL),
(182, 10, 2, NULL, NULL),
(183, 10, 3, NULL, NULL),
(184, 10, 4, NULL, NULL),
(186, 28, 2, NULL, NULL),
(193, 2, 1, NULL, NULL),
(194, 2, 2, NULL, NULL),
(195, 2, 3, NULL, NULL),
(196, 2, 6, NULL, NULL),
(197, 2, 7, NULL, NULL),
(198, 2, 9, NULL, NULL),
(199, 21, 1, NULL, NULL),
(200, 21, 3, NULL, NULL),
(201, 20, 1, NULL, NULL),
(202, 20, 2, NULL, NULL),
(203, 20, 4, NULL, NULL),
(204, 20, 7, NULL, NULL),
(205, 18, 1, NULL, NULL),
(206, 18, 3, NULL, NULL),
(207, 18, 7, NULL, NULL),
(210, 3, 1, NULL, NULL),
(211, 3, 3, NULL, NULL),
(212, 17, 1, NULL, NULL),
(213, 17, 2, NULL, NULL),
(214, 17, 3, NULL, NULL),
(215, 17, 4, NULL, NULL),
(216, 17, 7, NULL, NULL),
(217, 15, 1, NULL, NULL),
(218, 15, 2, NULL, NULL),
(219, 15, 3, NULL, NULL),
(220, 15, 6, NULL, NULL),
(221, 15, 7, NULL, NULL),
(222, 14, 1, NULL, NULL),
(223, 14, 2, NULL, NULL),
(224, 14, 3, NULL, NULL),
(225, 14, 5, NULL, NULL),
(226, 14, 7, NULL, NULL),
(227, 13, 1, NULL, NULL),
(228, 13, 2, NULL, NULL),
(229, 13, 7, NULL, NULL),
(230, 16, 1, NULL, NULL),
(231, 16, 2, NULL, NULL),
(232, 16, 4, NULL, NULL),
(233, 16, 5, NULL, NULL),
(234, 16, 7, NULL, NULL),
(239, 31, 1, NULL, NULL),
(245, 32, 1, NULL, NULL),
(249, 33, 1, NULL, NULL),
(250, 34, 2, NULL, NULL),
(252, 35, 5, NULL, NULL),
(254, 36, 3, NULL, NULL),
(255, 37, 2, NULL, NULL),
(256, 38, 1, NULL, NULL),
(279, 39, 2, NULL, NULL),
(280, 39, 4, NULL, NULL),
(287, 42, 3, NULL, NULL),
(288, 41, 1, NULL, NULL),
(291, 43, 1, NULL, NULL),
(297, 44, 1, NULL, NULL),
(298, 44, 2, NULL, NULL),
(301, 29, 1, NULL, NULL),
(302, 29, 2, NULL, NULL),
(307, 30, 3, NULL, NULL),
(308, 45, 1, NULL, NULL),
(310, 47, 1, NULL, NULL),
(313, 48, 1, NULL, NULL),
(316, 49, 1, NULL, NULL),
(317, 49, 2, NULL, NULL),
(318, 50, 2, NULL, NULL),
(320, 51, 3, NULL, NULL),
(322, 52, 1, NULL, NULL),
(327, 57, 1, NULL, NULL),
(328, 57, 2, NULL, NULL),
(330, 58, 2, NULL, NULL),
(332, 59, 1, NULL, NULL),
(334, 60, 1, NULL, NULL),
(335, 11, 1, NULL, NULL),
(336, 11, 4, NULL, NULL),
(337, 11, 5, NULL, NULL),
(338, 11, 7, NULL, NULL),
(339, 55, 3, NULL, NULL),
(340, 61, 5, NULL, NULL),
(341, 62, 3, NULL, NULL),
(342, 63, 1, NULL, NULL),
(343, 64, 1, NULL, NULL),
(344, 65, 1, NULL, NULL),
(345, 66, 1, NULL, NULL),
(346, 67, 1, NULL, NULL),
(347, 68, 1, NULL, NULL),
(349, 69, 1, NULL, NULL),
(350, 72, 1, NULL, NULL),
(352, 73, 2, NULL, NULL),
(354, 74, 3, NULL, NULL),
(355, 75, 6, NULL, NULL),
(356, 75, 8, NULL, NULL),
(357, 75, 9, NULL, NULL);

--
-- Дамп данных таблицы `restaurants_langs`
--

INSERT INTO `restaurants_langs` (`id`, `lang`, `restaurants_id`, `heading`, `seo_title`, `seo_description`, `seo_text`, `created_at`, `updated_at`, `address`, `gift_text`, `schedule`, `discount`) VALUES
(3, 'ru', 2, 'Ресторан «IRIS art RESTAURANT»', 'Ресторан «IRIS art RESTAURANT»', 'Ресторан «IRIS art RESTAURANT»', NULL, '2019-09-23 15:34:51', '2019-09-30 15:17:10', 'Харьков, ул. Святодуховская 6А', NULL, NULL, NULL),
(4, 'ua', 2, 'Ресторан «IRIS art RESTAURANT»', 'Ресторан «IRIS art RESTAURANT»', 'Ресторан «IRIS art RESTAURANT»', NULL, '2019-09-23 15:34:51', '2019-09-30 15:17:10', 'Харків, вул. Святодухівська 6А', NULL, NULL, NULL),
(5, 'ru', 3, 'Семейный ресторан «Papa Roma»', 'Семейный ресторан «Papa Roma»', 'Семейный ресторан «Papa Roma»', NULL, '2019-09-23 16:14:35', '2019-10-07 09:16:22', 'Харьков, ул. Пушкинская, 79б', 'До конца года закажи банкет на январь или февраль 2020 года и получи скидку 20%', NULL, 'с 11:00 - 23:00, при банкете до 02:00'),
(6, 'ua', 3, 'Сімейний ресторан «Papa Roma»', 'Сімейний ресторан «Papa Roma»', 'Сімейний ресторан «Papa Roma»', NULL, '2019-09-23 16:14:35', '2019-10-07 09:16:22', 'Харків, вул. Пушкінська, 79б', 'До кінця року замов банкет на січень або лютий 2020 року і отримай знижку 20%', NULL, 'з 11:00 - 23:00, при банкете до 02:00'),
(7, 'ru', 4, 'Ресторан «Mani»', 'Ресторан «Mani»', 'Ресторан «Mani»', '<p>&nbsp;</p>\n<p>&nbsp;</p>', '2019-09-24 08:44:17', '2019-10-07 08:18:44', 'Харьков, пр.Московский, 181', 'Караоке бесплатно каждый день', 'с 11:00 до 06:00', NULL),
(8, 'ua', 4, 'Ресторан «Mani»', 'Ресторан «Mani»', 'Ресторан «Mani»', NULL, '2019-09-24 08:44:17', '2019-10-07 08:18:44', 'Харків, пр.Московський, 181', 'Караоке безкоштовно кожен день', 'з 11:00 до 06:00', NULL),
(9, 'ru', 5, 'Ресторанный комплекс «Мисто»', 'Ресторанный комплекс «Мисто»', 'Ресторанный комплекс «Мисто»', NULL, '2019-09-24 09:09:20', '2019-10-07 07:54:46', 'Харьков, ул.Клочковская, 190а', 'При заказе от 60 000 грн - отельный номер в подарок', 'с 08:00 до 06:00', 'Имениннику скидка 20% на банкет'),
(10, 'ua', 5, 'Ресторанний комплекс «Місто»', 'Ресторанний комплекс «Місто»', 'Ресторанний комплекс «Місто»', NULL, '2019-09-24 09:09:20', '2019-10-07 07:54:46', 'Харків, вул.Клочківська, 190а', 'При замовленні від 60 000 грн - готельний номер в подарунок', 'з 08:00 до 06:00', 'Імениннику знижка 20% на банкет'),
(11, 'ru', 6, 'Ресторан «AltBier Vinoteka»', 'Ресторан «AltBier Vinoteka»', 'Ресторан «AltBier Vinoteka»', NULL, '2019-09-24 09:12:27', '2019-10-07 07:45:02', 'Харьков, ул. Культуры, 8', NULL, 'с 12:00 до 06:00', NULL),
(12, 'ua', 6, 'Ресторан «AltBier Vinoteka»', 'Ресторан «AltBier Vinoteka»', 'Ресторан «AltBier Vinoteka»', NULL, '2019-09-24 09:12:27', '2019-10-07 07:49:42', 'Харків, вул. Культури, 8', NULL, 'з 12:00 до 06:00', NULL),
(13, 'ru', 7, 'Ресторан «Коляда»', 'Ресторан «Коляда»', 'Ресторан «Коляда»', NULL, '2019-09-24 09:21:08', '2019-10-07 08:17:20', 'Харьковский район, пос.Черкасские Тишки, ул.Советская, 4 А', 'Молодоженам номер в подарок', 'с 11:00 до 11:00', NULL),
(14, 'ua', 7, 'Ресторан «Коляда»', 'Ресторан «Коляда»', 'Ресторан «Коляда»', '<p>&nbsp;</p>\n<p>&nbsp;</p>', '2019-09-24 09:21:08', '2019-10-07 08:17:20', 'Харківський район, пос.Черкасскіе Тишки, вул.Радянська, 4 А', 'Молодятам номер в подарунок', 'з11:00 до 11:00', NULL),
(15, 'ru', 8, 'Ресторан «Панское село»', 'Ресторан «Панское село»', 'Ресторан «Панское село»', NULL, '2019-09-24 09:24:29', '2019-10-02 07:54:53', 'Харьковская область, Белгородское шоссе, 7', 'При счете от 3000 грн - дисконтная карта 5%', NULL, NULL),
(16, 'ua', 8, 'Ресторан \"Панське село\"', 'Ресторан \"Панське село\"', 'Ресторан \"Панське село\"', NULL, '2019-09-24 09:24:29', '2019-10-02 07:54:53', 'Харківська область, Білгородське шосе, 7', 'За рахунку від 3000 грн - дисконтна карта 5%', NULL, NULL),
(17, 'ru', 9, 'Ресторан «M-Royal»', 'Ресторан «M-Royal»', 'Ресторан «M-Royal»', NULL, '2019-09-24 09:29:07', '2019-10-07 07:52:40', 'Харьков, ул. Космическая, 21', NULL, 'с 10:00 до 23:00', NULL),
(18, 'ua', 9, 'Ресторан «M-Royal»', 'Ресторан «M-Royal»', 'Ресторан «M-Royal»', NULL, '2019-09-24 09:29:07', '2019-10-07 07:52:40', 'Харків, вул. Космічна, 21', NULL, 'з 10:00 до 23:00', NULL),
(19, 'ru', 10, 'Ресторан «Корона»', 'Ресторан «Корона»', 'Ресторан «Корона»', NULL, '2019-09-24 09:32:55', '2019-10-07 08:22:16', 'Харьков, Стадионный проезд, 17а', '50/50 покрываем затраты имениннику на такси в будни; покрываем затраты 50/50 бейбиситеров; покрываем 50/50 затраты на оформление зала', 'пн-чт 12:00-4:00; пт-сб 12:00-5:00', NULL),
(20, 'ua', 10, 'Ресторан «Корона»', 'Ресторан «Корона»', 'Ресторан «Корона»', NULL, '2019-09-24 09:32:55', '2019-10-07 08:22:16', 'Харків, Стадіонний проїзд, 17а', '50/50 покрываем затраты имениннику на такси в будни; покрываем затраты 50/50 бейбиситеров; покрываем 50/50 затраты на оформление зала', 'пн-чт 12:00-4:00; пт-сб 12:00-5:00', NULL),
(21, 'ru', 11, 'Кафе «Abricos»', 'Кафе «Abricos»', 'Кафе «Abricos»', NULL, '2019-09-24 09:34:55', '2019-10-07 07:50:20', 'Харьков, ул. Кузнечная, 2', NULL, 'з 10:30 до 23:00, при банкете 00:00', NULL),
(22, 'ua', 11, 'Кафе «Abricos»', 'Кафе «Abricos»', 'Кафе «Abricos»', NULL, '2019-09-24 09:34:55', '2019-10-07 07:51:15', 'Харків, вул. Ковальська, 2', NULL, 'з 10:30 до 23:00, при банкете 00:00', NULL),
(23, 'ru', 12, 'Пироговая «Тестовъ»', 'Пироговая «Тестовъ»', 'Пироговая «Тестовъ»', NULL, '2019-09-24 09:36:39', '2019-10-07 07:46:11', 'Харьков, ул.Сумская, 84', NULL, 'с 9:00 до 22:00', NULL),
(24, 'ua', 12, 'Пирогова «Тестов\'»', 'Пирогова «Тестов\'»', 'Пирогова «Тестов\'»', NULL, '2019-09-24 09:36:39', '2019-10-07 07:49:20', 'Харків, вул.Сумська, 84', NULL, 'з 9:00 до 22:00', NULL),
(25, 'ru', 13, 'Ресторан «Solo»', 'Ресторан «Solo»', 'Ресторан «Solo»', NULL, '2019-09-24 09:38:44', '2019-10-07 09:24:22', 'г. Харьков, ул. Валентиновская (Блюхера), 29Б', 'Многоразовые посищения выдаётся скидочная карта начиная с 5% и выше.После двух банкетов тоже выдаётся скидочные карты', 'с 10:00 до 06:00', 'Постоянным клиентам -дисконтная карта от 5% и более\nПосле двух банкетов - дисконт карта в подарок!'),
(26, 'ua', 13, 'Ресторан «Solo»', 'Ресторан «Solo»', 'Ресторан «Solo»', NULL, '2019-09-24 09:38:44', '2019-10-07 09:24:22', 'г. Харьков, вул. Валентіновська (Блюхера), 29Б', 'Багаторазові посіщенія видається дисконтна карта починаючи з 5% і више. После двох банкетів теж видається картки знижок', 'з 10:00 до 06:00', 'Постійним клієнтам -дісконтная карта від 5% і більше\nПісля двох банкетів - дисконт карта в подарунок!'),
(27, 'ru', 14, 'Ресторан «Шампань»', 'Ресторан «Шампань»', 'Ресторан «Шампань»', '<p>&nbsp;</p>\n<p>&nbsp;</p>', '2019-09-24 09:41:14', '2019-10-07 09:21:48', 'Харьков, ул. Краснодарская, 171 Г', 'От 1000 услуги диджея', 'с 11:00 до 06:00, банкеты до 24ч', NULL),
(28, 'ua', 14, 'Ресторан «Шампань»', 'Ресторан «Шампань»', 'Ресторан «Шампань»', '<p>&nbsp;</p>\n<p>&nbsp;</p>', '2019-09-24 09:41:14', '2019-10-07 09:21:48', 'Харків, вул. Краснодарська, 171 Г', 'Від 1000 послуги діджея', 'з 11:00 до 06:00, банкети до 24ч', NULL),
(29, 'ru', 15, 'Ресторан «Light Hall»', 'Ресторан «Light Hall»', 'Ресторан «Light Hall»', '<p>&nbsp;</p>\n<p>&nbsp;</p>', '2019-09-24 09:43:29', '2019-10-07 09:20:06', 'Харьков, ул. Валентиновская, 2-а', 'При наличии дисконтной Карты', 'с 9:00 до 06:00', NULL),
(30, 'ua', 15, 'Ресторан «Light Hall»', 'Ресторан «Light Hall»', 'Ресторан «Light Hall»', NULL, '2019-09-24 09:43:29', '2019-10-07 09:20:06', 'Харків, вул. Валентіновська, 2-а', 'При наявності дисконтної карти', 'з 9:00 до 06:00', NULL),
(31, 'ru', 16, 'Банкетный зал «Феникс»', 'Банкетный зал «Феникс»', 'Банкетный зал «Феникс»', NULL, '2019-09-24 09:47:04', '2019-10-07 09:32:44', 'Харьков, пр.Московский, 266', 'Торт в подарок или скидка 10% при заказе банкета в воскресенье', '11:00 - 23:00, во время банкета: по предварительной договоренности', '30%  при заказе банкета с понедельника по четверг'),
(32, 'ua', 16, 'Банкетний зал «Фенікс»', 'Банкетний зал «Фенікс»', 'Банкетний зал «Фенікс»', NULL, '2019-09-24 09:47:04', '2019-10-07 09:32:44', 'Харків, пр.Московський, 266', 'Торт в подарунок або знижка 10% при замовленні банкету в неділю', '11:00 - 23:00, під час банкету: за попередньою домовленістю', '30%  при замовленні  банкета з понеділка по четвер'),
(33, 'ru', 17, 'Ресторанный комплекс «Традиция Resto Park»', 'Ресторанный комплекс «Традиция Resto Park»', 'Ресторанный комплекс «Традиция Resto Park»', NULL, '2019-09-24 09:53:07', '2019-10-07 09:18:30', 'Харьков, Дергачевский район, ПГТ Подворки, ул. Свердлова, 42а', 'Скидочные карты от 5%  Карты накопительные', 'с 11:00 - 23:00; во время банкета - обсуждается', NULL),
(34, 'ua', 17, 'Ресторанний комплекс «Традиція Resto Park»', 'Ресторанний комплекс «Традиція Resto Park»', 'Ресторанний комплекс «Традиція Resto Park»', NULL, '2019-09-24 09:53:07', '2019-10-07 09:18:30', 'Харків, Дергачівський район, смт Подвірки, вул. Свердлова, 42а', 'Картки знижок від 5% Карти накопичувальні', 'з 11:00 - 23:00; під час банкету - обговорюється', NULL),
(35, 'ru', 18, 'Траттория «Al Dente»', 'Траттория «Al Dente»', 'Траттория «Al Dente»', NULL, '2019-09-24 09:58:51', '2019-10-07 09:14:38', 'Харьков, ул. Академика Проскуры, 3в', 'Индивидуально', 'с 11:00 до 23:00', NULL),
(36, 'ua', 18, 'Тратторія «Al Dente»', 'Тратторія «Al Dente»', 'Тратторія «Al Dente»', NULL, '2019-09-24 09:58:51', '2019-10-07 09:14:38', 'Харків, вул. Академіка Проскури, 3в', 'Індивідуально', 'з 11:00 до 23:00', NULL),
(37, 'ru', 19, 'Кафе «Оазис»', 'Кафе «Оазис»', 'Кафе «Оазис»', '<p>&nbsp;</p>\n<p>&nbsp;</p>', '2019-09-24 10:03:32', '2019-10-07 07:41:08', 'Харьков, ул. 0сипенко, 55а', NULL, 'с 11:30 до 1:00', NULL),
(38, 'ua', 19, 'Кафе «Оазис»', 'Кафе «Оазис»', 'Кафе «Оазис»', '<p>&nbsp;</p>\n<p>&nbsp;</p>', '2019-09-24 10:03:32', '2019-10-07 07:50:07', 'Харків, вул. 0сіпенко, 55а', NULL, 'з 11:30 до 1:00', NULL),
(39, 'ru', 20, 'Ресторан «Печь»', 'Ресторан «Печь»', 'Ресторан «Печь»', NULL, '2019-09-24 10:08:39', '2019-10-07 09:13:20', 'Харьковская область, пос. Нестеренки, 454 км. Трасса Киев-Харьков', 'Скидки постоянным клиентам', 'с 7:00 - до последнего гостя', NULL),
(40, 'ua', 20, 'Ресторан «Піч»', 'Ресторан «Піч»', 'Ресторан «Піч»', NULL, '2019-09-24 10:08:39', '2019-10-07 09:13:20', 'Харківська область, сел. Нестеренки, 454 км. Траса Київ-Харків', 'Знижки постійним клієнтам', 'з 7:00 - до останнього гостя', NULL),
(41, 'ru', 21, 'Ресторан «Тартуфо»', 'Ресторан «Тартуфо»', 'Ресторан «Тартуфо»', NULL, '2019-09-24 10:10:46', '2019-10-07 09:11:58', 'Харьков, ул. Культуры 20-В', 'Десерты в подарок', 'с 10:00 до 22:00, при банкете до 02:00', NULL),
(42, 'ua', 21, 'Ресторан «Тартуфо»', 'Ресторан «Тартуфо»', 'Ресторан «Тартуфо»', NULL, '2019-09-24 10:10:46', '2019-10-07 09:11:58', 'Харків, вул. Культури 20-В', 'Десерты в подарок', 'з10:00 до 22:00, при банкете до 02:00', NULL),
(43, 'ru', 22, 'Рок-кафе «Желтый Цеппелин»', 'Рок-кафе «Желтый Цеппелин»', 'Рок-кафе «Желтый Цеппелин»', NULL, '2019-09-24 10:14:30', '2019-10-07 07:47:22', 'Харьков, ул. Олеся Гончара, 2', NULL, 'с 12:00 до 23:00, при банкете до 24:00', NULL),
(44, 'ua', 22, 'Рок-кафе «Желтый Цеппелин»', 'Рок-кафе «Желтый Цеппелин»', 'Рок-кафе «Желтый Цеппелин»', NULL, '2019-09-24 10:14:30', '2019-10-07 07:49:06', 'Харків, вул. Олеся Гончара, 2', NULL, 'з 12:00 до 23:00, при банкете до 24:00', NULL),
(45, 'ru', 23, 'Ресторан «Табу лаунж 24»', 'Ресторан «Табу лаунж 24»', 'Ресторан «Табу лаунж 24»', '<p>&nbsp;</p>\n<p>&nbsp;</p>', '2019-09-24 10:17:52', '2019-10-07 08:10:08', 'Харьков. пр. Науки, 21', 'В подарок кальян и фирменный коктейль', 'с 18:00 до 06:00', NULL),
(46, 'ua', 23, 'Ресторан «Табу лаунж 24»', 'Ресторан «Табу лаунж 24»', 'Ресторан «Табу лаунж 24»', '<p>&nbsp;</p>\n<p>&nbsp;</p>', '2019-09-24 10:17:52', '2019-10-07 08:10:08', 'Харків. пр. Науки, 21', 'У подарунок кальян і фірмовий коктейль', 'з 18:00 до 06:00', NULL),
(47, 'ru', 24, 'Ресторан «Ля-Мажор»', 'Ресторан «Ля-Мажор»', 'Ресторан «Ля-Мажор»', NULL, '2019-09-24 14:16:52', '2019-10-07 07:48:41', 'Харьков, ул. Пожарского, 1', 'Имениннику коктейль на выбор в подарок', 'с 9:00 до последнего клиента', NULL),
(48, 'ua', 24, 'Ресторан «Ля-Мажор»', 'Ресторан «Ля-Мажор»', 'Ресторан «Ля-Мажор»', NULL, '2019-09-24 14:16:52', '2019-10-07 07:48:41', 'Харків, вул. Пожарського, 1', 'Імениннику коктейль на вибір в подарунок', 'з 9:00 до останнього клієнта', NULL),
(49, 'ru', 25, 'Кейтеринг кафе «Maksimys»', 'Кейтеринг кафе «Maksimys»', 'Кейтеринг кафе «Maksimys»', NULL, '2019-09-24 14:22:37', '2019-10-07 08:12:43', 'Харьков, пр. Московский, 90', 'Постоянным клиентам скидки', 'с 8:00 до 22:00', NULL),
(50, 'ua', 25, 'Кейтеринг кафе «Maksimys»', 'Кейтеринг кафе «Maksimys»', 'Кейтеринг кафе «Maksimys»', NULL, '2019-09-24 14:22:37', '2019-10-07 08:12:43', 'Харків, пр. Московський, 90', 'Постійним клієнтам знижки', 'з 8:00 до 22:00', NULL),
(51, 'ru', 26, 'Трактир «Мишкина Малина»', 'Трактир «Мишкина Малина»', 'Трактир «Мишкина Малина»', NULL, '2019-09-24 14:30:56', '2019-10-07 08:20:12', 'Харьков, ул Алчевских, 58/10', NULL, 'с 11:00 до 23:00, при банкете до 2:00', '20% скидки на Банкетное меню'),
(52, 'ua', 26, 'Трактир «Мішкіна Малина»', 'Трактир «Мішкіна Малина»', 'Трактир «Мішкіна Малина»', NULL, '2019-09-24 14:30:56', '2019-10-07 08:20:12', 'Харків, вул Алчевських, 58/10', NULL, 'з 11:00 до 23:00, при банкете до 2:00', '20% знижки на Банкетне меню'),
(53, 'ru', 27, 'Кафе «Як вдома»', 'Кафе «Як вдома»', 'Кафе «Як вдома»', '<p>&nbsp;</p>\n<p>&nbsp;</p>', '2019-09-24 14:47:33', '2019-10-07 07:39:33', 'Харьков, пер. Молчановский 12', NULL, 'с 10:00 до 22:00, при банкете до 23:00', NULL),
(54, 'ua', 27, 'Кафе «Як вдома»', 'Кафе «Як вдома»', 'Кафе «Як вдома»', '<p>&nbsp;</p>\n<p>&nbsp;</p>', '2019-09-24 14:47:33', '2019-10-07 07:49:55', 'Харьков, пер. Молчановский 12', NULL, 'з 10:00 до 22:00, при банкете до 23:00', NULL),
(55, 'ru', 28, 'Арт-cafe «Пластилиновая vorona»', 'Арт-cafe «Пластилиновая vorona»', 'Арт-cafe «Пластилиновая vorona»', NULL, '2019-09-27 12:40:55', '2019-10-07 08:51:37', 'Харьков, ул.Сумская,17', 'При предварительном заказе Вы получаете  торт весом 1 кг в подарок.', 'Чт. 14:00-23:00; Пт. 14:00-00:00; Сб. 12:00-00:00; Вс 12:00-23:00', 'Именинник при предъявлении паспорта получает скидку в размере 25% на весь заказ (скидка действует в течении 7 дней)'),
(56, 'ua', 28, 'Арт-cafe «Пластилінова vorona»', 'Арт-cafe «Пластилінова vorona»', 'Арт-cafe «Пластилінова vorona»', NULL, '2019-09-27 12:40:55', '2019-10-07 08:51:37', 'Харків, вул.Сумська, 17', 'При попередньому замовленні Ви отримуєте торт вагою 1 кг в подарунок.', 'Чт. 14:00-23:00; Пт. 14:00-00:00; Сб. 12:00-00:00; Вс 12:00-23:00', 'Іменинник при пред\'явленні паспорта отримує знижку в розмірі 25% на все замовлення (ця знижка діє протягом 7 днів)'),
(57, 'ru', 29, 'Ресторан \"Bernardazzi\"', 'Ресторан \"Bernardazzi\"', 'Ресторан \"Bernardazzi\"', NULL, '2019-10-07 12:36:10', '2019-10-09 14:28:26', 'г. Одесса, ул.  Бунина, 15', NULL, 'пн-чт 12:00 до 00:00; пт, сб, 11:00 до 2:00; вс 11:00 до 00:00', NULL),
(58, 'ua', 29, 'Ресторан \"Bernardazzi\"', 'Ресторан \"Bernardazzi\"', 'Ресторан \"Bernardazzi\"', NULL, '2019-10-07 12:36:10', '2019-10-09 14:28:26', 'м Одеса, вул. Буніна, 15 (будівля Філармонії)', NULL, 'пн-чт 12:00 до 00:00; пт, сб, 11:00 до 2:00; нед. 11:00 до 00:00', NULL),
(59, 'ru', 30, 'Ресторан \"Tavernetta\"', 'Ресторан \"Tavernetta\"', 'Ресторан \"Tavernetta\"', NULL, '2019-10-07 13:08:45', '2019-10-07 13:10:24', 'г. Одесса, ул. Екатерининская, 45', NULL, 'с 9:00 до 00:00', NULL),
(60, 'ua', 30, 'Ресторан \"Tavernetta\"', 'Ресторан \"Tavernetta\"', 'Ресторан \"Tavernetta\"', NULL, '2019-10-07 13:08:45', '2019-10-07 13:10:24', 'м Одеса, вул. Катерининська, 45', NULL, 'с 9:00 до 00:00', NULL),
(61, 'ru', 31, 'Ресторан \"Стейкхаус\"  Мясо и вино', 'Ресторан \"Стейкхаус\"  Мясо и вино', 'Ресторан \"Стейкхаус\"  Мясо и вино', NULL, '2019-10-07 13:19:49', '2019-10-07 13:19:49', NULL, NULL, NULL, NULL),
(62, 'ua', 31, 'Ресторан \"Стейкхаус\" М\'ясо і вино', 'Ресторан \"Стейкхаус\" М\'ясо і вино', 'Ресторан \"Стейкхаус\" М\'ясо і вино', NULL, '2019-10-07 13:19:49', '2019-10-07 13:19:49', NULL, NULL, NULL, NULL),
(63, 'ru', 32, 'Ресторан \"Sophie Café\"', 'Ресторан \"Sophie Café\"', 'Ресторан \"Sophie Café\"', NULL, '2019-10-07 13:49:40', '2019-10-07 13:49:40', NULL, NULL, 'с 7:30 до 22:00', NULL),
(64, 'ua', 32, 'Ресторан \"Sophie Café\"', 'Ресторан \"Sophie Café\"', 'Ресторан Sophie Café', NULL, '2019-10-07 13:49:40', '2019-10-07 13:49:40', NULL, NULL, 'з 7:30 до 22:00', NULL),
(65, 'ru', 33, 'Кафе \"Штрудель\"', 'Кафе \"Штрудель\"', 'Кафе \"Штрудель\"', NULL, '2019-10-07 13:59:24', '2019-10-07 13:59:24', NULL, NULL, 'с 8:00 до 23:00', NULL),
(66, 'ua', 33, 'Кафе \"Штрудель\"', 'Кафе \"Штрудель\"', 'Кафе \"Штрудель\"', NULL, '2019-10-07 13:59:24', '2019-10-07 13:59:24', NULL, NULL, 'с 8:00 до 23:00', NULL),
(67, 'ru', 34, 'Ресторан \"Диканька\"', 'Ресторан \"Диканька\"', 'Ресторан \"Диканька\"', NULL, '2019-10-07 14:34:00', '2019-10-07 14:34:00', NULL, NULL, 'с 12:00 до 00:00', NULL),
(68, 'ua', 34, 'Ресторан \"Диканька\"', 'Ресторан \"Диканька\"', 'Ресторан \"Диканька\"', NULL, '2019-10-07 14:34:00', '2019-10-07 14:34:00', NULL, NULL, 'з 12:00 до 00:00', NULL),
(69, 'ru', 35, 'Ресторан \"Чачапури\"', 'Ресторан \"Чачапури\"', 'Ресторан \"Чачапури\"', NULL, '2019-10-07 14:42:51', '2019-10-07 14:44:49', 'г. Киев, бул. Тараса Шевченко, 36а', NULL, 'пн-пт с 09:00 до 23:00; сб-вс с 10:00-23:00', NULL),
(70, 'ua', 35, 'Ресторан \"Чачапурі\"', 'Ресторан \"Чачапурі\"', 'Ресторан \"Чачапурі\"', NULL, '2019-10-07 14:42:51', '2019-10-07 14:44:49', 'м. Київ, бул. Тараса Шевченка, 36а', NULL, 'пн-пт з 09:00 до 23:00; сб-нед з 10:00-23:00', NULL),
(71, 'ru', 36, 'Ресторан \"Comme il Faut\"', 'Ресторан \"Comme il Faut\"', 'Ресторан \"Comme il Faut\"', NULL, '2019-10-07 15:03:26', '2019-10-07 15:03:26', NULL, NULL, 'с 10:00 до 24:00', NULL),
(72, 'ua', 36, 'Ресторан \"Comme il Faut\"', 'Ресторан \"Comme il Faut\"', 'Ресторан \"Comme il Faut\"', NULL, '2019-10-07 15:03:26', '2019-10-07 15:03:26', NULL, NULL, 'з 10:00 до 24:00', NULL),
(73, 'ru', 37, 'Ресторан \"Odessa\"', 'Ресторан \"Odessa\"', 'Ресторан \"Odessa\"', NULL, '2019-10-07 15:11:16', '2019-10-07 15:11:16', NULL, NULL, 'с 11:00 до 23:00', NULL),
(74, 'ua', 37, 'Ресторан \"Odessa\"', 'Ресторан \"Odessa\"', 'Ресторан \"Odessa\"', NULL, '2019-10-07 15:11:16', '2019-10-07 15:11:16', NULL, NULL, 'з 11:00 до 23:00', NULL),
(75, 'ru', 38, 'Ресторан \"Whisky Corner\"', 'Ресторан \"Whisky Corner\"', 'Ресторан \"Whisky Corner\"', NULL, '2019-10-07 15:16:56', '2019-10-07 15:16:56', NULL, NULL, 'с 12:00 до 24:00', NULL),
(76, 'ua', 38, 'Ресторан \"Whisky Corner\"', 'Ресторан \"Whisky Corner\"', 'Ресторан \"Whisky Corner\"', NULL, '2019-10-07 15:16:56', '2019-10-07 15:16:56', NULL, NULL, 'з 12:00 до 24:00', NULL),
(77, 'ru', 39, 'Кафе \"Папа Карла\"', 'Кафе \"Папа Карла\"', 'Кафе \"Папа Карла\"', NULL, '2019-10-09 09:11:02', '2019-10-09 09:20:28', NULL, NULL, 'с 10:00 до 23:00', NULL),
(78, 'ua', 39, 'Кафе \"Папа Карла\"', 'Кафе \"Папа Карла\"', 'Кафе \"Папа Карла\"', NULL, '2019-10-09 09:11:02', '2019-10-09 09:20:28', NULL, NULL, 'з 10:00 до 23:00', NULL),
(79, 'ru', 40, 'Пивной ресторан \"Бирхаус\"', 'Пивной ресторан \"Бирхаус\"', 'Пивной ресторан \"Бирхаус\"', NULL, '2019-10-09 10:01:38', '2019-10-09 10:01:38', NULL, NULL, 'вс-чт с 12:00 до 23:00; пт-сб с 12:00 до 00:00', NULL),
(80, 'ua', 40, 'Пивний ресторан \"Бирхаус\"', 'Пивний ресторан \"Бирхаус\"', 'Пивний ресторан \"Бирхаус\"', NULL, '2019-10-09 10:01:38', '2019-10-09 10:01:38', NULL, NULL, 'нед-чт з 12:00 до 23:00; пт-сб з 12:00 до 00:00', NULL),
(81, 'ru', 41, 'Ресторан \"Артист\"', 'Ресторан \"Артист\"', 'Ресторан \"Артист\"', NULL, '2019-10-09 12:15:34', '2019-10-09 12:21:35', 'г. Днепр, площадь Соборная, 2А,', NULL, 'с 7:00 до 00:00', NULL),
(82, 'ua', 41, 'Ресторан \"Артист\"', 'Ресторан \"Артист\"', 'Ресторан \"Артист\"', NULL, '2019-10-09 12:15:34', '2019-10-09 12:21:35', 'м. Дніпро, площа Соборна, 2А', NULL, 'з  7:00 до 00:00', NULL),
(83, 'ru', 42, 'Ресторан \"Felicita\"', 'Ресторан \"Felicita\"', 'Ресторан \"Felicita\"', NULL, '2019-10-09 12:30:05', '2019-10-09 12:31:27', 'г. Днепр, пр-т Д.Яворницкого, 88', NULL, 'пн-пт с 8:30 до 00:00; сб-вс с 10:00 до 00:00', NULL),
(84, 'ua', 42, 'Ресторан \"Felicita\"', 'Ресторан \"Felicita\"', 'Ресторан \"Felicita\"', NULL, '2019-10-09 12:30:05', '2019-10-09 12:31:27', 'м Дніпро, пр-т Д.Яворницького, 88', NULL, 'пн-пт з 8:30 до 00:00; сб-вс з 10:00 до 00:00', NULL),
(85, 'ru', 43, 'Банкетный холл \"Корона\"', 'Банкетный холл \"Корона\"', 'Банкетный холл \"Корона\"', NULL, '2019-10-09 13:08:11', '2019-10-09 13:15:05', 'г. Днепр, ул. Радищева, 34', NULL, 'с 10:00 до 23:00', NULL),
(86, 'ua', 43, 'Банкетний хол \"Корона\"', 'Банкетний хол \"Корона\"', 'Банкетний хол \"Корона\"', NULL, '2019-10-09 13:08:11', '2019-10-09 13:15:05', 'м Дніпро, вул. Радищева, 34', NULL, 'з 10:00 до 23:00', NULL),
(87, 'ru', 44, 'Ресторация \"Бачевских\"', 'Ресторация \"Бачевских\"', 'Ресторация \"Бачевских\"', NULL, '2019-10-09 13:54:01', '2019-10-09 14:24:56', 'г. Львов, ул. Сапожная, 8', NULL, 'c 8:00 до 2:00', NULL),
(88, 'ua', 44, 'Ресторація \"Бачевських\"', 'Ресторація \"Бачевських\"', 'Ресторація \"Бачевських\"', NULL, '2019-10-09 13:54:01', '2019-10-09 14:24:56', 'м. Львів, вул. Шевська, 8', NULL, 'з 8:00 до 2:00', NULL),
(89, 'ru', 45, '\"Самый дорогой ресторан Галиции\"', 'Самый дорогой ресторан Галиции', 'Самый дорогой ресторан Галиции', NULL, '2019-10-09 15:00:39', '2019-10-09 15:05:53', 'г. Львов, пл. Рынок, 14', NULL, 'с 14:00 до 00:00', NULL),
(90, 'ua', 45, '\"Найдорожча ресторація Галичини\"', 'Найдорожча ресторація Галичини', 'Найдорожча ресторація Галичини', NULL, '2019-10-09 15:00:39', '2019-10-09 15:05:53', 'м. Львів, пл. Ринок, 14', NULL, 'з 14:00 до 00:00', NULL),
(91, 'ru', 46, 'Ресторан \"Дом легенд\"', 'Ресторан \"Дом легенд\"', 'Ресторан \"Дом легенд\"', NULL, '2019-10-10 09:49:44', '2019-10-10 09:49:44', NULL, NULL, 'с 11:00 до 22:00', NULL),
(92, 'ua', 46, 'Ресторан \"Дім легенд\"', 'Ресторан \"Дім легенд\"', 'Ресторан \"Дім легенд\"', NULL, '2019-10-10 09:49:44', '2019-10-10 09:49:44', NULL, NULL, 'з 11:00 до 22:00', NULL),
(93, 'ru', 47, 'Ресторан \"Mon Chef\"', 'Ресторан \"Mon Chef\"', 'Ресторан \"Mon Chef\"', NULL, '2019-10-10 09:58:51', '2019-10-10 09:58:51', NULL, NULL, 'пн-пт с 11:00 до 23:00; сб-нд с 12:00 до 23:00', NULL),
(94, 'ua', 47, 'Ресторан \"Mon Chef\"', 'Ресторан \"Mon Chef\"', 'Ресторан \"Mon Chef\"', NULL, '2019-10-10 09:58:51', '2019-10-10 09:58:51', NULL, NULL, 'пн-пт с 11:00 до 23:00; сб-нд с 12:00 до 23:00', NULL),
(95, 'ru', 48, 'Семейный ресторан \"Love & Lviv\"', 'Семейный ресторан \"Love & Lviv\"', 'Семейный ресторан \"Love & Lviv\"', NULL, '2019-10-10 11:45:24', '2019-10-10 11:45:24', NULL, NULL, 'с 11:00 до 23:00', NULL),
(96, 'ua', 48, 'Сімейний ресторан \"Love & Lviv\"', 'Сімейний ресторан \"Love & Lviv\"', 'Сімейний ресторан \"Love & Lviv\"', NULL, '2019-10-10 11:45:24', '2019-10-10 11:45:24', NULL, NULL, 'з 11:00 до 23:00', NULL),
(97, 'ru', 49, 'Ресторан \"Сенатор\"', 'Ресторан \"Сенатор\"', 'Ресторан \"Сенатор\"', NULL, '2019-10-10 12:56:36', '2019-10-10 12:56:36', NULL, NULL, 'с 11:00 до 01:00', NULL),
(98, 'ua', 49, 'Ресторан \"Сенатор\"', 'Ресторан \"Сенатор\"', 'Ресторан \"Сенатор\"', NULL, '2019-10-10 12:56:36', '2019-10-10 12:56:36', NULL, NULL, 'з 11:00 до 01:00', NULL),
(99, 'ru', 50, 'Ресторан \"Колыба\"', 'Ресторан \"Колыба\"', 'Ресторан \"Колыба\"', NULL, '2019-10-10 13:13:06', '2019-10-10 13:13:06', NULL, NULL, 'с 11:00 до 23:00', NULL),
(100, 'ua', 50, 'Ресторан \"Колиба\"', 'Ресторан \"Колиба\"', 'Ресторан \"Колиба\"', NULL, '2019-10-10 13:13:06', '2019-10-10 13:13:06', NULL, NULL, 'з 11:00 до 23:00', NULL),
(101, 'ru', 51, 'Ресторан \"Альфонсо\"', 'Ресторан \"Альфонсо\"', 'Ресторан \"Альфонсо\"', NULL, '2019-10-10 13:22:12', '2019-10-10 13:22:12', NULL, NULL, 'с 11:00 до 00:00', NULL),
(102, 'ua', 51, 'Ресторан \"Альфонсо\"', 'Ресторан \"Альфонсо\"', 'Ресторан \"Альфонсо\"', NULL, '2019-10-10 13:22:12', '2019-10-10 13:22:12', NULL, NULL, 'з 11:00 до 00:00', NULL),
(103, 'ru', 52, 'Ресторан \"Банкетхолл\"', 'Ресторан \"Банкетхолл\"', 'Ресторан \"Банкетхолл\"', NULL, '2019-10-10 13:29:12', '2019-10-10 13:29:12', NULL, NULL, 'с 11:00 до 00:00', NULL),
(104, 'ua', 52, 'Ресторан \"Банкетхолл\"', 'Ресторан \"Банкетхолл\"', 'Ресторан \"Банкетхолл\"', NULL, '2019-10-10 13:29:12', '2019-10-10 13:29:12', NULL, NULL, 'з 11:00 до 00:00', NULL),
(105, 'ru', 53, 'Ресторан \"Старый Чернигов\"', 'Ресторан \"Старый Чернигов\"', 'Ресторан \"Старый Чернигов\"', NULL, '2019-10-10 13:41:40', '2019-10-10 13:41:40', NULL, NULL, 'с 11:00 до 00:00', NULL),
(106, 'ua', 53, 'Ресторан \"Старий Чернігів\"', 'Ресторан \"Старий Чернігів\"', 'Ресторан \"Старий Чернігів\"', NULL, '2019-10-10 13:41:40', '2019-10-10 13:41:40', NULL, NULL, 'з 11:00 до 00:00', NULL),
(107, 'ru', 54, 'Ресторанно-отельный комплекс \"Подкова\"', 'Ресторанно-отельный комплекс \"Подкова\"', 'Ресторанно-отельный комплекс \"Подкова\"', NULL, '2019-10-11 13:32:24', '2019-10-11 13:32:24', NULL, NULL, 'с 12:00 до 00:00', NULL),
(108, 'ua', 54, 'Ресторанно-готельний комплекс \"Підкова\"', 'Ресторанно-готельний комплекс \"Підкова\"', 'Ресторанно-готельний комплекс \"Підкова\"', NULL, '2019-10-11 13:32:24', '2019-10-11 13:32:24', NULL, NULL, 'з 12:00 до 00:00', NULL),
(109, 'ru', 55, 'Ресторан \"La Riva\"', 'Ресторан \"La Riva\"', 'Ресторан \"La Riva\"', NULL, '2019-10-11 14:13:04', '2019-10-11 14:13:04', NULL, NULL, 'с 10:00 до 23:00', NULL),
(110, 'ua', 55, 'Ресторан \"La Riva\"', 'Ресторан \"La Riva\"', 'Ресторан \"La Riva\"', NULL, '2019-10-11 14:13:04', '2019-10-11 14:13:04', NULL, NULL, 'з 10:00 до 23:00', NULL),
(111, 'ru', 56, 'Ресторан \"Фламинго\"', 'Ресторан \"Фламинго\"', 'Ресторан \"Фламинго\"', NULL, '2019-10-11 14:27:00', '2019-10-11 14:27:00', NULL, NULL, 'с 12:00 до 01:00', NULL),
(112, 'ua', 56, 'Ресторан \"Фламінго\"', 'Ресторан \"Фламінго\"', 'Ресторан \"Фламінго\"', NULL, '2019-10-11 14:27:00', '2019-10-11 14:27:00', NULL, NULL, 'з 12:00 до 01:00', NULL),
(113, 'ru', 57, 'Ресторан \"Меланж\"', 'Ресторан \"Меланж\"', 'Ресторан \"Меланж\"', NULL, '2019-10-11 14:47:33', '2019-10-11 14:47:33', NULL, NULL, 'с 12:00 до 23:00', NULL),
(114, 'ua', 57, 'Ресторан \"Меланж\"', 'Ресторан \"Меланж\"', 'Ресторан \"Меланж\"', NULL, '2019-10-11 14:47:33', '2019-10-11 14:47:33', NULL, NULL, 'з 12:00 до 23:00', NULL),
(115, 'ru', 58, 'Ресторан \"Dvir\"', 'Ресторан \"Dvir\"', 'Ресторан \"Dvir\"', NULL, '2019-10-11 15:05:02', '2019-10-11 15:05:02', NULL, NULL, 'с 11:00 до 23:00', NULL),
(116, 'ua', 58, 'Ресторан \"Dvir\"', 'Ресторан \"Dvir\"', 'Ресторан \"Dvir\"', NULL, '2019-10-11 15:05:02', '2019-10-11 15:05:02', NULL, NULL, 'з 11:00 до 23:00', NULL),
(117, 'ru', 59, 'Ресторан \"Nairi Patio\"', 'Ресторан \"Nairi Patio\"', 'Ресторан \"Nairi Patio\"', NULL, '2019-10-11 15:19:58', '2019-10-11 15:19:58', NULL, NULL, 'вт-чт с 11:00 до 00:00; пт-сб с 11:00 до 03:00; вс с 11:00 до 01:00; пн-выходной', NULL),
(118, 'ua', 59, 'Ресторан \"Nairi Patio\"', 'Ресторан \"Nairi Patio\"', 'Ресторан \"Nairi Patio\"', NULL, '2019-10-11 15:19:58', '2019-10-11 15:19:58', NULL, NULL, 'вт-чт з 11:00 до 00:00; пт-сб  з 11:00 до 03:00; вс  з 11:00 до 01:00; пн-вихідний', NULL),
(119, 'ru', 60, 'Ресторан \"Aristocrate\"', 'Ресторан \"Aristocrate\"', 'Ресторан \"Aristocrate\"', NULL, '2019-10-11 15:40:08', '2019-10-11 15:40:08', NULL, NULL, 'с 11:00 до 23:00', NULL),
(120, 'ua', 60, 'Ресторан \"Aristocrate\"', 'Ресторан \"Aristocrate\"', 'Ресторан \"Aristocrate\"', NULL, '2019-10-11 15:40:08', '2019-10-11 15:40:08', NULL, NULL, 'з 11:00 до 23:00', NULL),
(121, 'ru', 61, 'Ресторан грузинской кухни \"OneGogi\"', 'Ресторан грузинской кухни \"OneGogi\"', 'Ресторан грузинской кухни \"OneGogi\"', NULL, '2019-10-15 10:06:25', '2019-10-15 10:06:25', NULL, NULL, 'c 10:30 до 22:00', NULL),
(122, 'ua', 61, 'Ресторан грузинської кухни \"OneGogi\"', 'Ресторан грузинської кухни \"OneGogi\"', 'Ресторан грузинської кухни \"OneGogi\"', NULL, '2019-10-15 10:06:25', '2019-10-15 10:06:25', NULL, NULL, 'з 10:30 до 22:00', NULL),
(123, 'ru', 62, 'Ресторан \"Вилла Олива\"', 'Ресторан \"Вилла Олива\"', 'Ресторан \"Вилла Олива\"', NULL, '2019-10-15 10:14:18', '2019-10-15 10:14:18', NULL, NULL, 'с 11:00 до 23:00', NULL),
(124, 'ua', 62, 'Ресторан \"Вілла Олива\"', 'Ресторан \"Вілла Олива\"', 'Ресторан \"Вілла Олива\"', NULL, '2019-10-15 10:14:18', '2019-10-15 10:14:18', NULL, NULL, 'з 11:00 до 23:00', NULL),
(125, 'ru', 63, 'Трактир \"У камина\"', 'Трактир \"У камина\"', 'Трактир \"У камина\"', NULL, '2019-10-15 10:25:20', '2019-10-15 10:25:20', NULL, NULL, 'с 11:00 - до последнего клиентна', NULL),
(126, 'ua', 63, 'Трактир \"Біля каміна\"', 'Трактир \"Біля каміна\"', 'Трактир \"Біля каміна\"', NULL, '2019-10-15 10:25:20', '2019-10-15 10:25:20', NULL, NULL, 'з 11:00 – до останнього клиєнта', NULL),
(127, 'ru', 64, 'Ресторан \"Корона Витовта\"', 'Ресторан \"Корона Витовта\"', 'Ресторан \"Корона Витовта\"', NULL, '2019-10-15 10:37:19', '2019-10-15 10:37:19', NULL, NULL, 'с 12:00 до 23:00', NULL),
(128, 'ua', 64, 'Ресторан \"Корона Витовта\"', 'Ресторан \"Корона Витовта\"', 'Ресторан \"Корона Витовта\"', NULL, '2019-10-15 10:37:19', '2019-10-15 10:37:19', NULL, NULL, 'з  12:00 до 23:00', NULL),
(129, 'ru', 65, 'Ресторан \"Черное Золото\"', 'Ресторан \"Черное Золото\"', 'Ресторан \"Черное Золото\"', NULL, '2019-10-15 11:49:45', '2019-10-15 11:49:45', NULL, NULL, 'с 10:00 до 23:00', NULL),
(130, 'ua', 65, 'Ресторан \"Чорне Золото\"', 'Ресторан \"Чорне Золото\"', 'Ресторан \"Чорне Золото\"', NULL, '2019-10-15 11:49:45', '2019-10-15 11:49:45', NULL, NULL, 'з 10:00 до 23:00', NULL),
(131, 'ru', 66, 'Ресторан \"Прага\"', 'Ресторан \"Прага\"', 'Ресторан \"Прага\"', NULL, '2019-10-15 11:59:26', '2019-10-15 11:59:26', NULL, NULL, 'с 10:00 до 23:00', NULL),
(132, 'ua', 66, 'Ресторан \"Прага\"', 'Ресторан \"Прага\"', 'Ресторан \"Прага\"', NULL, '2019-10-15 11:59:26', '2019-10-15 11:59:26', NULL, NULL, 'з 10:00 до 23:00', NULL),
(133, 'ru', 67, 'Ресторан \"Tereveni\"', 'Ресторан \"Tereveni\"', 'Ресторан \"Tereveni\"', NULL, '2019-10-15 12:19:41', '2019-10-15 12:19:41', NULL, NULL, 'с 10:00 до 23:00', NULL),
(134, 'ua', 67, 'Ресторан \"Tereveni\"', 'Ресторан \"Tereveni\"', 'Ресторан \"Tereveni\"', NULL, '2019-10-15 12:19:41', '2019-10-15 12:19:41', NULL, NULL, 'з 10:00 до 23:00', NULL),
(135, 'ru', 68, '\"Cafe de Vino\"', '\"Cafe de Vino\"', '\"Cafe de Vino\"', NULL, '2019-10-15 12:28:04', '2019-10-15 12:28:04', NULL, NULL, 'с 11:00 до 23:00', NULL),
(136, 'ua', 68, '\"Cafe de Vino\"', '\"Cafe de Vino\"', '\"Cafe de Vino\"', NULL, '2019-10-15 12:28:04', '2019-10-15 12:28:04', NULL, NULL, 'з 11:00 до 23:00', NULL),
(137, 'ru', 69, 'Ресторан \"Priroda\"', 'Ресторан \"Priroda\"', 'Ресторан \"Priroda\"', NULL, '2019-10-15 12:44:08', '2019-10-15 12:51:31', NULL, NULL, 'с 11:00 до 23:00', NULL),
(138, 'ua', 69, 'Ресторан \"Priroda\"', 'Ресторан \"Priroda\"', 'Ресторан \"Priroda\"', NULL, '2019-10-15 12:44:08', '2019-10-15 12:51:31', NULL, NULL, 'з 11:00 до 23:00', NULL),
(139, 'ru', 70, 'Ресторан \"Терновник\"', 'Ресторан \"Терновник\"', 'Ресторан \"Терновник\"', NULL, '2019-10-15 13:21:31', '2019-10-15 13:21:31', NULL, NULL, 'с 10:00 до 23:00', NULL),
(140, 'ua', 70, 'Ресторан \"Терновник\"', 'Ресторан \"Терновник\"', 'м', NULL, '2019-10-15 13:21:31', '2019-10-15 13:21:31', NULL, NULL, 'з 10:00 до 23:00', NULL),
(141, 'ru', 71, 'Ресторан \"Вилен\"', 'Ресторан \"Вилен\"', 'Ресторан \"Вилен\"', NULL, '2019-10-15 13:44:25', '2019-10-15 13:44:25', NULL, NULL, 'с 10:00 до 22:45', NULL),
(142, 'ua', 71, 'Ресторан \"Вилен\"', 'Ресторан \"Вилен\"', 'Ресторан \"Вилен\"', NULL, '2019-10-15 13:44:25', '2019-10-15 13:44:25', NULL, NULL, 'з 10:00 до 22:45', NULL),
(143, 'ru', 72, 'Ресторан \"Tango\"', 'Ресторан \"Tango\"', 'Ресторан \"Tango\"', NULL, '2019-10-15 13:57:25', '2019-10-15 13:57:25', NULL, NULL, 'с 10:00 до 22:00', NULL),
(144, 'ua', 72, 'Ресторан \"Tango\"', 'Ресторан \"Tango\"', 'Ресторан \"Tango\"', NULL, '2019-10-15 13:57:25', '2019-10-15 13:57:25', NULL, NULL, 'з 10:00 до 22:00', NULL),
(145, 'ru', 73, 'Ресторан \"Царское село\"', 'Ресторан \"Царское село\"', 'Ресторан \"Царское село\"', NULL, '2019-10-15 14:09:02', '2019-10-15 14:09:02', NULL, NULL, 'с 10:00 до 23:00', NULL),
(146, 'ua', 73, 'Ресторан \"Царське село\"', 'Ресторан \"Царське село\"', 'Ресторан \"Царське село\"', NULL, '2019-10-15 14:09:02', '2019-10-15 14:09:02', NULL, NULL, 'з 10:00 до 23:00', NULL);

--
-- Дамп данных таблицы `restaurants_restaurants_types`
--

INSERT INTO `restaurants_restaurants_types` (`id`, `restaurants_id`, `restaurants_types_id`, `created_at`, `updated_at`) VALUES
(1, 1, 1, NULL, NULL),
(351, 8, 1, NULL, NULL),
(352, 8, 3, NULL, NULL),
(374, 24, 8, NULL, NULL),
(375, 24, 7, NULL, NULL),
(376, 24, 6, NULL, NULL),
(377, 24, 3, NULL, NULL),
(378, 24, 5, NULL, NULL),
(379, 22, 6, NULL, NULL),
(380, 12, 6, NULL, NULL),
(381, 12, 3, NULL, NULL),
(382, 6, 3, NULL, NULL),
(383, 27, 6, NULL, NULL),
(384, 19, 4, NULL, NULL),
(385, 19, 6, NULL, NULL),
(390, 9, 3, NULL, NULL),
(391, 9, 5, NULL, NULL),
(392, 5, 4, NULL, NULL),
(393, 5, 3, NULL, NULL),
(394, 5, 5, NULL, NULL),
(395, 23, 7, NULL, NULL),
(396, 23, 6, NULL, NULL),
(397, 23, 3, NULL, NULL),
(398, 25, 6, NULL, NULL),
(399, 7, 1, NULL, NULL),
(400, 7, 4, NULL, NULL),
(401, 7, 3, NULL, NULL),
(402, 4, 7, NULL, NULL),
(403, 4, 3, NULL, NULL),
(404, 26, 6, NULL, NULL),
(405, 26, 3, NULL, NULL),
(406, 10, 7, NULL, NULL),
(407, 10, 3, NULL, NULL),
(410, 28, 6, NULL, NULL),
(411, 28, 3, NULL, NULL),
(413, 2, 4, NULL, NULL),
(414, 21, 6, NULL, NULL),
(415, 21, 3, NULL, NULL),
(416, 20, 1, NULL, NULL),
(417, 20, 4, NULL, NULL),
(418, 18, 6, NULL, NULL),
(419, 18, 3, NULL, NULL),
(421, 3, 3, NULL, NULL),
(422, 17, 1, NULL, NULL),
(423, 17, 4, NULL, NULL),
(424, 17, 3, NULL, NULL),
(425, 15, 7, NULL, NULL),
(426, 15, 6, NULL, NULL),
(427, 15, 3, NULL, NULL),
(428, 14, 7, NULL, NULL),
(429, 14, 4, NULL, NULL),
(430, 14, 6, NULL, NULL),
(431, 14, 3, NULL, NULL),
(432, 13, 7, NULL, NULL),
(433, 13, 3, NULL, NULL),
(434, 16, 3, NULL, NULL),
(438, 31, 3, NULL, NULL),
(443, 32, 3, NULL, NULL),
(447, 33, 6, NULL, NULL),
(448, 34, 3, NULL, NULL),
(450, 35, 3, NULL, NULL),
(452, 36, 3, NULL, NULL),
(453, 37, 3, NULL, NULL),
(454, 38, 3, NULL, NULL),
(466, 39, 6, NULL, NULL),
(469, 40, 3, NULL, NULL),
(470, 40, 5, NULL, NULL),
(483, 42, 6, NULL, NULL),
(484, 42, 3, NULL, NULL),
(485, 41, 6, NULL, NULL),
(486, 41, 3, NULL, NULL),
(489, 43, 3, NULL, NULL),
(493, 44, 3, NULL, NULL),
(495, 29, 3, NULL, NULL),
(500, 30, 3, NULL, NULL),
(501, 45, 3, NULL, NULL),
(502, 46, 6, NULL, NULL),
(504, 47, 3, NULL, NULL),
(507, 48, 3, NULL, NULL),
(509, 49, 3, NULL, NULL),
(510, 50, 3, NULL, NULL),
(512, 51, 3, NULL, NULL),
(514, 52, 3, NULL, NULL),
(516, 53, 3, NULL, NULL),
(517, 54, 4, NULL, NULL),
(521, 56, 3, NULL, NULL),
(523, 57, 3, NULL, NULL),
(525, 58, 3, NULL, NULL),
(527, 59, 3, NULL, NULL),
(529, 60, 3, NULL, NULL),
(530, 11, 6, NULL, NULL),
(531, 11, 3, NULL, NULL),
(532, 55, 3, NULL, NULL),
(533, 61, 3, NULL, NULL),
(534, 62, 6, NULL, NULL),
(535, 63, 6, NULL, NULL),
(536, 64, 3, NULL, NULL),
(537, 65, 3, NULL, NULL),
(538, 66, 6, NULL, NULL),
(539, 66, 3, NULL, NULL),
(540, 67, 6, NULL, NULL),
(541, 68, 6, NULL, NULL),
(542, 68, 3, NULL, NULL),
(544, 69, 3, NULL, NULL),
(546, 70, 3, NULL, NULL),
(547, 71, 3, NULL, NULL),
(548, 72, 3, NULL, NULL),
(550, 73, 3, NULL, NULL),
(552, 74, 8, NULL, NULL),
(553, 75, 6, NULL, NULL),
(554, 75, 3, NULL, NULL);

--
-- Дамп данных таблицы `restaurants_schedules`
--

INSERT INTO `restaurants_schedules` (`id`, `restaurants_id`, `date`, `status`, `created_at`, `updated_at`) VALUES
(1, 2, '2019-12-26', 1, '2019-12-26 02:21:46', '2019-12-26 02:21:46'),
(2, 24, '2019-12-26', 2, '2019-12-26 02:37:40', '2019-12-26 02:37:40'),
(3, 5, '2019-12-28', 1, '2019-12-27 02:55:54', '2019-12-27 02:55:54'),
(4, 5, '2019-12-29', 1, '2019-12-27 02:55:57', '2019-12-27 02:55:57'),
(5, 5, '2019-12-30', 1, '2019-12-27 02:56:00', '2019-12-27 02:56:00'),
(6, 2, '2020-02-03', 1, '2020-02-02 14:39:15', '2020-02-02 14:39:15'),
(7, 2, '2020-02-04', 1, '2020-02-02 14:39:19', '2020-02-02 14:39:19'),
(8, 2, '2020-02-06', 0, '2020-02-03 13:53:51', '2020-02-03 13:53:58'),
(9, 2, '2020-02-07', 1, '2020-02-03 13:53:55', '2020-02-03 13:53:55');

--
-- Дамп данных таблицы `restaurant_types`
--

INSERT INTO `restaurant_types` (`id`, `uri`, `sorting`, `active`, `created_at`, `updated_at`) VALUES
(1, 'country', 0, 1, '2019-09-23 06:32:43', '2019-09-23 06:32:43'),
(3, 'banquet-halls', 0, 1, '2019-09-23 15:21:14', '2019-09-23 16:20:01'),
(4, 'hotel-and-restaurant-complexes', 0, 1, '2019-09-23 15:22:37', '2019-09-23 16:19:41'),
(5, 'Beer-Restaurants', 0, 1, '2019-09-23 15:24:42', '2019-09-23 16:20:03'),
(6, 'Cafe-Catering', 0, 1, '2019-09-23 15:25:55', '2019-09-23 16:19:45'),
(7, 'Karaoke-Halls', 0, 1, '2019-09-23 15:26:41', '2019-09-23 16:19:32'),
(8, 'Night-clubs', 0, 1, '2019-09-23 15:27:38', '2019-09-23 16:19:20');

--
-- Дамп данных таблицы `restaurant_types_langs`
--

INSERT INTO `restaurant_types_langs` (`id`, `lang`, `restaurant_types_id`, `heading`, `seo_title`, `seo_description`, `seo_text`, `created_at`, `updated_at`) VALUES
(1, 'ru', 1, 'Загородные рестораны', 'Загородные рестораны', 'Загородные рестораны', '<p>Загородный ресторан</p>', '2019-09-23 06:32:43', '2019-09-23 15:11:25'),
(2, 'ua', 1, 'Заміські ресторани', 'Заміські ресторани', 'Заміські ресторани', '<p>Заміський ресторан</p>', '2019-09-23 06:32:43', '2019-09-23 15:11:25'),
(5, 'ru', 3, 'Банкетные залы', 'Банкетные залы', 'Банкетные залы', NULL, '2019-09-23 15:21:14', '2019-09-23 15:21:14'),
(6, 'ua', 3, 'Банкетні зали', 'Банкетні зали', 'Банкетні зали', NULL, '2019-09-23 15:21:14', '2019-09-23 15:21:14'),
(7, 'ru', 4, 'Отельно-ресторанные комплексы', 'Отельно-ресторанные комплексы', 'Отельно-ресторанные комплексы', NULL, '2019-09-23 15:22:38', '2019-09-23 15:22:38'),
(8, 'ua', 4, 'Готельно-ресторанні комплекси', 'Готельно-ресторанні комплекси', 'Готельно-ресторанні комплекси', NULL, '2019-09-23 15:22:38', '2019-09-23 15:22:38'),
(9, 'ru', 5, 'Пивные рестораны', 'Пивные рестораны', 'Пивные рестораны', NULL, '2019-09-23 15:24:42', '2019-09-23 15:24:42'),
(10, 'ua', 5, 'Пивні ресторани', 'Пивні ресторани', 'Пивні ресторани', NULL, '2019-09-23 15:24:42', '2019-09-23 15:24:42'),
(11, 'ru', 6, 'Кафе. Кейтеринг', 'Кафе. Кейтеринг', 'Кафе. Кейтеринг', NULL, '2019-09-23 15:25:55', '2019-09-23 15:25:55'),
(12, 'ua', 6, 'Кафе. Кейтеринг', 'Кафе. Кейтеринг', 'Кафе. Кейтеринг', NULL, '2019-09-23 15:25:55', '2019-09-23 15:25:55'),
(13, 'ru', 7, 'Караоке-залы', 'Караоке-залы', 'Караоке-залы', NULL, '2019-09-23 15:26:41', '2019-09-23 15:26:41'),
(14, 'ua', 7, 'Караоке-зали', 'Караоке-зали', 'Караоке-зали', NULL, '2019-09-23 15:26:41', '2019-09-23 15:26:41'),
(15, 'ru', 8, 'Ночные клубы', 'Ночные клубы', 'Ночные клубы', NULL, '2019-09-23 15:27:38', '2019-09-23 15:27:38'),
(16, 'ua', 8, 'Нічні клуби', 'Нічні клуби', 'Нічні клуби', NULL, '2019-09-23 15:27:38', '2019-09-23 15:27:38');

--
-- Дамп данных таблицы `roles`
--

INSERT INTO `roles` (`id`, `alias`, `created_at`, `updated_at`, `restaurant_role`) VALUES
(1, 'customer', NULL, NULL, 0),
(2, 'client_manager', NULL, NULL, 0),
(3, 'content_manager', NULL, NULL, 0),
(4, 'restaurant_manager', NULL, NULL, 1),
(5, 'restaurant', NULL, NULL, 1),
(6, 'seo', NULL, NULL, 0),
(7, 'administrator', NULL, NULL, 0),
(8, 'superuser', NULL, NULL, 0),
(11, 'restaurant_administrator', NULL, NULL, 1);

--
-- Дамп данных таблицы `roles_langs`
--

INSERT INTO `roles_langs` (`id`, `roles_id`, `lang`, `name`, `created_at`, `updated_at`) VALUES
(4, 1, 'ru', 'Клиент', '2020-01-22 21:22:38', '2020-01-22 21:22:38'),
(5, 1, 'ua', 'Клієнт', '2020-01-22 21:22:38', '2020-01-22 21:22:38'),
(6, 2, 'ru', 'Менеджер', '2020-01-22 21:22:59', '2020-01-22 21:22:59'),
(7, 2, 'ua', 'Менеджер', '2020-01-22 21:22:59', '2020-01-22 21:22:59'),
(8, 3, 'ru', 'Контент менеджер', '2020-01-22 21:23:22', '2020-01-22 21:23:22'),
(9, 3, 'ua', 'Контент менеджер', '2020-01-22 21:23:22', '2020-01-22 21:23:22'),
(10, 4, 'ru', 'Управляющий рестораном', '2020-01-22 21:23:53', '2020-01-22 21:27:43'),
(11, 4, 'ua', 'Керуючий рестораном', '2020-01-22 21:23:53', '2020-01-22 21:27:43'),
(12, 5, 'ru', 'Владелец ресторана', '2020-01-22 21:24:23', '2020-01-22 21:24:23'),
(13, 5, 'ua', 'Власник ресторану', '2020-01-22 21:24:23', '2020-01-22 21:24:23'),
(14, 6, 'ru', 'SEO-специалист', '2020-01-22 21:24:55', '2020-01-22 21:24:55'),
(15, 6, 'ua', 'SEO-спеціаліст', '2020-01-22 21:24:55', '2020-01-22 21:24:55'),
(16, 7, 'ru', 'Администратор', '2020-01-22 21:25:17', '2020-01-22 21:25:17'),
(17, 7, 'ua', 'Адміністратор', '2020-01-22 21:25:17', '2020-01-22 21:25:17'),
(18, 8, 'ru', 'Разработчик', '2020-01-22 21:25:40', '2020-01-22 21:25:40'),
(19, 8, 'ua', 'Розробник', '2020-01-22 21:25:40', '2020-01-22 21:25:40'),
(20, 11, 'ru', 'Администратор ресторана', '2020-01-22 21:28:16', '2020-01-22 21:28:16'),
(21, 11, 'ua', 'Адміністратор ресторану', '2020-01-22 21:28:16', '2020-01-22 21:28:16');

--
-- Дамп данных таблицы `role_user`
--

INSERT INTO `role_user` (`id`, `role_id`, `user_id`, `created_at`, `updated_at`) VALUES
(2, 1, 2, NULL, NULL),
(3, 1, 3, NULL, NULL),
(6, 1, 4, NULL, NULL),
(7, 1, 5, NULL, NULL),
(8, 1, 6, NULL, NULL),
(9, 1, 7, NULL, NULL),
(10, 1, 8, NULL, NULL),
(11, 1, 9, NULL, NULL),
(12, 1, 10, NULL, NULL),
(13, 1, 11, NULL, NULL),
(14, 1, 12, NULL, NULL),
(18, 1, 1, NULL, NULL),
(19, 8, 1, NULL, NULL),
(20, 11, 1, NULL, NULL),
(21, 4, 1, NULL, NULL),
(22, 5, 1, NULL, NULL);

--
-- Дамп данных таблицы `staff`
--

INSERT INTO `staff` (`id`, `restaurant_id`, `user_id`, `role_id`, `created_at`, `updated_at`) VALUES
(2, 11, 10, 4, '2020-02-03 13:17:48', '2020-02-03 13:17:48'),
(5, 2, 1, 11, '2020-02-26 22:52:27', '2020-02-26 22:52:27'),
(6, 2, 1, 4, '2020-02-26 23:32:44', '2020-02-26 23:32:44'),
(7, 2, 1, 5, '2020-02-26 23:32:55', '2020-02-26 23:32:55');

--
-- Дамп данных таблицы `users`
--

INSERT INTO `users` (`id`, `name`, `surname`, `email`, `phone`, `second_phone`, `image_id`, `email_verified_at`, `password`, `remember_token`, `created_at`, `updated_at`, `phone_verified_at`, `verification_id`, `last_verification_attempt_at`) VALUES
(1, 'Viktor', 'Skydanchuck', 'rikardo.verdo@gmail.com', '380501855309', NULL, NULL, NULL, '$2y$10$gXVlGWIG9rjwsfsVvRAvhusU06KZXq53mnX4S7gDr66mFnlUY9q1a', 'aFYVDXBxTdL8jBgYP47VNO61t24xw84Mj4mjLmZthKd7xRmM7F3vLEE8vvoa', '2019-09-23 06:32:43', '2020-01-18 10:40:17', '2020-01-18 10:40:17', NULL, NULL),
(10, 'Виктор', NULL, 'verdo@gmail.com', '380669999999', NULL, NULL, NULL, '$2y$10$0/WyF2RvU995e3IIZ4fMuuOQuv9fq67RQr1q8ZAqqiZ2o/8XMLj4y', NULL, '2020-01-13 16:18:27', '2020-01-13 16:18:27', NULL, NULL, NULL),
(11, 'test', NULL, 'r2d2@gmail.com', '380669999999', NULL, NULL, NULL, '$2y$10$54geCoyyskF9mNUOQbUl/Oh/.G9z/eAPxHxQiWMivf5s79U0EHXYS', NULL, '2020-01-14 08:39:35', '2020-01-14 08:39:41', NULL, 'fa81dd37cee04f4895816df6d93af418', NULL),
(12, 'test', NULL, 'r3d3@gmail.com', '380501855309', NULL, NULL, NULL, '$2y$10$gl.uv3sQEbh117V4ADyc7e96GNgql62FqXsrFrfiOsAjUcleDhc3.', NULL, '2020-01-14 08:43:12', '2020-01-14 08:43:13', NULL, '267f4a6ff496400e948402ebc5cffe42', NULL);
COMMIT;

/*!40101 SET CHARACTER_SET_CLIENT=@OLD_CHARACTER_SET_CLIENT */;
/*!40101 SET CHARACTER_SET_RESULTS=@OLD_CHARACTER_SET_RESULTS */;
/*!40101 SET COLLATION_CONNECTION=@OLD_COLLATION_CONNECTION */;
